city,year,window_start,window_end,tile_id,date,cloud_cover,satellite,collection,bbox
Ahmedabad,2020,2020-01-01,2020-03-31,S2B_MSIL2A_20200103T054229_N0500_R005_T43QBF_20230425T132710,2020-01-03 05:42:29.024000+00:00,25.35,sentinel-2b,sentinel-2-l2a,"[72.06277765081033, 22.492285747429843, 73.15072331054475, 23.499415707380248]"
Ahmedabad,2020,2020-01-01,2020-03-31,S2B_MSIL2A_20200103T054229_N0500_R005_T42QZL_20230425T132710,2020-01-03 05:42:29.024000+00:00,32.57,sentinel-2b,sentinel-2-l2a,"[71.91547256514936, 22.46947930559413, 73.01001413703263, 23.482867240428334]"
Ahmedabad,2020,2020-01-01,2020-03-31,S2A_MSIL2A_20200108T054221_N0500_R005_T43QBF_20230423T135525,2020-01-08 05:42:21.024000+00:00,18.97,sentinel-2a,sentinel-2-l2a,"[72.06277765081033, 22.492285747429843, 73.15072331054475, 23.499415707380248]"
Ahmedabad,2020,2020-01-01,2020-03-31,S2A_MSIL2A_20200108T054221_N0500_R005_T42QZL_20230423T135525,2020-01-08 05:42:21.024000+00:00,17.54,sentinel-2a,sentinel-2-l2a,"[71.91547256514936, 22.46947930559413, 73.01001413703263, 23.482867240428334]"
Ahmedabad,2020,2020-01-01,2020-03-31,S2B_MSIL2A_20200113T054209_N0500_R005_T43QBF_20230429T143447,2020-01-13 05:42:09.024000+00:00,79.89,sentinel-2b,sentinel-2-l2a,"[72.06277765081033, 22.492285747429843, 73.15072331054475, 23.499415707380248]"
Ahmedabad,2020,2020-01-01,2020-03-31,S2A_MSIL2A_20200118T054151_N0500_R005_T43QBF_20230423T153442,2020-01-18 05:41:51.024000+00:00,0.0,sentinel-2a,sentinel-2-l2a,"[72.06277765081033, 22.492285747429843, 73.15072331054475, 23.499415707380248]"
Ahmedabad,2020,2020-01-01,2020-03-31,S2A_MSIL2A_20200118T054151_N0500_R005_T42QZL_20230423T153442,2020-01-18 05:41:51.024000+00:00,0.0,sentinel-2a,sentinel-2-l2a,"[71.91547256514936, 22.46947930559413, 73.01001413703263, 23.482867240428334]"
Ahmedabad,2020,2020-01-01,2020-03-31,S2B_MSIL2A_20200123T054129_N0500_R005_T43QBF_20230427T073052,2020-01-23 05:41:29.024000+00:00,0.0,sentinel-2b,sentinel-2-l2a,"[72.06277765081033, 22.492285747429843, 73.15072331054475, 23.499415707380248]"
Ahmedabad,2020,2020-01-01,2020-03-31,S2B_MSIL2A_20200123T054129_N0500_R005_T42QZL_20230427T073052,2020-01-23 05:41:29.024000+00:00,0.0,sentinel-2b,sentinel-2-l2a,"[71.91547256514936, 22.46947930559413, 73.01001413703263, 23.482867240428334]"
Ahmedabad,2020,2020-01-01,2020-03-31,S2A_MSIL2A_20200128T054101_N0500_R005_T43QBF_20230428T160622,2020-01-28 05:41:01.024000+00:00,42.21,sentinel-2a,sentinel-2-l2a,"[72.06277765081033, 22.492285747429843, 73.15072331054475, 23.499415707380248]"
Ahmedabad,2020,2020-01-01,2020-03-31,S2A_MSIL2A_20200128T054101_N0500_R005_T42QZL_20230428T160622,2020-01-28 05:41:01.024000+00:00,35.94,sentinel-2a,sentinel-2-l2a,"[71.91547256514936, 22.46947930559413, 73.01001413703263, 23.482867240428334]"
Ahmedabad,2020,2020-01-01,2020-03-31,S2B_MSIL2A_20200202T054039_N0500_R005_T43QBF_20230601T222704,2020-02-02 05:40:39.024000+00:00,8.12,sentinel-2b,sentinel-2-l2a,"[72.06277765081033, 22.492285747429843, 73.15072331054475, 23.499415707380248]"
Ahmedabad,2020,2020-01-01,2020-03-31,S2B_MSIL2A_20200202T054039_N0500_R005_T42QZL_20230601T222704,2020-02-02 05:40:39.024000+00:00,7.82,sentinel-2b,sentinel-2-l2a,"[71.91547256514936, 22.46947930559413, 73.01001413703263, 23.482867240428334]"
Ahmedabad,2020,2020-01-01,2020-03-31,S2A_MSIL2A_20200207T054011_N0500_R005_T43QBF_20230429T123755,2020-02-07 05:40:11.024000+00:00,0.0,sentinel-2a,sentinel-2-l2a,"[72.062778, 22.492286, 73.150723, 23.499416]"
Ahmedabad,2020,2020-01-01,2020-03-31,S2A_MSIL2A_20200207T054011_N0500_R005_T42QZL_20230429T123755,2020-02-07 05:40:11.024000+00:00,0.0,sentinel-2a,sentinel-2-l2a,"[71.91547256514936, 22.46947930559413, 73.01001413703263, 23.482867240428334]"
Ahmedabad,2020,2020-01-01,2020-03-31,S2B_MSIL2A_20200212T053939_N0500_R005_T43QBF_20230701T140515,2020-02-12 05:39:39.024000+00:00,0.0,sentinel-2b,sentinel-2-l2a,"[72.06277765081033, 22.492285747429843, 73.15072331054475, 23.499415707380248]"
Ahmedabad,2020,2020-01-01,2020-03-31,S2B_MSIL2A_20200212T053939_N0500_R005_T42QZL_20230701T140515,2020-02-12 05:39:39.024000+00:00,0.0,sentinel-2b,sentinel-2-l2a,"[71.91547256514936, 22.46947930559413, 73.01001413703263, 23.482867240428334]"
Ahmedabad,2020,2020-01-01,2020-03-31,S2A_MSIL2A_20200217T053911_N0500_R005_T43QBF_20230506T042237,2020-02-17 05:39:11.024000+00:00,0.0,sentinel-2a,sentinel-2-l2a,"[72.06277765081033, 22.492285747429843, 73.15072331054475, 23.499415707380248]"
Ahmedabad,2020,2020-01-01,2020-03-31,S2A_MSIL2A_20200217T053911_N0500_R005_T42QZL_20230506T042237,2020-02-17 05:39:11.024000+00:00,0.0,sentinel-2a,sentinel-2-l2a,"[71.91547256514936, 22.46947930559413, 73.01001413703263, 23.482867240428334]"
Ahmedabad,2020,2020-01-01,2020-03-31,S2B_MSIL2A_20200222T053839_N0500_R005_T43QBF_20230423T072002,2020-02-22 05:38:39.024000+00:00,0.0,sentinel-2b,sentinel-2-l2a,"[72.06277765081033, 22.492285747429843, 73.15072331054475, 23.499415707380248]"
Ahmedabad,2020,2020-01-01,2020-03-31,S2B_MSIL2A_20200222T053839_N0500_R005_T42QZL_20230423T072002,2020-02-22 05:38:39.024000+00:00,0.0,sentinel-2b,sentinel-2-l2a,"[71.91547256514936, 22.46947930559413, 73.01001413703263, 23.482867240428334]"
Ahmedabad,2020,2020-01-01,2020-03-31,S2A_MSIL2A_20200227T053801_N0500_R005_T43QBF_20230424T014659,2020-02-27 05:38:01.025000+00:00,0.0,sentinel-2a,sentinel-2-l2a,"[72.06277765081033, 22.492285747429843, 73.15072331054475, 23.499415707380248]"
Ahmedabad,2020,2020-01-01,2020-03-31,S2A_MSIL2A_20200227T053801_N0500_R005_T42QZL_20230424T014659,2020-02-27 05:38:01.025000+00:00,0.0,sentinel-2a,sentinel-2-l2a,"[71.91547256514936, 22.46947930559413, 73.01001413703263, 23.482867240428334]"
Ahmedabad,2020,2020-01-01,2020-03-31,S2B_MSIL2A_20200303T053729_N0500_R005_T43QBF_20230418T003818,2020-03-03 05:37:29.024000+00:00,0.0,sentinel-2b,sentinel-2-l2a,"[72.06277765081033, 22.492285747429843, 73.15072331054475, 23.499415707380248]"
Ahmedabad,2020,2020-01-01,2020-03-31,S2B_MSIL2A_20200303T053729_N0500_R005_T42QZL_20230418T003818,2020-03-03 05:37:29.024000+00:00,0.0,sentinel-2b,sentinel-2-l2a,"[71.91547256514936, 22.46947930559413, 73.01001413703263, 23.482867240428334]"
Ahmedabad,2020,2020-01-01,2020-03-31,S2A_MSIL2A_20200308T053651_N0500_R005_T43QBF_20230423T042301,2020-03-08 05:36:51.024000+00:00,0.0,sentinel-2a,sentinel-2-l2a,"[72.06277765081033, 22.492285747429843, 73.15072331054475, 23.499415707380248]"
Ahmedabad,2020,2020-01-01,2020-03-31,S2A_MSIL2A_20200308T053651_N0500_R005_T42QZL_20230423T042301,2020-03-08 05:36:51.024000+00:00,0.0,sentinel-2a,sentinel-2-l2a,"[71.91547256514936, 22.46947930559413, 73.01001413703263, 23.482867240428334]"
Ahmedabad,2020,2020-01-01,2020-03-31,S2A_MSIL2A_20200318T053641_N0500_R005_T43QBF_20230408T203916,2020-03-18 05:36:41.024000+00:00,3.57,sentinel-2a,sentinel-2-l2a,"[72.06277765081033, 22.492285747429843, 73.15072331054475, 23.499415707380248]"
Ahmedabad,2020,2020-01-01,2020-03-31,S2A_MSIL2A_20200318T053641_N0500_R005_T42QZL_20230408T203916,2020-03-18 05:36:41.024000+00:00,2.19,sentinel-2a,sentinel-2-l2a,"[71.91547256514936, 22.46947930559413, 73.01001413703263, 23.482867240428334]"
Ahmedabad,2020,2020-01-01,2020-03-31,S2B_MSIL2A_20200323T053639_N0500_R005_T43QBF_20230409T015653,2020-03-23 05:36:39.024000+00:00,31.63,sentinel-2b,sentinel-2-l2a,"[72.06277765081033, 22.492285747429843, 73.15072331054475, 23.499415707380248]"
Ahmedabad,2020,2020-01-01,2020-03-31,S2B_MSIL2A_20200323T053639_N0500_R005_T42QZL_20230409T015653,2020-03-23 05:36:39.024000+00:00,34.66,sentinel-2b,sentinel-2-l2a,"[71.91547256514936, 22.46947930559413, 73.01001413703263, 23.482867240428334]"
Ahmedabad,2020,2020-01-01,2020-03-31,S2A_MSIL2A_20200328T053641_N0500_R005_T43QBF_20230601T154807,2020-03-28 05:36:41.024000+00:00,0.0,sentinel-2a,sentinel-2-l2a,"[72.06277765081033, 22.492285747429843, 73.15072331054475, 23.499415707380248]"
Ahmedabad,2020,2020-01-01,2020-03-31,S2A_MSIL2A_20200328T053641_N0500_R005_T42QZL_20230601T154807,2020-03-28 05:36:41.024000+00:00,0.0,sentinel-2a,sentinel-2-l2a,"[71.91547256514936, 22.46947930559413, 73.01001413703263, 23.482867240428334]"
Ahmedabad,2021,2021-01-01,2021-03-31,S2A_MSIL2A_20210102T054231_N0500_R005_T43QBF_20230610T141140,2021-01-02 05:42:31.024000+00:00,48.94,sentinel-2a,sentinel-2-l2a,"[72.06277765081033, 22.492285747429843, 73.15072331054475, 23.499415707380248]"
Ahmedabad,2021,2021-01-01,2021-03-31,S2A_MSIL2A_20210102T054231_N0500_R005_T42QZL_20230610T141140,2021-01-02 05:42:31.024000+00:00,36.27,sentinel-2a,sentinel-2-l2a,"[71.91547256514936, 22.46947930559413, 73.01001413703263, 23.482867240428334]"
Ahmedabad,2021,2021-01-01,2021-03-31,S2B_MSIL2A_20210107T054219_N0500_R005_T43QBF_20230407T141353,2021-01-07 05:42:19.024000+00:00,13.93,sentinel-2b,sentinel-2-l2a,"[72.06277765081033, 22.492285747429843, 73.15072331054475, 23.499415707380248]"
Ahmedabad,2021,2021-01-01,2021-03-31,S2B_MSIL2A_20210107T054219_N0500_R005_T42QZL_20230407T141353,2021-01-07 05:42:19.024000+00:00,11.69,sentinel-2b,sentinel-2-l2a,"[71.91547256514936, 22.46947930559413, 73.01001413703263, 23.482867240428334]"
Ahmedabad,2021,2021-01-01,2021-03-31,S2A_MSIL2A_20210112T054211_N0500_R005_T43QBF_20230606T124854,2021-01-12 05:42:11.024000+00:00,0.0,sentinel-2a,sentinel-2-l2a,"[72.06277765081033, 22.492285747429843, 73.15072331054475, 23.499415707380248]"
Ahmedabad,2021,2021-01-01,2021-03-31,S2A_MSIL2A_20210112T054211_N0500_R005_T42QZL_20230606T124854,2021-01-12 05:42:11.024000+00:00,0.0,sentinel-2a,sentinel-2-l2a,"[71.91547256514936, 22.46947930559413, 73.01001413703263, 23.482867240428334]"
Ahmedabad,2021,2021-01-01,2021-03-31,S2B_MSIL2A_20210117T054149_N0500_R005_T43QBF_20230528T160015,2021-01-17 05:41:49.024000+00:00,0.0,sentinel-2b,sentinel-2-l2a,"[72.06277765081033, 22.492285747429843, 73.15072331054475, 23.499415707380248]"
Ahmedabad,2021,2021-01-01,2021-03-31,S2B_MSIL2A_20210117T054149_N0500_R005_T42QZL_20230528T160015,2021-01-17 05:41:49.024000+00:00,0.0,sentinel-2b,sentinel-2-l2a,"[71.91547256514936, 22.46947930559413, 73.01001413703263, 23.482867240428334]"
Ahmedabad,2021,2021-01-01,2021-03-31,S2A_MSIL2A_20210122T054131_N0500_R005_T43QBF_20230611T015510,2021-01-22 05:41:31.024000+00:00,0.0,sentinel-2a,sentinel-2-l2a,"[72.06277765081033, 22.492285747429843, 73.15072331054475, 23.499415707380248]"
Ahmedabad,2021,2021-01-01,2021-03-31,S2A_MSIL2A_20210122T054131_N0500_R005_T42QZL_20230611T015510,2021-01-22 05:41:31.024000+00:00,0.0,sentinel-2a,sentinel-2-l2a,"[71.91547256514936, 22.46947930559413, 73.01001413703263, 23.482867240428334]"
Ahmedabad,2021,2021-01-01,2021-03-31,S2B_MSIL2A_20210127T054109_N0500_R005_T43QBF_20230519T161107,2021-01-27 05:41:09.024000+00:00,1.11,sentinel-2b,sentinel-2-l2a,"[72.06277765081033, 22.492285747429843, 73.15072331054475, 23.499415707380248]"
Ahmedabad,2021,2021-01-01,2021-03-31,S2B_MSIL2A_20210127T054109_N0500_R005_T42QZL_20230519T161107,2021-01-27 05:41:09.024000+00:00,1.02,sentinel-2b,sentinel-2-l2a,"[71.91547256514936, 22.46947930559413, 73.01001413703263, 23.482867240428334]"
Ahmedabad,2021,2021-01-01,2021-03-31,S2A_MSIL2A_20210201T054041_N0500_R005_T43QBF_20230603T012031,2021-02-01 05:40:41.024000+00:00,0.0,sentinel-2a,sentinel-2-l2a,"[72.06277765081033, 22.492285747429843, 73.15072331054475, 23.499415707380248]"
Ahmedabad,2021,2021-01-01,2021-03-31,S2A_MSIL2A_20210201T054041_N0500_R005_T42QZL_20230603T012031,2021-02-01 05:40:41.024000+00:00,0.0,sentinel-2a,sentinel-2-l2a,"[71.91547256514936, 22.46947930559413, 73.01001413703263, 23.482867240428334]"
Ahmedabad,2021,2021-01-01,2021-03-31,S2B_MSIL2A_20210206T054019_N0500_R005_T43QBF_20230531T005457,2021-02-06 05:40:19.024000+00:00,0.0,sentinel-2b,sentinel-2-l2a,"[72.06277765081033, 22.492285747429843, 73.15072331054475, 23.499415707380248]"
Ahmedabad,2021,2021-01-01,2021-03-31,S2B_MSIL2A_20210206T054019_N0500_R005_T42QZL_20230531T005457,2021-02-06 05:40:19.024000+00:00,0.0,sentinel-2b,sentinel-2-l2a,"[71.91547256514936, 22.46947930559413, 73.01001413703263, 23.482867240428334]"
Ahmedabad,2021,2021-01-01,2021-03-31,S2A_MSIL2A_20210211T053941_N0500_R005_T43QBF_20230609T093359,2021-02-11 05:39:41.024000+00:00,49.99,sentinel-2a,sentinel-2-l2a,"[72.06277765081033, 22.492285747429843, 73.15072331054475, 23.499415707380248]"
Ahmedabad,2021,2021-01-01,2021-03-31,S2A_MSIL2A_20210211T053941_N0500_R005_T42QZL_20230609T093359,2021-02-11 05:39:41.024000+00:00,48.63,sentinel-2a,sentinel-2-l2a,"[71.91547256514936, 22.46947930559413, 73.01001413703263, 23.482867240428334]"
Ahmedabad,2021,2021-01-01,2021-03-31,S2B_MSIL2A_20210216T053909_N0500_R005_T43QBF_20230530T203959,2021-02-16 05:39:09.024000+00:00,0.0,sentinel-2b,sentinel-2-l2a,"[72.06277765081033, 22.492285747429843, 73.15072331054475, 23.499415707380248]"
Ahmedabad,2021,2021-01-01,2021-03-31,S2B_MSIL2A_20210216T053909_N0500_R005_T42QZL_20230530T203959,2021-02-16 05:39:09.024000+00:00,0.0,sentinel-2b,sentinel-2-l2a,"[71.91547256514936, 22.46947930559413, 73.01001413703263, 23.482867240428334]"
Ahmedabad,2021,2021-01-01,2021-03-31,S2A_MSIL2A_20210221T053841_N0500_R005_T43QBF_20230520T141338,2021-02-21 05:38:41.024000+00:00,0.0,sentinel-2a,sentinel-2-l2a,"[72.06277765081033, 22.492285747429843, 73.15072331054475, 23.499415707380248]"
Ahmedabad,2021,2021-01-01,2021-03-31,S2A_MSIL2A_20210221T053841_N0500_R005_T42QZL_20230520T141338,2021-02-21 05:38:41.024000+00:00,0.0,sentinel-2a,sentinel-2-l2a,"[71.91547256514936, 22.46947930559413, 73.01001413703263, 23.482867240428334]"
Ahmedabad,2021,2021-01-01,2021-03-31,S2B_MSIL2A_20210226T053759_N0500_R005_T43QBF_20230603T175222,2021-02-26 05:37:59.024000+00:00,0.0,sentinel-2b,sentinel-2-l2a,"[72.06277765081033, 22.492285747429843, 73.15072331054475, 23.499415707380248]"
Ahmedabad,2021,2021-01-01,2021-03-31,S2B_MSIL2A_20210226T053759_N0500_R005_T42QZL_20230603T175222,2021-02-26 05:37:59.024000+00:00,0.0,sentinel-2b,sentinel-2-l2a,"[71.91547256514936, 22.46947930559413, 73.01001413703263, 23.482867240428334]"
Ahmedabad,2021,2021-01-01,2021-03-31,S2A_MSIL2A_20210303T053731_N0500_R005_T43QBF_20230513T153738,2021-03-03 05:37:31.024000+00:00,3.08,sentinel-2a,sentinel-2-l2a,"[72.06277765081033, 22.492285747429843, 73.15072331054475, 23.499415707380248]"
Ahmedabad,2021,2021-01-01,2021-03-31,S2A_MSIL2A_20210303T053731_N0500_R005_T42QZL_20230513T153738,2021-03-03 05:37:31.024000+00:00,5.58,sentinel-2a,sentinel-2-l2a,"[71.91547256514936, 22.46947930559413, 73.01001413703263, 23.482867240428334]"
Ahmedabad,2021,2021-01-01,2021-03-31,S2B_MSIL2A_20210308T053649_N0500_R005_T43QBF_20230516T224657,2021-03-08 05:36:49.024000+00:00,0.0,sentinel-2b,sentinel-2-l2a,"[72.06277765081033, 22.492285747429843, 73.15072331054475, 23.499415707380248]"
Ahmedabad,2021,2021-01-01,2021-03-31,S2B_MSIL2A_20210308T053649_N0500_R005_T42QZL_20230516T224657,2021-03-08 05:36:49.024000+00:00,0.0,sentinel-2b,sentinel-2-l2a,"[71.91547256514936, 22.46947930559413, 73.01001413703263, 23.482867240428334]"
Ahmedabad,2021,2021-01-01,2021-03-31,S2A_MSIL2A_20210313T053641_N0500_R005_T43QBF_20230513T171808,2021-03-13 05:36:41.024000+00:00,0.01,sentinel-2a,sentinel-2-l2a,"[72.06277765081033, 22.492285747429843, 73.15072331054475, 23.499415707380248]"
Ahmedabad,2021,2021-01-01,2021-03-31,S2A_MSIL2A_20210313T053641_N0500_R005_T42QZL_20230513T171808,2021-03-13 05:36:41.024000+00:00,0.09,sentinel-2a,sentinel-2-l2a,"[71.91547256514936, 22.46947930559413, 73.01001413703263, 23.482867240428334]"
Ahmedabad,2021,2021-01-01,2021-03-31,S2B_MSIL2A_20210318T053639_N0500_R005_T43QBF_20230511T003247,2021-03-18 05:36:39.024000+00:00,57.33,sentinel-2b,sentinel-2-l2a,"[72.06382771773669, 22.492285747429843, 73.15072331054475, 23.434166032613874]"
Ahmedabad,2021,2021-01-01,2021-03-31,S2B_MSIL2A_20210318T053639_N0500_R005_T42QZL_20230511T003247,2021-03-18 05:36:39.024000+00:00,62.6,sentinel-2b,sentinel-2-l2a,"[71.91547256514936, 22.46947930559413, 73.00402128350427, 23.455438150162614]"
Ahmedabad,2021,2021-01-01,2021-03-31,S2A_MSIL2A_20210323T053641_N0500_R005_T43QBF_20230511T041313,2021-03-23 05:36:41.024000+00:00,0.0,sentinel-2a,sentinel-2-l2a,"[72.06277765081033, 22.492285747429843, 73.15072331054475, 23.499415707380248]"
Ahmedabad,2021,2021-01-01,2021-03-31,S2A_MSIL2A_20210323T053641_N0500_R005_T42QZL_20230511T041313,2021-03-23 05:36:41.024000+00:00,0.0,sentinel-2a,sentinel-2-l2a,"[71.91547256514936, 22.46947930559413, 73.01001413703263, 23.482867240428334]"
Ahmedabad,2021,2021-01-01,2021-03-31,S2B_MSIL2A_20210328T053639_N0500_R005_T43QBF_20230511T053236,2021-03-28 05:36:39.024000+00:00,0.0,sentinel-2b,sentinel-2-l2a,"[72.06277765081033, 22.492285747429843, 73.15072331054475, 23.499415707380248]"
Ahmedabad,2021,2021-01-01,2021-03-31,S2B_MSIL2A_20210328T053639_N0500_R005_T42QZL_20230511T053236,2021-03-28 05:36:39.024000+00:00,0.0,sentinel-2b,sentinel-2-l2a,"[71.91547256514936, 22.46947930559413, 73.01001413703263, 23.482867240428334]"
Ahmedabad,2022,2022-01-01,2022-03-31,S2B_MSIL2A_20220102T054229_N0510_R005_T43QBF_20240420T220418,2022-01-02 05:42:29.024000+00:00,1.285517,sentinel-2b,sentinel-2-l2a,"[72.06277765081033, 22.492285747429843, 73.15072331054475, 23.499415707380248]"
Ahmedabad,2022,2022-01-01,2022-03-31,S2B_MSIL2A_20220102T054229_N0510_R005_T42QZL_20240420T220418,2022-01-02 05:42:29.024000+00:00,0.487908,sentinel-2b,sentinel-2-l2a,"[71.91547256514936, 22.46947930559413, 73.01001413703263, 23.482867240428334]"
Ahmedabad,2022,2022-01-01,2022-03-31,S2A_MSIL2A_20220107T054221_N0510_R005_T43QBF_20240425T053346,2022-01-07 05:42:21.024000+00:00,40.933269,sentinel-2a,sentinel-2-l2a,"[72.06277765081033, 22.492285747429843, 73.15072331054475, 23.499415707380248]"
Ahmedabad,2022,2022-01-01,2022-03-31,S2A_MSIL2A_20220107T054221_N0510_R005_T42QZL_20240425T053346,2022-01-07 05:42:21.024000+00:00,41.178733,sentinel-2a,sentinel-2-l2a,"[71.91547256514936, 22.46947930559413, 73.01001413703263, 23.482867240428334]"
Ahmedabad,2022,2022-01-01,2022-03-31,S2B_MSIL2A_20220112T054209_N0510_R005_T43QBF_20240428T034818,2022-01-12 05:42:09.024000+00:00,3e-06,sentinel-2b,sentinel-2-l2a,"[72.06277765081033, 22.492285747429843, 73.15072331054475, 23.499415707380248]"
Ahmedabad,2022,2022-01-01,2022-03-31,S2B_MSIL2A_20220112T054209_N0510_R005_T42QZL_20240428T034818,2022-01-12 05:42:09.024000+00:00,3e-06,sentinel-2b,sentinel-2-l2a,"[71.91547256514936, 22.46947930559413, 73.01001413703263, 23.482867240428334]"
Ahmedabad,2022,2022-01-01,2022-03-31,S2A_MSIL2A_20220117T054151_N0510_R005_T43QBF_20240501T175614,2022-01-17 05:41:51.024000+00:00,0.000226,sentinel-2a,sentinel-2-l2a,"[72.06277765081033, 22.492285747429843, 73.15072331054475, 23.499415707380248]"
Ahmedabad,2022,2022-01-01,2022-03-31,S2A_MSIL2A_20220117T054151_N0510_R005_T42QZL_20240501T175614,2022-01-17 05:41:51.024000+00:00,0.010561,sentinel-2a,sentinel-2-l2a,"[71.91547256514936, 22.46947930559413, 73.01001413703263, 23.482867240428334]"
Ahmedabad,2022,2022-01-01,2022-03-31,S2B_MSIL2A_20220122T054129_N0510_R005_T43QBF_20240504T151855,2022-01-22 05:41:29.024000+00:00,31.700966,sentinel-2b,sentinel-2-l2a,"[72.06277765081033, 22.492285747429843, 73.15072331054475, 23.499415707380248]"
Ahmedabad,2022,2022-01-01,2022-03-31,S2B_MSIL2A_20220122T054129_N0510_R005_T42QZL_20240504T151855,2022-01-22 05:41:29.024000+00:00,29.807457,sentinel-2b,sentinel-2-l2a,"[71.91547256514936, 22.46947930559413, 73.01001413703263, 23.482867240428334]"
Ahmedabad,2022,2022-01-01,2022-03-31,S2A_MSIL2A_20220127T054111_N0510_R005_T43QBF_20240506T202155,2022-01-27 05:41:11.024000+00:00,7.3e-05,sentinel-2a,sentinel-2-l2a,"[72.06277765081033, 22.492285747429843, 73.15072331054475, 23.499415707380248]"
Ahmedabad,2022,2022-01-01,2022-03-31,S2A_MSIL2A_20220127T054111_N0510_R005_T42QZL_20240506T202155,2022-01-27 05:41:11.024000+00:00,4e-05,sentinel-2a,sentinel-2-l2a,"[71.91547256514936, 22.46947930559413, 73.01001413703263, 23.482867240428334]"
Ahmedabad,2022,2022-01-01,2022-03-31,S2B_MSIL2A_20220201T054039_N0510_R005_T43QBF_20240509T153656,2022-02-01 05:40:39.024000+00:00,7.451588,sentinel-2b,sentinel-2-l2a,"[72.06277765081033, 22.492285747429843, 73.15072331054475, 23.499415707380248]"
Ahmedabad,2022,2022-01-01,2022-03-31,S2B_MSIL2A_20220201T054039_N0510_R005_T42QZL_20240509T153656,2022-02-01 05:40:39.024000+00:00,9.265384,sentinel-2b,sentinel-2-l2a,"[71.91547256514936, 22.46947930559413, 73.01001413703263, 23.482867240428334]"
Ahmedabad,2022,2022-01-01,2022-03-31,S2A_MSIL2A_20220206T054021_N0510_R005_T43QBF_20240512T110746,2022-02-06 05:40:21.024000+00:00,0.000491,sentinel-2a,sentinel-2-l2a,"[72.06277765081033, 22.492285747429843, 73.15072331054475, 23.499415707380248]"
Ahmedabad,2022,2022-01-01,2022-03-31,S2A_MSIL2A_20220206T054021_N0510_R005_T42QZL_20240512T110746,2022-02-06 05:40:21.024000+00:00,0.000498,sentinel-2a,sentinel-2-l2a,"[71.91547256514936, 22.46947930559413, 73.01001413703263, 23.482867240428334]"
Ahmedabad,2022,2022-01-01,2022-03-31,S2B_MSIL2A_20220211T053939_N0510_R005_T43QBF_20240517T184745,2022-02-11 05:39:39.024000+00:00,8.3e-05,sentinel-2b,sentinel-2-l2a,"[72.06277765081033, 22.492285747429843, 73.15072331054475, 23.499415707380248]"
Ahmedabad,2022,2022-01-01,2022-03-31,S2B_MSIL2A_20220211T053939_N0510_R005_T42QZL_20240517T184745,2022-02-11 05:39:39.024000+00:00,0.0001,sentinel-2b,sentinel-2-l2a,"[71.91547256514936, 22.46947930559413, 73.01001413703263, 23.482867240428334]"
Ahmedabad,2022,2022-01-01,2022-03-31,S2A_MSIL2A_20220216T053921_N0510_R005_T43QBF_20240515T203738,2022-02-16 05:39:21.024000+00:00,0.0,sentinel-2a,sentinel-2-l2a,"[72.06277765081033, 22.492285747429843, 73.15072331054475, 23.499415707380248]"
Ahmedabad,2022,2022-01-01,2022-03-31,S2A_MSIL2A_20220216T053921_N0510_R005_T42QZL_20240515T203738,2022-02-16 05:39:21.024000+00:00,0.0,sentinel-2a,sentinel-2-l2a,"[71.91547256514936, 22.46947930559413, 73.01001413703263, 23.482867240428334]"
Ahmedabad,2022,2022-01-01,2022-03-31,S2B_MSIL2A_20220221T053839_N0510_R005_T43QBF_20240517T031123,2022-02-21 05:38:39.024000+00:00,0.000113,sentinel-2b,sentinel-2-l2a,"[72.06277765081033, 22.492285747429843, 73.15072331054475, 23.499415707380248]"
Ahmedabad,2022,2022-01-01,2022-03-31,S2B_MSIL2A_20220221T053839_N0510_R005_T42QZL_20240517T031123,2022-02-21 05:38:39.024000+00:00,9.6e-05,sentinel-2b,sentinel-2-l2a,"[71.91547256514936, 22.46947930559413, 73.01001413703263, 23.482867240428334]"
Ahmedabad,2022,2022-01-01,2022-03-31,S2A_MSIL2A_20220226T053811_N0510_R005_T43QBF_20240531T093801,2022-02-26 05:38:11.024000+00:00,0.0,sentinel-2a,sentinel-2-l2a,"[72.06277765081033, 22.492285747429843, 73.15072331054475, 23.499415707380248]"
Ahmedabad,2022,2022-01-01,2022-03-31,S2A_MSIL2A_20220226T053811_N0510_R005_T42QZL_20240531T093801,2022-02-26 05:38:11.024000+00:00,0.0,sentinel-2a,sentinel-2-l2a,"[71.91547256514936, 22.46947930559413, 73.01001413703263, 23.482867240428334]"
Ahmedabad,2022,2022-01-01,2022-03-31,S2B_MSIL2A_20220303T053729_N0510_R005_T43QBF_20240603T231631,2022-03-03 05:37:29.024000+00:00,3.3e-05,sentinel-2b,sentinel-2-l2a,"[72.06277765081033, 22.492285747429843, 73.15072331054475, 23.499415707380248]"
Ahmedabad,2022,2022-01-01,2022-03-31,S2B_MSIL2A_20220303T053729_N0510_R005_T42QZL_20240603T231631,2022-03-03 05:37:29.024000+00:00,0.000143,sentinel-2b,sentinel-2-l2a,"[71.91547256514936, 22.46947930559413, 73.01001413703263, 23.482867240428334]"
Ahmedabad,2022,2022-01-01,2022-03-31,S2A_MSIL2A_20220308T053701_N0510_R005_T43QBF_20240520T153917,2022-03-08 05:37:01.024000+00:00,53.718626,sentinel-2a,sentinel-2-l2a,"[72.06277765081033, 22.492285747429843, 73.15072331054475, 23.496846049145695]"
Ahmedabad,2022,2022-01-01,2022-03-31,S2A_MSIL2A_20220308T053701_N0510_R005_T42QZL_20240520T153917,2022-03-08 05:37:01.024000+00:00,46.55087,sentinel-2a,sentinel-2-l2a,"[71.91547256514936, 22.46947930559413, 73.01001413703263, 23.482867240428334]"
Ahmedabad,2022,2022-01-01,2022-03-31,S2B_MSIL2A_20220313T053639_N0510_R005_T43QBF_20240601T121833,2022-03-13 05:36:39.024000+00:00,0.0,sentinel-2b,sentinel-2-l2a,"[72.062778, 22.492286, 73.150723, 23.499416]"
Ahmedabad,2022,2022-01-01,2022-03-31,S2B_MSIL2A_20220313T053639_N0510_R005_T42QZL_20240601T121833,2022-03-13 05:36:39.024000+00:00,0.0,sentinel-2b,sentinel-2-l2a,"[71.915473, 22.469479, 73.010014, 23.482867]"
Ahmedabad,2022,2022-01-01,2022-03-31,S2A_MSIL2A_20220318T053651_N0510_R005_T43QBF_20240525T233331,2022-03-18 05:36:51.024000+00:00,0.0,sentinel-2a,sentinel-2-l2a,"[72.062778, 22.492286, 73.150723, 23.499416]"
Ahmedabad,2022,2022-01-01,2022-03-31,S2A_MSIL2A_20220318T053651_N0510_R005_T42QZL_20240525T233331,2022-03-18 05:36:51.024000+00:00,0.0,sentinel-2a,sentinel-2-l2a,"[71.915473, 22.469479, 73.010014, 23.482867]"
Ahmedabad,2022,2022-01-01,2022-03-31,S2B_MSIL2A_20220323T053639_N0510_R005_T43QBF_20240531T111838,2022-03-23 05:36:39.024000+00:00,58.27,sentinel-2b,sentinel-2-l2a,"[72.062778, 22.492286, 73.150723, 23.499416]"
Ahmedabad,2022,2022-01-01,2022-03-31,S2B_MSIL2A_20220323T053639_N0510_R005_T42QZL_20240531T111838,2022-03-23 05:36:39.024000+00:00,55.43,sentinel-2b,sentinel-2-l2a,"[71.915473, 22.469479, 73.010014, 23.482867]"
Ahmedabad,2022,2022-01-01,2022-03-31,S2A_MSIL2A_20220328T053641_N0510_R005_T43QBF_20240603T174053,2022-03-28 05:36:41.024000+00:00,0.0,sentinel-2a,sentinel-2-l2a,"[72.062778, 22.492286, 73.150723, 23.499416]"
Ahmedabad,2022,2022-01-01,2022-03-31,S2A_MSIL2A_20220328T053641_N0510_R005_T42QZL_20240603T174053,2022-03-28 05:36:41.024000+00:00,0.0,sentinel-2a,sentinel-2-l2a,"[71.915473, 22.469479, 73.010014, 23.482867]"
Ahmedabad,2023,2023-01-01,2023-03-31,S2A_MSIL2A_20230102T054231_N0510_R005_T43QBF_20240810T160335,2023-01-02 05:42:31.024000+00:00,0.0,sentinel-2a,sentinel-2-l2a,"[72.06277765081033, 22.492285747429843, 73.15072331054475, 23.499415707380248]"
Ahmedabad,2023,2023-01-01,2023-03-31,S2A_MSIL2A_20230102T054231_N0510_R005_T42QZL_20240810T160335,2023-01-02 05:42:31.024000+00:00,0.0,sentinel-2a,sentinel-2-l2a,"[71.91547256514936, 22.46947930559413, 73.01001413703263, 23.482867240428334]"
Ahmedabad,2023,2023-01-01,2023-03-31,S2B_MSIL2A_20230107T054219_N0510_R005_T43QBF_20240728T094254,2023-01-07 05:42:19.024000+00:00,0.0,sentinel-2b,sentinel-2-l2a,"[72.06277765081033, 22.492285747429843, 73.15072331054475, 23.499415707380248]"
Ahmedabad,2023,2023-01-01,2023-03-31,S2B_MSIL2A_20230107T054219_N0510_R005_T42QZL_20240728T094254,2023-01-07 05:42:19.024000+00:00,0.0,sentinel-2b,sentinel-2-l2a,"[71.91547256514936, 22.46947930559413, 73.01001413703263, 23.482867240428334]"
Ahmedabad,2023,2023-01-01,2023-03-31,S2A_MSIL2A_20230112T054211_N0510_R005_T43QBF_20240811T004347,2023-01-12 05:42:11.024000+00:00,28.63,sentinel-2a,sentinel-2-l2a,"[72.06277765081033, 22.492285747429843, 73.15072331054475, 23.499415707380248]"
Ahmedabad,2023,2023-01-01,2023-03-31,S2A_MSIL2A_20230112T054211_N0510_R005_T42QZL_20240811T004347,2023-01-12 05:42:11.024000+00:00,19.59,sentinel-2a,sentinel-2-l2a,"[71.91547256514936, 22.46947930559413, 73.01001413703263, 23.482867240428334]"
Ahmedabad,2023,2023-01-01,2023-03-31,S2B_MSIL2A_20230117T054149_N0510_R005_T43QBF_20240809T013713,2023-01-17 05:41:49.024000+00:00,0.0,sentinel-2b,sentinel-2-l2a,"[72.06277765081033, 22.492285747429843, 73.15072331054475, 23.499415707380248]"
Ahmedabad,2023,2023-01-01,2023-03-31,S2B_MSIL2A_20230117T054149_N0510_R005_T42QZL_20240809T013713,2023-01-17 05:41:49.024000+00:00,0.0,sentinel-2b,sentinel-2-l2a,"[71.91547256514936, 22.46947930559413, 73.01001413703263, 23.482867240428334]"
Ahmedabad,2023,2023-01-01,2023-03-31,S2A_MSIL2A_20230122T054131_N0510_R005_T43QBF_20240812T185248,2023-01-22 05:41:31.024000+00:00,0.0,sentinel-2a,sentinel-2-l2a,"[72.06277765081033, 22.492285747429843, 73.15072331054475, 23.499415707380248]"
Ahmedabad,2023,2023-01-01,2023-03-31,S2A_MSIL2A_20230122T054131_N0510_R005_T42QZL_20240812T185248,2023-01-22 05:41:31.024000+00:00,0.0,sentinel-2a,sentinel-2-l2a,"[71.91547256514936, 22.46947930559413, 73.01001413703263, 23.482867240428334]"
Ahmedabad,2023,2023-01-01,2023-03-31,S2B_MSIL2A_20230127T054109_N0510_R005_T43QBF_20240807T145117,2023-01-27 05:41:09.024000+00:00,0.0,sentinel-2b,sentinel-2-l2a,"[72.06277765081033, 22.492285747429843, 73.15072331054475, 23.499415707380248]"
Ahmedabad,2023,2023-01-01,2023-03-31,S2B_MSIL2A_20230127T054109_N0510_R005_T42QZL_20240807T145117,2023-01-27 05:41:09.024000+00:00,0.0,sentinel-2b,sentinel-2-l2a,"[71.91547256514936, 22.46947930559413, 73.01001413703263, 23.482867240428334]"
Ahmedabad,2023,2023-01-01,2023-03-31,S2A_MSIL2A_20230201T054041_N0510_R005_T43QBF_20240815T204723,2023-02-01 05:40:41.024000+00:00,0.0,sentinel-2a,sentinel-2-l2a,"[72.06277765081033, 22.492285747429843, 73.15072331054475, 23.499415707380248]"
Ahmedabad,2023,2023-01-01,2023-03-31,S2A_MSIL2A_20230201T054041_N0510_R005_T42QZL_20240815T204723,2023-02-01 05:40:41.024000+00:00,0.03,sentinel-2a,sentinel-2-l2a,"[71.91547256514936, 22.46947930559413, 73.01001413703263, 23.482867240428334]"
Ahmedabad,2023,2023-01-01,2023-03-31,S2B_MSIL2A_20230206T054019_N0510_R005_T43QBF_20240815T180241,2023-02-06 05:40:19.024000+00:00,0.0,sentinel-2b,sentinel-2-l2a,"[72.06277765081033, 22.492285747429843, 73.15072331054475, 23.499415707380248]"
Ahmedabad,2023,2023-01-01,2023-03-31,S2B_MSIL2A_20230206T054019_N0510_R005_T42QZL_20240815T180241,2023-02-06 05:40:19.024000+00:00,0.0,sentinel-2b,sentinel-2-l2a,"[71.91547256514936, 22.46947930559413, 73.01001413703263, 23.482867240428334]"
Ahmedabad,2023,2023-01-01,2023-03-31,S2A_MSIL2A_20230211T053951_N0510_R005_T43QBF_20240729T233616,2023-02-11 05:39:51.024000+00:00,0.04,sentinel-2a,sentinel-2-l2a,"[72.06277765081033, 22.492285747429843, 73.15072331054475, 23.499415707380248]"
Ahmedabad,2023,2023-01-01,2023-03-31,S2A_MSIL2A_20230211T053951_N0510_R005_T42QZL_20240729T233616,2023-02-11 05:39:51.024000+00:00,0.05,sentinel-2a,sentinel-2-l2a,"[71.91547256514936, 22.46947930559413, 73.01001413703263, 23.482867240428334]"
Ahmedabad,2023,2023-01-01,2023-03-31,S2B_MSIL2A_20230216T053919_N0510_R005_T43QBF_20240820T132438,2023-02-16 05:39:19.024000+00:00,0.86,sentinel-2b,sentinel-2-l2a,"[72.06277765081033, 22.492285747429843, 73.15072331054475, 23.499415707380248]"
Ahmedabad,2023,2023-01-01,2023-03-31,S2B_MSIL2A_20230216T053919_N0510_R005_T42QZL_20240820T132438,2023-02-16 05:39:19.024000+00:00,1.12,sentinel-2b,sentinel-2-l2a,"[71.91547256514936, 22.46947930559413, 73.01001413703263, 23.482867240428334]"
Ahmedabad,2023,2023-01-01,2023-03-31,S2A_MSIL2A_20230221T053841_N0510_R005_T43QBF_20240814T120357,2023-02-21 05:38:41.024000+00:00,24.94,sentinel-2a,sentinel-2-l2a,"[72.06277765081033, 22.492285747429843, 73.15072331054475, 23.499415707380248]"
Ahmedabad,2023,2023-01-01,2023-03-31,S2A_MSIL2A_20230221T053841_N0510_R005_T42QZL_20240814T120357,2023-02-21 05:38:41.024000+00:00,23.86,sentinel-2a,sentinel-2-l2a,"[71.91547256514936, 22.46947930559413, 73.01001413703263, 23.482867240428334]"
Ahmedabad,2023,2023-01-01,2023-03-31,S2B_MSIL2A_20230226T053809_N0510_R005_T43QBF_20240730T172348,2023-02-26 05:38:09.025000+00:00,0.0,sentinel-2b,sentinel-2-l2a,"[72.06277765081033, 22.492285747429843, 73.15072331054475, 23.499415707380248]"
Ahmedabad,2023,2023-01-01,2023-03-31,S2B_MSIL2A_20230226T053809_N0510_R005_T42QZL_20240730T172348,2023-02-26 05:38:09.025000+00:00,0.0,sentinel-2b,sentinel-2-l2a,"[71.91547256514936, 22.46947930559413, 73.01001413703263, 23.482867240428334]"
Ahmedabad,2023,2023-01-01,2023-03-31,S2A_MSIL2A_20230303T053731_N0510_R005_T43QBF_20240818T145301,2023-03-03 05:37:31.024000+00:00,0.0,sentinel-2a,sentinel-2-l2a,"[72.06277765081033, 22.492285747429843, 73.15072331054475, 23.499415707380248]"
Ahmedabad,2023,2023-01-01,2023-03-31,S2A_MSIL2A_20230303T053731_N0510_R005_T42QZL_20240818T145301,2023-03-03 05:37:31.024000+00:00,0.0,sentinel-2a,sentinel-2-l2a,"[71.91547256514936, 22.46947930559413, 73.01001413703263, 23.482867240428334]"
Ahmedabad,2023,2023-01-01,2023-03-31,S2B_MSIL2A_20230308T053659_N0510_R005_T43QBF_20240805T111708,2023-03-08 05:36:59.025000+00:00,0.0,sentinel-2b,sentinel-2-l2a,"[72.06277765081033, 22.492285747429843, 73.15072331054475, 23.499415707380248]"
Ahmedabad,2023,2023-01-01,2023-03-31,S2B_MSIL2A_20230308T053659_N0510_R005_T42QZL_20240805T111708,2023-03-08 05:36:59.025000+00:00,0.0,sentinel-2b,sentinel-2-l2a,"[71.91547256514936, 22.46947930559413, 73.01001413703263, 23.482867240428334]"
Ahmedabad,2023,2023-01-01,2023-03-31,S2A_MSIL2A_20230313T053641_N0510_R005_T43QBF_20240819T120009,2023-03-13 05:36:41.024000+00:00,77.62,sentinel-2a,sentinel-2-l2a,"[72.06277765081033, 22.99046814666183, 73.14412397041015, 23.499415707380248]"
Ahmedabad,2023,2023-01-01,2023-03-31,S2A_MSIL2A_20230313T053641_N0510_R005_T43QBF_20240804T151830,2023-03-13 05:36:41.024000+00:00,64.18,sentinel-2a,sentinel-2-l2a,"[72.06498711664852, 22.492285747429843, 73.15072331054475, 23.380402245819074]"
Ahmedabad,2023,2023-01-01,2023-03-31,S2A_MSIL2A_20230313T053641_N0510_R005_T42QZL_20240819T120009,2023-03-13 05:36:41.024000+00:00,75.73,sentinel-2a,sentinel-2-l2a,"[71.93132076953648, 23.022311683929527, 73.01001413703263, 23.482867240428334]"
Ahmedabad,2023,2023-01-01,2023-03-31,S2A_MSIL2A_20230313T053641_N0510_R005_T42QZL_20240804T151830,2023-03-13 05:36:41.024000+00:00,70.94,sentinel-2a,sentinel-2-l2a,"[71.91547256514936, 22.46947930559413, 73.00242653624825, 23.401852923745]"
Ahmedabad,2023,2023-01-01,2023-03-31,S2B_MSIL2A_20230318T053649_N0510_R005_T43QBF_20240824T005859,2023-03-18 05:36:49.024000+00:00,0.0,sentinel-2b,sentinel-2-l2a,"[72.06277765081033, 22.492285747429843, 73.15072331054475, 23.499415707380248]"
Ahmedabad,2023,2023-01-01,2023-03-31,S2B_MSIL2A_20230318T053649_N0510_R005_T42QZL_20240824T005859,2023-03-18 05:36:49.024000+00:00,0.0,sentinel-2b,sentinel-2-l2a,"[71.91547256514936, 22.46947930559413, 73.01001413703263, 23.482867240428334]"
Ahmedabad,2023,2023-01-01,2023-03-31,S2A_MSIL2A_20230323T053641_N0510_R005_T43QBF_20240830T011242,2023-03-23 05:36:41.024000+00:00,1.97,sentinel-2a,sentinel-2-l2a,"[72.06277765081033, 22.492285747429843, 73.15072331054475, 23.499415707380248]"
Ahmedabad,2023,2023-01-01,2023-03-31,S2A_MSIL2A_20230323T053641_N0510_R005_T42QZL_20240830T011242,2023-03-23 05:36:41.024000+00:00,2.84,sentinel-2a,sentinel-2-l2a,"[71.91547256514936, 22.46947930559413, 73.01001413703263, 23.482867240428334]"
Ahmedabad,2023,2023-01-01,2023-03-31,S2B_MSIL2A_20230328T053649_N0510_R005_T43QBF_20240829T064510,2023-03-28 05:36:49.024000+00:00,0.0,sentinel-2b,sentinel-2-l2a,"[72.06277765081033, 22.492285747429843, 73.15072331054475, 23.499415707380248]"
Ahmedabad,2023,2023-01-01,2023-03-31,S2B_MSIL2A_20230328T053649_N0510_R005_T42QZL_20240829T064510,2023-03-28 05:36:49.024000+00:00,0.0,sentinel-2b,sentinel-2-l2a,"[71.91547256514936, 22.46947930559413, 73.01001413703263, 23.482867240428334]"
Ahmedabad,2024,2024-01-01,2024-03-31,S2B_MSIL2A_20240102T054229_N0510_R005_T43QBF_20240102T072106,2024-01-02 05:42:29.024000+00:00,27.29,sentinel-2b,sentinel-2-l2a,"[72.06277765081033, 22.492285747429843, 73.15072331054475, 23.499415707380248]"
Ahmedabad,2024,2024-01-01,2024-03-31,S2B_MSIL2A_20240102T054229_N0510_R005_T42QZL_20240102T072106,2024-01-02 05:42:29.024000+00:00,16.97,sentinel-2b,sentinel-2-l2a,"[71.91547256514936, 22.46947930559413, 73.01001413703263, 23.482867240428334]"
Ahmedabad,2024,2024-01-01,2024-03-31,S2A_MSIL2A_20240107T054221_N0510_R005_T43QBF_20240107T090152,2024-01-07 05:42:21.024000+00:00,15.48,sentinel-2a,sentinel-2-l2a,"[72.06277765081033, 22.492285747429843, 73.15072331054475, 23.499415707380248]"
Ahmedabad,2024,2024-01-01,2024-03-31,S2A_MSIL2A_20240107T054221_N0510_R005_T42QZL_20240107T090152,2024-01-07 05:42:21.024000+00:00,14.84,sentinel-2a,sentinel-2-l2a,"[71.91547256514936, 22.46947930559413, 73.01001413703263, 23.482867240428334]"
Ahmedabad,2024,2024-01-01,2024-03-31,S2B_MSIL2A_20240112T054209_N0510_R005_T43QBF_20240116T153326,2024-01-12 05:42:09.024000+00:00,0.0,sentinel-2b,sentinel-2-l2a,"[72.06277765081033, 22.492285747429843, 73.15072331054475, 23.499415707380248]"
Ahmedabad,2024,2024-01-01,2024-03-31,S2B_MSIL2A_20240112T054209_N0510_R005_T42QZL_20240116T153326,2024-01-12 05:42:09.024000+00:00,0.0,sentinel-2b,sentinel-2-l2a,"[71.91547256514936, 22.46947930559413, 73.01001413703263, 23.482867240428334]"
Ahmedabad,2024,2024-01-01,2024-03-31,S2A_MSIL2A_20240117T054151_N0510_R005_T43QBF_20240117T084951,2024-01-17 05:41:51.024000+00:00,2.41,sentinel-2a,sentinel-2-l2a,"[72.06277765081033, 22.492285747429843, 73.15072331054475, 23.499415707380248]"
Ahmedabad,2024,2024-01-01,2024-03-31,S2A_MSIL2A_20240117T054151_N0510_R005_T42QZL_20240117T084951,2024-01-17 05:41:51.024000+00:00,1.79,sentinel-2a,sentinel-2-l2a,"[71.91547256514936, 22.46947930559413, 73.01001413703263, 23.482867240428334]"
Ahmedabad,2024,2024-01-01,2024-03-31,S2B_MSIL2A_20240122T054139_N0510_R005_T43QBF_20240122T115934,2024-01-22 05:41:39.024000+00:00,24.62,sentinel-2b,sentinel-2-l2a,"[72.06277765081033, 22.492285747429843, 73.15072331054475, 23.499415707380248]"
Ahmedabad,2024,2024-01-01,2024-03-31,S2B_MSIL2A_20240122T054139_N0510_R005_T42QZL_20240122T115934,2024-01-22 05:41:39.024000+00:00,28.31,sentinel-2b,sentinel-2-l2a,"[71.91547256514936, 22.46947930559413, 73.01001413703263, 23.482867240428334]"
Ahmedabad,2024,2024-01-01,2024-03-31,S2A_MSIL2A_20240127T054101_N0510_R005_T43QBF_20240127T084753,2024-01-27 05:41:01.024000+00:00,72.92,sentinel-2a,sentinel-2-l2a,"[72.06277765081033, 22.492285747429843, 73.15072331054475, 23.499415707380248]"
Ahmedabad,2024,2024-01-01,2024-03-31,S2A_MSIL2A_20240127T054101_N0510_R005_T42QZL_20240127T084753,2024-01-27 05:41:01.024000+00:00,66.67,sentinel-2a,sentinel-2-l2a,"[71.91547256514936, 22.46947930559413, 73.01001413703263, 23.482867240428334]"
Ahmedabad,2024,2024-01-01,2024-03-31,S2B_MSIL2A_20240201T054049_N0510_R005_T43QBF_20240201T075609,2024-02-01 05:40:49.024000+00:00,20.5,sentinel-2b,sentinel-2-l2a,"[72.06277765081033, 22.492285747429843, 73.15072331054475, 23.499415707380248]"
Ahmedabad,2024,2024-01-01,2024-03-31,S2B_MSIL2A_20240201T054049_N0510_R005_T42QZL_20240201T075609,2024-02-01 05:40:49.024000+00:00,24.77,sentinel-2b,sentinel-2-l2a,"[71.91547256514936, 22.46947930559413, 73.01001413703263, 23.482867240428334]"
Ahmedabad,2024,2024-01-01,2024-03-31,S2A_MSIL2A_20240206T054021_N0510_R005_T43QBF_20240206T083046,2024-02-06 05:40:21.024000+00:00,30.18,sentinel-2a,sentinel-2-l2a,"[72.06277765081033, 22.492285747429843, 73.15072331054475, 23.499415707380248]"
Ahmedabad,2024,2024-01-01,2024-03-31,S2A_MSIL2A_20240206T054021_N0510_R005_T42QZL_20240206T083046,2024-02-06 05:40:21.024000+00:00,24.56,sentinel-2a,sentinel-2-l2a,"[71.91547256514936, 22.46947930559413, 73.01001413703263, 23.482867240428334]"
Ahmedabad,2024,2024-01-01,2024-03-31,S2B_MSIL2A_20240211T053949_N0510_R005_T43QBF_20240211T080744,2024-02-11 05:39:49.024000+00:00,23.56,sentinel-2b,sentinel-2-l2a,"[72.06277765081033, 22.492285747429843, 73.15072331054475, 23.499415707380248]"
Ahmedabad,2024,2024-01-01,2024-03-31,S2B_MSIL2A_20240211T053949_N0510_R005_T42QZL_20240211T080744,2024-02-11 05:39:49.024000+00:00,22.45,sentinel-2b,sentinel-2-l2a,"[71.91547256514936, 22.46947930559413, 73.01001413703263, 23.482867240428334]"
Ahmedabad,2024,2024-01-01,2024-03-31,S2A_MSIL2A_20240216T053921_N0510_R005_T43QBF_20240216T085450,2024-02-16 05:39:21.024000+00:00,3.57,sentinel-2a,sentinel-2-l2a,"[72.06277765081033, 22.492285747429843, 73.15072331054475, 23.499415707380248]"
Ahmedabad,2024,2024-01-01,2024-03-31,S2A_MSIL2A_20240216T053921_N0510_R005_T42QZL_20240216T085450,2024-02-16 05:39:21.024000+00:00,3.92,sentinel-2a,sentinel-2-l2a,"[71.91547256514936, 22.46947930559413, 73.01001413703263, 23.482867240428334]"
Ahmedabad,2024,2024-01-01,2024-03-31,S2B_MSIL2A_20240221T053849_N0510_R005_T43QBF_20240221T075602,2024-02-21 05:38:49.024000+00:00,26.11,sentinel-2b,sentinel-2-l2a,"[72.06277765081033, 22.492285747429843, 73.15072331054475, 23.499415707380248]"
Ahmedabad,2024,2024-01-01,2024-03-31,S2B_MSIL2A_20240221T053849_N0510_R005_T42QZL_20240221T075602,2024-02-21 05:38:49.024000+00:00,25.63,sentinel-2b,sentinel-2-l2a,"[71.91547256514936, 22.46947930559413, 73.01001413703263, 23.482867240428334]"
Ahmedabad,2024,2024-01-01,2024-03-31,S2B_MSIL2A_20240302T053729_N0510_R005_T43QBF_20240302T080432,2024-03-02 05:37:29.024000+00:00,57.48,sentinel-2b,sentinel-2-l2a,"[72.06277765081033, 22.492285747429843, 73.15072331054475, 23.499415707380248]"
Ahmedabad,2024,2024-01-01,2024-03-31,S2B_MSIL2A_20240302T053729_N0510_R005_T42QZL_20240302T080432,2024-03-02 05:37:29.024000+00:00,56.78,sentinel-2b,sentinel-2-l2a,"[71.91547256514936, 22.46947930559413, 73.01001413703263, 23.482867240428334]"
Ahmedabad,2024,2024-01-01,2024-03-31,S2A_MSIL2A_20240307T053701_N0510_R005_T43QBF_20240307T093354,2024-03-07 05:37:01.024000+00:00,0.0,sentinel-2a,sentinel-2-l2a,"[72.06277765081033, 22.492285747429843, 73.15072331054475, 23.499415707380248]"
Ahmedabad,2024,2024-01-01,2024-03-31,S2A_MSIL2A_20240307T053701_N0510_R005_T42QZL_20240307T093354,2024-03-07 05:37:01.024000+00:00,0.0,sentinel-2a,sentinel-2-l2a,"[71.91547256514936, 22.46947930559413, 73.01001413703263, 23.482867240428334]"
Ahmedabad,2024,2024-01-01,2024-03-31,S2B_MSIL2A_20240312T053639_N0510_R005_T43QBF_20240312T081140,2024-03-12 05:36:39.024000+00:00,0.0,sentinel-2b,sentinel-2-l2a,"[72.06277765081033, 22.492285747429843, 73.15072331054475, 23.499415707380248]"
Ahmedabad,2024,2024-01-01,2024-03-31,S2B_MSIL2A_20240312T053639_N0510_R005_T42QZL_20240312T081140,2024-03-12 05:36:39.024000+00:00,0.0,sentinel-2b,sentinel-2-l2a,"[71.91547256514936, 22.46947930559413, 73.01001413703263, 23.482867240428334]"
Ahmedabad,2024,2024-01-01,2024-03-31,S2A_MSIL2A_20240317T053641_N0510_R005_T43QBF_20240319T120151,2024-03-17 05:36:41.024000+00:00,0.0,sentinel-2a,sentinel-2-l2a,"[72.06277765081033, 22.492285747429843, 73.15072331054475, 23.499415707380248]"
Ahmedabad,2024,2024-01-01,2024-03-31,S2A_MSIL2A_20240317T053641_N0510_R005_T42QZL_20240319T120151,2024-03-17 05:36:41.024000+00:00,0.0,sentinel-2a,sentinel-2-l2a,"[71.91547256514936, 22.46947930559413, 73.01001413703263, 23.482867240428334]"
Ahmedabad,2024,2024-01-01,2024-03-31,S2B_MSIL2A_20240322T053639_N0510_R005_T43QBF_20240322T082737,2024-03-22 05:36:39.024000+00:00,0.0,sentinel-2b,sentinel-2-l2a,"[72.06277765081033, 22.492285747429843, 73.15072331054475, 23.499415707380248]"
Ahmedabad,2024,2024-01-01,2024-03-31,S2B_MSIL2A_20240322T053639_N0510_R005_T42QZL_20240322T082737,2024-03-22 05:36:39.024000+00:00,0.0,sentinel-2b,sentinel-2-l2a,"[71.91547256514936, 22.46947930559413, 73.01001413703263, 23.482867240428334]"
Ahmedabad,2024,2024-01-01,2024-03-31,S2A_MSIL2A_20240327T053641_N0510_R005_T43QBF_20240327T084457,2024-03-27 05:36:41.024000+00:00,3.06,sentinel-2a,sentinel-2-l2a,"[72.06277765081033, 22.492285747429843, 73.15072331054475, 23.499415707380248]"
Ahmedabad,2024,2024-01-01,2024-03-31,S2A_MSIL2A_20240327T053641_N0510_R005_T42QZL_20240327T084457,2024-03-27 05:36:41.024000+00:00,3.41,sentinel-2a,sentinel-2-l2a,"[71.91547256514936, 22.46947930559413, 73.01001413703263, 23.482867240428334]"
Ahmedabad,2025,2025-01-01,2025-03-31,S2A_MSIL2A_20250101T054231_N0511_R005_T43QBF_20250101T085751,2025-01-01 05:42:31.024000+00:00,0.0,sentinel-2a,sentinel-2-l2a,"[72.062778, 22.492286, 73.150723, 23.499416]"
Ahmedabad,2025,2025-01-01,2025-03-31,S2A_MSIL2A_20250101T054231_N0511_R005_T42QZL_20250101T085751,2025-01-01 05:42:31.024000+00:00,0.0,sentinel-2a,sentinel-2-l2a,"[71.915473, 22.469479, 73.010014, 23.482867]"
Ahmedabad,2025,2025-01-01,2025-03-31,S2B_MSIL2A_20250106T054129_N0511_R005_T43QBF_20250106T074132,2025-01-06 05:41:29.024000+00:00,0.0,sentinel-2b,sentinel-2-l2a,"[72.062778, 22.492286, 73.150723, 23.499416]"
Ahmedabad,2025,2025-01-01,2025-03-31,S2B_MSIL2A_20250106T054129_N0511_R005_T42QZL_20250106T074132,2025-01-06 05:41:29.024000+00:00,0.0,sentinel-2b,sentinel-2-l2a,"[71.915473, 22.469479, 73.010014, 23.482867]"
Ahmedabad,2025,2025-01-01,2025-03-31,S2A_MSIL2A_20250111T054211_N0511_R005_T43QBF_20250111T082958,2025-01-11 05:42:11.024000+00:00,10.95,sentinel-2a,sentinel-2-l2a,"[72.062778, 22.492286, 73.150723, 23.499416]"
Ahmedabad,2025,2025-01-01,2025-03-31,S2A_MSIL2A_20250111T054211_N0511_R005_T42QZL_20250111T082958,2025-01-11 05:42:11.024000+00:00,7.46,sentinel-2a,sentinel-2-l2a,"[71.915473, 22.469479, 73.010014, 23.482867]"
Ahmedabad,2025,2025-01-01,2025-03-31,S2B_MSIL2A_20250116T054059_N0511_R005_T43QBF_20250116T074800,2025-01-16 05:40:59.024000+00:00,0.0,sentinel-2b,sentinel-2-l2a,"[72.062778, 22.492286, 73.150723, 23.499416]"
Ahmedabad,2025,2025-01-01,2025-03-31,S2B_MSIL2A_20250116T054059_N0511_R005_T42QZL_20250116T074800,2025-01-16 05:40:59.024000+00:00,0.0,sentinel-2b,sentinel-2-l2a,"[71.915473, 22.469479, 73.010014, 23.482867]"
Ahmedabad,2025,2025-01-01,2025-03-31,S2A_MSIL2A_20250121T054141_N0511_R005_T43QBF_20250121T083648,2025-01-21 05:41:41.024000+00:00,0.0,sentinel-2a,sentinel-2-l2a,"[72.062778, 22.492286, 73.150723, 23.499416]"
Ahmedabad,2025,2025-01-01,2025-03-31,S2A_MSIL2A_20250121T054141_N0511_R005_T42QZL_20250121T083648,2025-01-21 05:41:41.024000+00:00,0.0,sentinel-2a,sentinel-2-l2a,"[71.915473, 22.469479, 73.010014, 23.482867]"
Ahmedabad,2025,2025-01-01,2025-03-31,S2B_MSIL2A_20250126T054019_N0511_R005_T43QBF_20250126T075322,2025-01-26 05:40:19.024000+00:00,0.0,sentinel-2b,sentinel-2-l2a,"[72.062778, 22.492286, 73.150723, 23.499416]"
Ahmedabad,2025,2025-01-01,2025-03-31,S2B_MSIL2A_20250126T054019_N0511_R005_T42QZL_20250126T075322,2025-01-26 05:40:19.024000+00:00,0.0,sentinel-2b,sentinel-2-l2a,"[71.915473, 22.469479, 73.010014, 23.482867]"
Ahmedabad,2025,2025-01-01,2025-03-31,S2C_MSIL2A_20250131T054121_N0511_R005_T43QBF_20250131T124701,2025-01-31 05:41:21.025000+00:00,0.000461,sentinel-2c,sentinel-2-l2a,"[72.06277765081033, 22.492285747429843, 73.15072331054475, 23.499415707380248]"
Ahmedabad,2025,2025-01-01,2025-03-31,S2C_MSIL2A_20250131T054121_N0511_R005_T42QZL_20250131T124701,2025-01-31 05:41:21.025000+00:00,0.000239,sentinel-2c,sentinel-2-l2a,"[71.91547256514936, 22.46947930559413, 73.01001413703263, 23.482867240428334]"
Ahmedabad,2025,2025-01-01,2025-03-31,S2B_MSIL2A_20250205T053929_N0511_R005_T43QBF_20250205T074703,2025-02-05 05:39:29.024000+00:00,0.000292,sentinel-2b,sentinel-2-l2a,"[72.06277765081033, 22.492285747429843, 73.15072331054475, 23.499415707380248]"
Ahmedabad,2025,2025-01-01,2025-03-31,S2B_MSIL2A_20250205T053929_N0511_R005_T42QZL_20250205T074703,2025-02-05 05:39:29.024000+00:00,0.000292,sentinel-2b,sentinel-2-l2a,"[71.91547256514936, 22.46947930559413, 73.01001413703263, 23.482867240428334]"
Ahmedabad,2025,2025-01-01,2025-03-31,S2C_MSIL2A_20250210T054021_N0511_R005_T43QBF_20250210T090411,2025-02-10 05:40:21.025000+00:00,4.193941,sentinel-2c,sentinel-2-l2a,"[72.06277765081033, 22.492285747429843, 73.15072331054475, 23.499415707380248]"
Ahmedabad,2025,2025-01-01,2025-03-31,S2C_MSIL2A_20250210T054021_N0511_R005_T42QZL_20250210T090411,2025-02-10 05:40:21.025000+00:00,2.486432,sentinel-2c,sentinel-2-l2a,"[71.91547256514936, 22.46947930559413, 73.01001413703263, 23.482867240428334]"
Ahmedabad,2025,2025-01-01,2025-03-31,S2B_MSIL2A_20250215T053829_N0511_R005_T43QBF_20250215T074546,2025-02-15 05:38:29.024000+00:00,1.45,sentinel-2b,sentinel-2-l2a,"[72.06277765081033, 22.492285747429843, 73.15072331054475, 23.499415707380248]"
Ahmedabad,2025,2025-01-01,2025-03-31,S2B_MSIL2A_20250215T053829_N0511_R005_T42QZL_20250215T074546,2025-02-15 05:38:29.024000+00:00,0.62,sentinel-2b,sentinel-2-l2a,"[71.91547256514936, 22.46947930559413, 73.01001413703263, 23.482867240428334]"
Ahmedabad,2025,2025-01-01,2025-03-31,S2C_MSIL2A_20250220T054811_N0511_R005_T43QBF_20250220T160800,2025-02-20 05:48:11.025000+00:00,17.654899,sentinel-2c,sentinel-2-l2a,"[72.06277765081033, 22.492285747429843, 73.15072331054475, 23.499415707380248]"
Ahmedabad,2025,2025-01-01,2025-03-31,S2C_MSIL2A_20250220T054811_N0511_R005_T42QZL_20250220T160800,2025-02-20 05:48:11.025000+00:00,15.990156,sentinel-2c,sentinel-2-l2a,"[71.91547256514936, 22.46947930559413, 73.01001413703263, 23.482867240428334]"
Ahmedabad,2025,2025-01-01,2025-03-31,S2C_MSIL2A_20250302T053801_N0511_R005_T43QBF_20250302T110312,2025-03-02 05:38:01.025000+00:00,0.000186,sentinel-2c,sentinel-2-l2a,"[72.06277765081033, 22.492285747429843, 73.15072331054475, 23.499415707380248]"
Ahmedabad,2025,2025-01-01,2025-03-31,S2C_MSIL2A_20250302T053801_N0511_R005_T42QZL_20250302T110312,2025-03-02 05:38:01.025000+00:00,0.000199,sentinel-2c,sentinel-2-l2a,"[71.91547256514936, 22.46947930559413, 73.01001413703263, 23.482867240428334]"
Ahmedabad,2025,2025-01-01,2025-03-31,S2B_MSIL2A_20250307T053649_N0511_R005_T43QBF_20250307T082113,2025-03-07 05:36:49.024000+00:00,0.0,sentinel-2b,sentinel-2-l2a,"[72.06277765081033, 22.492285747429843, 73.15072331054475, 23.499415707380248]"
Ahmedabad,2025,2025-01-01,2025-03-31,S2B_MSIL2A_20250307T053649_N0511_R005_T42QZL_20250307T082113,2025-03-07 05:36:49.024000+00:00,0.0,sentinel-2b,sentinel-2-l2a,"[71.91547256514936, 22.46947930559413, 73.01001413703263, 23.482867240428334]"
Ahmedabad,2025,2025-01-01,2025-03-31,S2C_MSIL2A_20250312T053701_N0511_R005_T43QBF_20250312T104508,2025-03-12 05:37:01.025000+00:00,0.0,sentinel-2c,sentinel-2-l2a,"[72.06277765081033, 22.492285747429843, 73.15072331054475, 23.499415707380248]"
Ahmedabad,2025,2025-01-01,2025-03-31,S2C_MSIL2A_20250312T053701_N0511_R005_T42QZL_20250312T104508,2025-03-12 05:37:01.025000+00:00,0.0,sentinel-2c,sentinel-2-l2a,"[71.91547256514936, 22.46947930559413, 73.01001413703263, 23.482867240428334]"
Ahmedabad,2025,2025-01-01,2025-03-31,S2A_MSIL2A_20250314T054241_N0511_R005_T43QBF_20250314T103620,2025-03-14 05:42:41.024000+00:00,0.0,sentinel-2a,sentinel-2-l2a,"[72.06277765081033, 22.492285747429843, 73.15072331054475, 23.499415707380248]"
Ahmedabad,2025,2025-01-01,2025-03-31,S2A_MSIL2A_20250314T054241_N0511_R005_T42QZL_20250314T103620,2025-03-14 05:42:41.024000+00:00,0.0,sentinel-2a,sentinel-2-l2a,"[71.91547256514936, 22.46947930559413, 73.01001413703263, 23.482867240428334]"
Ahmedabad,2025,2025-01-01,2025-03-31,S2B_MSIL2A_20250317T053649_N0511_R005_T43QBF_20250317T075158,2025-03-17 05:36:49.024000+00:00,24.36,sentinel-2b,sentinel-2-l2a,"[72.06277765081033, 22.492285747429843, 73.15072331054475, 23.499415707380248]"
Ahmedabad,2025,2025-01-01,2025-03-31,S2B_MSIL2A_20250317T053649_N0511_R005_T42QZL_20250317T075158,2025-03-17 05:36:49.024000+00:00,22.28,sentinel-2b,sentinel-2-l2a,"[71.91547256514936, 22.46947930559413, 73.01001413703263, 23.482867240428334]"
Ahmedabad,2025,2025-01-01,2025-03-31,S2C_MSIL2A_20250322T053701_N0511_R005_T43QBF_20250322T101913,2025-03-22 05:37:01.025000+00:00,0.000425,sentinel-2c,sentinel-2-l2a,"[72.06277765081033, 22.492285747429843, 73.15072331054475, 23.499415707380248]"
Ahmedabad,2025,2025-01-01,2025-03-31,S2C_MSIL2A_20250322T053701_N0511_R005_T42QZL_20250322T101913,2025-03-22 05:37:01.025000+00:00,0.000328,sentinel-2c,sentinel-2-l2a,"[71.91547256514936, 22.46947930559413, 73.01001413703263, 23.482867240428334]"
Ahmedabad,2025,2025-01-01,2025-03-31,S2B_MSIL2A_20250327T053649_N0511_R005_T43QBF_20250327T075936,2025-03-27 05:36:49.024000+00:00,0.000511,sentinel-2b,sentinel-2-l2a,"[72.06277765081033, 22.492285747429843, 73.15072331054475, 23.499415707380248]"
Ahmedabad,2025,2025-01-01,2025-03-31,S2B_MSIL2A_20250327T053649_N0511_R005_T42QZL_20250327T075936,2025-03-27 05:36:49.024000+00:00,0.000627,sentinel-2b,sentinel-2-l2a,"[71.91547256514936, 22.46947930559413, 73.01001413703263, 23.482867240428334]"
Bengaluru,2020,2020-01-01,2020-03-31,S2B_MSIL2A_20200104T051209_N0500_R019_T43PGQ_20230618T132517,2020-01-04 05:12:09.024000+00:00,31.32,sentinel-2b,sentinel-2-l2a,"[76.84053428354963, 12.560404476746363, 77.86186761560747, 13.560856676800062]"
Bengaluru,2020,2020-01-01,2020-03-31,S2A_MSIL2A_20200109T051201_N0500_R019_T43PGQ_20230428T170337,2020-01-09 05:12:01.024000+00:00,11.01,sentinel-2a,sentinel-2-l2a,"[76.84053428354963, 12.560404476746363, 77.86186761560747, 13.560795064180484]"
Bengaluru,2020,2020-01-01,2020-03-31,S2B_MSIL2A_20200114T051149_N0500_R019_T43PGQ_20230427T074537,2020-01-14 05:11:49.024000+00:00,2.18,sentinel-2b,sentinel-2-l2a,"[76.84053428354963, 12.560404476746363, 77.86186761560747, 13.560846943411017]"
Bengaluru,2020,2020-01-01,2020-03-31,S2A_MSIL2A_20200119T051121_N0500_R019_T43PGQ_20230505T123557,2020-01-19 05:11:21.024000+00:00,18.47,sentinel-2a,sentinel-2-l2a,"[76.84053428354963, 12.560404476746363, 77.86186761560747, 13.560800429015558]"
Bengaluru,2020,2020-01-01,2020-03-31,S2B_MSIL2A_20200124T051109_N0500_R019_T43PGQ_20230602T055431,2020-01-24 05:11:09.024000+00:00,0.0,sentinel-2b,sentinel-2-l2a,"[76.84053428354963, 12.560404476746363, 77.86186761560747, 13.560823845439959]"
Bengaluru,2020,2020-01-01,2020-03-31,S2A_MSIL2A_20200129T051041_N0500_R019_T43PGQ_20230424T141337,2020-01-29 05:10:41.024000+00:00,1.12,sentinel-2a,sentinel-2-l2a,"[76.84053428354963, 12.560404476746363, 77.85955857898534, 13.521693687907591]"
Bengaluru,2020,2020-01-01,2020-03-31,S2B_MSIL2A_20200203T051019_N0500_R019_T43PGQ_20230628T142857,2020-02-03 05:10:19.024000+00:00,0.07,sentinel-2b,sentinel-2-l2a,"[76.84053428354963, 12.560404476746363, 77.86186761560747, 13.560811698629847]"
Bengaluru,2020,2020-01-01,2020-03-31,S2A_MSIL2A_20200208T050951_N0500_R019_T43PGQ_20230628T054623,2020-02-08 05:09:51.024000+00:00,9.39,sentinel-2a,sentinel-2-l2a,"[76.84053428354963, 12.560404476746363, 77.86186761560747, 13.560764154770187]"
Bengaluru,2020,2020-01-01,2020-03-31,S2B_MSIL2A_20200213T050919_N0500_R019_T43PGQ_20230616T041605,2020-02-13 05:09:19.024000+00:00,0.61,sentinel-2b,sentinel-2-l2a,"[76.84053428354963, 12.560404476746363, 77.86186761560747, 13.56083214421345]"
Bengaluru,2020,2020-01-01,2020-03-31,S2A_MSIL2A_20200218T050851_N0500_R019_T43PGQ_20230609T122841,2020-02-18 05:08:51.024000+00:00,1.6,sentinel-2a,sentinel-2-l2a,"[76.84053428354963, 12.560404476746363, 77.86186761560747, 13.560793748311367]"
Bengaluru,2020,2020-01-01,2020-03-31,S2A_MSIL2A_20200228T050741_N0500_R019_T43PGQ_20230624T114507,2020-02-28 05:07:41.024000+00:00,55.89,sentinel-2a,sentinel-2-l2a,"[76.84053428354963, 12.560404476746363, 77.86186761560747, 13.560823325406632]"
Bengaluru,2020,2020-01-01,2020-03-31,S2B_MSIL2A_20200304T050709_N0500_R019_T43PGQ_20230417T083329,2020-03-04 05:07:09.024000+00:00,23.95,sentinel-2b,sentinel-2-l2a,"[76.84053428354963, 12.560404476746363, 77.86186761560747, 13.560846710768102]"
Bengaluru,2020,2020-01-01,2020-03-31,S2A_MSIL2A_20200309T050651_N0500_R019_T43PGQ_20230410T113914,2020-03-09 05:06:51.024000+00:00,54.54,sentinel-2a,sentinel-2-l2a,"[76.84053428354963, 12.560404476746363, 77.86186761560747, 13.560836570236583]"
Bengaluru,2020,2020-01-01,2020-03-31,S2B_MSIL2A_20200314T050649_N0500_R019_T43PGQ_20230413T164453,2020-03-14 05:06:49.024000+00:00,0.03,sentinel-2b,sentinel-2-l2a,"[76.84053428354963, 12.560404476746363, 77.86186761560747, 13.560854501222662]"
Bengaluru,2020,2020-01-01,2020-03-31,S2A_MSIL2A_20200319T050651_N0500_R019_T43PGQ_20230628T040746,2020-03-19 05:06:51.024000+00:00,0.02,sentinel-2a,sentinel-2-l2a,"[76.84053428354963, 12.560404476746363, 77.86186761560747, 13.560850398373548]"
Bengaluru,2020,2020-01-01,2020-03-31,S2B_MSIL2A_20200324T050649_N0500_R019_T43PGQ_20230409T201325,2020-03-24 05:06:49.024000+00:00,0.65,sentinel-2b,sentinel-2-l2a,"[76.84053428354963, 12.560404476746363, 77.86186761560747, 13.560853072400853]"
Bengaluru,2020,2020-01-01,2020-03-31,S2A_MSIL2A_20200329T050651_N0500_R019_T43PGQ_20230614T202606,2020-03-29 05:06:51.024000+00:00,0.0,sentinel-2a,sentinel-2-l2a,"[76.84053428354963, 12.560404476746363, 77.86186761560747, 13.560869223030744]"
Bengaluru,2021,2021-01-01,2021-03-31,S2A_MSIL2A_20210103T051221_N0500_R019_T43PGQ_20230224T040458,2021-01-03 05:12:21.024000+00:00,45.22,sentinel-2a,sentinel-2-l2a,"[76.84053428354963, 12.560404476746363, 77.86186761560747, 13.560983174163125]"
Bengaluru,2021,2021-01-01,2021-03-31,S2A_MSIL2A_20210113T051151_N0500_R019_T43PGQ_20230607T043045,2021-01-13 05:11:51.024000+00:00,62.87,sentinel-2a,sentinel-2-l2a,"[76.84053428354963, 12.560404476746363, 77.86186761560747, 13.561004819091655]"
Bengaluru,2021,2021-01-01,2021-03-31,S2B_MSIL2A_20210118T051149_N0500_R019_T43PGQ_20230529T082312,2021-01-18 05:11:49.024000+00:00,0.02,sentinel-2b,sentinel-2-l2a,"[76.84053428354963, 12.560404476746363, 77.86186761560747, 13.56097675247642]"
Bengaluru,2021,2021-01-01,2021-03-31,S2A_MSIL2A_20210123T051121_N0500_R019_T43PGQ_20230522T083947,2021-01-23 05:11:21.024000+00:00,0.85,sentinel-2a,sentinel-2-l2a,"[76.84053428354963, 12.560404476746363, 77.86186761560747, 13.561027708216088]"
Bengaluru,2021,2021-01-01,2021-03-31,S2B_MSIL2A_20210128T051049_N0500_R019_T43PGQ_20230528T162307,2021-01-28 05:10:49.024000+00:00,2.05,sentinel-2b,sentinel-2-l2a,"[76.84053428354963, 12.560404476746363, 77.86186761560747, 13.560977907522762]"
Bengaluru,2021,2021-01-01,2021-03-31,S2A_MSIL2A_20210202T051031_N0500_R019_T43PGQ_20230530T012000,2021-02-02 05:10:31.024000+00:00,0.15,sentinel-2a,sentinel-2-l2a,"[76.84053428354963, 12.560404476746363, 77.86186761560747, 13.561045081899788]"
Bengaluru,2021,2021-01-01,2021-03-31,S2B_MSIL2A_20210207T050959_N0500_R019_T43PGQ_20230521T192255,2021-02-07 05:09:59.024000+00:00,0.0,sentinel-2b,sentinel-2-l2a,"[76.84053428354963, 12.560404476746363, 77.86186761560747, 13.560981740312677]"
Bengaluru,2021,2021-01-01,2021-03-31,S2A_MSIL2A_20210212T050931_N0500_R019_T43PGQ_20230609T084112,2021-02-12 05:09:31.024000+00:00,1.54,sentinel-2a,sentinel-2-l2a,"[76.84053428354963, 12.560404476746363, 77.86186761560747, 13.561011245153011]"
Bengaluru,2021,2021-01-01,2021-03-31,S2B_MSIL2A_20210217T050849_N0500_R019_T43PGQ_20230601T155044,2021-02-17 05:08:49.024000+00:00,23.18,sentinel-2b,sentinel-2-l2a,"[76.84053428354963, 12.560404476746363, 77.86186761560747, 13.560983169414271]"
Bengaluru,2021,2021-01-01,2021-03-31,S2A_MSIL2A_20210222T050821_N0500_R019_T43PGQ_20230521T101618,2021-02-22 05:08:21.024000+00:00,34.48,sentinel-2a,sentinel-2-l2a,"[76.84053428354963, 12.560404476746363, 77.86186761560747, 13.5610039133905]"
Bengaluru,2021,2021-01-01,2021-03-31,S2B_MSIL2A_20210227T050749_N0500_R019_T43PGQ_20230520T213652,2021-02-27 05:07:49.024000+00:00,22.06,sentinel-2b,sentinel-2-l2a,"[76.84053428354963, 12.560404476746363, 77.86186761560747, 13.560956682716899]"
Bengaluru,2021,2021-01-01,2021-03-31,S2A_MSIL2A_20210304T050711_N0500_R019_T43PGQ_20230607T130218,2021-03-04 05:07:11.024000+00:00,0.0,sentinel-2a,sentinel-2-l2a,"[76.84053428354963, 12.560404476746363, 77.86186761560747, 13.56099038679856]"
Bengaluru,2021,2021-01-01,2021-03-31,S2B_MSIL2A_20210309T050649_N0500_R019_T43PGQ_20230524T160017,2021-03-09 05:06:49.024000+00:00,0.01,sentinel-2b,sentinel-2-l2a,"[76.84053428354963, 12.560404476746363, 77.86186761560747, 13.560949304085435]"
Bengaluru,2021,2021-01-01,2021-03-31,S2A_MSIL2A_20210314T050651_N0500_R019_T43PGQ_20230528T183433,2021-03-14 05:06:51.024000+00:00,0.0,sentinel-2a,sentinel-2-l2a,"[76.84053428354963, 12.560404476746363, 77.86186761560747, 13.560959890343558]"
Bengaluru,2021,2021-01-01,2021-03-31,S2B_MSIL2A_20210319T050649_N0500_R019_T43PGQ_20230523T233632,2021-03-19 05:06:49.024000+00:00,13.31,sentinel-2b,sentinel-2-l2a,"[76.84053428354963, 12.560404476746363, 77.86186761560747, 13.56094070739011]"
Bengaluru,2021,2021-01-01,2021-03-31,S2A_MSIL2A_20210324T050651_N0500_R019_T43PGQ_20230524T100503,2021-03-24 05:06:51.024000+00:00,11.87,sentinel-2a,sentinel-2-l2a,"[76.84053428354963, 12.560404476746363, 77.86186761560747, 13.560919826573118]"
Bengaluru,2022,2022-01-01,2022-03-31,S2B_MSIL2A_20220103T051209_N0510_R019_T43PGQ_20240422T225503,2022-01-03 05:12:09.024000+00:00,2.16362,sentinel-2b,sentinel-2-l2a,"[76.84053428354963, 12.560404476746363, 77.86186761560747, 13.560947860896603]"
Bengaluru,2022,2022-01-01,2022-03-31,S2A_MSIL2A_20220108T051211_N0510_R019_T43PGQ_20240426T012820,2022-01-08 05:12:11.024000+00:00,57.865876,sentinel-2a,sentinel-2-l2a,"[76.84053428354963, 12.560404476746363, 77.86186761560747, 13.560930007554221]"
Bengaluru,2022,2022-01-01,2022-03-31,S2B_MSIL2A_20220113T051149_N0510_R019_T43PGQ_20240428T155942,2022-01-13 05:11:49.024000+00:00,24.268568,sentinel-2b,sentinel-2-l2a,"[76.84053428354963, 12.560404476746363, 77.86186761560747, 13.56092201931951]"
Bengaluru,2022,2022-01-01,2022-03-31,S2A_MSIL2A_20220118T051141_N0510_R019_T43PGQ_20240502T060348,2022-01-18 05:11:41.024000+00:00,24.73914,sentinel-2a,sentinel-2-l2a,"[76.84172040665698, 12.560404476746363, 77.86186761560747, 13.560879396761084]"
Bengaluru,2022,2022-01-01,2022-03-31,S2B_MSIL2A_20220123T051109_N0510_R019_T43PGQ_20240505T003803,2022-01-23 05:11:09.024000+00:00,3.4e-05,sentinel-2b,sentinel-2-l2a,"[76.84053428354963, 12.560404476746363, 77.86186761560747, 13.560883784055859]"
Bengaluru,2022,2022-01-01,2022-03-31,S2A_MSIL2A_20220128T051051_N0510_R019_T43PGQ_20240507T151013,2022-01-28 05:10:51.024000+00:00,49.47792,sentinel-2a,sentinel-2-l2a,"[76.84053428354963, 12.560404476746363, 77.86186761560747, 13.560885721486581]"
Bengaluru,2022,2022-01-01,2022-03-31,S2B_MSIL2A_20220202T051019_N0510_R019_T43PGQ_20240509T162135,2022-02-02 05:10:19.024000+00:00,13.942607,sentinel-2b,sentinel-2-l2a,"[76.84053428354963, 12.560404476746363, 77.86186761560747, 13.560870615658727]"
Bengaluru,2022,2022-01-01,2022-03-31,S2A_MSIL2A_20220207T051001_N0510_R019_T43PGQ_20240512T134255,2022-02-07 05:10:01.024000+00:00,53.205955,sentinel-2a,sentinel-2-l2a,"[76.84053428354963, 12.560404476746363, 77.86186761560747, 13.560897444763533]"
Bengaluru,2022,2022-01-01,2022-03-31,S2B_MSIL2A_20220212T050919_N0510_R019_T43PGQ_20240513T191451,2022-02-12 05:09:19.024000+00:00,4.575653,sentinel-2b,sentinel-2-l2a,"[76.84053428354963, 12.560404476746363, 77.86186761560747, 13.56089181194236]"
Bengaluru,2022,2022-01-01,2022-03-31,S2A_MSIL2A_20220217T050901_N0510_R019_T43PGQ_20240516T030001,2022-02-17 05:09:01.024000+00:00,26.308227,sentinel-2a,sentinel-2-l2a,"[76.84053428354963, 12.560404476746363, 77.86186761560747, 13.560913661319056]"
Bengaluru,2022,2022-01-01,2022-03-31,S2B_MSIL2A_20220222T050819_N0510_R019_T43PGQ_20240517T052718,2022-02-22 05:08:19.024000+00:00,15.428977,sentinel-2b,sentinel-2-l2a,"[76.84053428354963, 12.560404476746363, 77.86186761560747, 13.560903301977136]"
Bengaluru,2022,2022-01-01,2022-03-31,S2A_MSIL2A_20220227T050751_N0510_R019_T43PGQ_20240524T033449,2022-02-27 05:07:51.024000+00:00,1.459578,sentinel-2a,sentinel-2-l2a,"[76.84053428354963, 12.560404476746363, 77.86186761560747, 13.560957180919054]"
Bengaluru,2022,2022-01-01,2022-03-31,S2B_MSIL2A_20220304T050709_N0510_R019_T43PGQ_20240524T123103,2022-03-04 05:07:09.024000+00:00,0.003818,sentinel-2b,sentinel-2-l2a,"[76.84053428354963, 12.560404476746363, 77.86186761560747, 13.560949346941578]"
Bengaluru,2022,2022-01-01,2022-03-31,S2A_MSIL2A_20220309T050701_N0510_R019_T43PGQ_20240525T022455,2022-03-09 05:07:01.024000+00:00,0.09,sentinel-2a,sentinel-2-l2a,"[76.840534, 12.560404, 77.861868, 13.560982]"
Bengaluru,2022,2022-01-01,2022-03-31,S2B_MSIL2A_20220314T050649_N0510_R019_T43PGQ_20240525T150546,2022-03-14 05:06:49.024000+00:00,0.201344,sentinel-2b,sentinel-2-l2a,"[76.84053428354963, 12.560404476746363, 77.86186761560747, 13.560961207807514]"
Bengaluru,2022,2022-01-01,2022-03-31,S2A_MSIL2A_20220319T050701_N0510_R019_T43PGQ_20240530T011115,2022-03-19 05:07:01.024000+00:00,0.033801,sentinel-2a,sentinel-2-l2a,"[76.84053428354963, 12.560404476746363, 77.86186761560747, 13.560963699172335]"
Bengaluru,2022,2022-01-01,2022-03-31,S2A_MSIL2A_20220329T050701_N0510_R019_T43PGQ_20240526T222708,2022-03-29 05:07:01.024000+00:00,0.21,sentinel-2a,sentinel-2-l2a,"[76.840534, 12.560404, 77.861868, 13.560932]"
Bengaluru,2024,2024-01-01,2024-03-31,S2B_MSIL2A_20240113T051159_N0510_R019_T43PGQ_20240113T074151,2024-01-13 05:11:59.024000+00:00,72.66,sentinel-2b,sentinel-2-l2a,"[76.84053428354963, 12.560404476746363, 77.86186761560747, 13.560919257184496]"
Bengaluru,2024,2024-01-01,2024-03-31,S2A_MSIL2A_20240118T051131_N0510_R019_T43PGQ_20240118T081358,2024-01-18 05:11:31.024000+00:00,0.15,sentinel-2a,sentinel-2-l2a,"[76.84053428354963, 12.560404476746363, 77.86186761560747, 13.560755802587746]"
Bengaluru,2024,2024-01-01,2024-03-31,S2B_MSIL2A_20240123T051119_N0510_R019_T43PGQ_20240123T073307,2024-01-23 05:11:19.024000+00:00,0.14,sentinel-2b,sentinel-2-l2a,"[76.84053428354963, 12.560404476746363, 77.86186761560747, 13.560917916683987]"
Bengaluru,2024,2024-01-01,2024-03-31,S2A_MSIL2A_20240128T051051_N0510_R019_T43PGQ_20240128T084250,2024-01-28 05:10:51.024000+00:00,44.61,sentinel-2a,sentinel-2-l2a,"[76.84053428354963, 12.560404476746363, 77.86186761560747, 13.560833551450507]"
Bengaluru,2024,2024-01-01,2024-03-31,S2B_MSIL2A_20240202T051029_N0510_R019_T43PGQ_20240202T094038,2024-02-02 05:10:29.024000+00:00,23.38,sentinel-2b,sentinel-2-l2a,"[76.84053428354963, 12.560404476746363, 77.86186761560747, 13.56081948323677]"
Bengaluru,2024,2024-01-01,2024-03-31,S2A_MSIL2A_20240207T051001_N0510_R019_T43PGQ_20240207T085751,2024-02-07 05:10:01.024000+00:00,0.0,sentinel-2a,sentinel-2-l2a,"[76.84053428354963, 12.560404476746363, 77.86186761560747, 13.560824902079661]"
Bengaluru,2024,2024-01-01,2024-03-31,S2B_MSIL2A_20240212T050939_N0510_R019_T43PGQ_20240212T074018,2024-02-12 05:09:39.024000+00:00,0.73,sentinel-2b,sentinel-2-l2a,"[76.84053428354963, 12.560404476746363, 77.86186761560747, 13.560968270230806]"
Bengaluru,2024,2024-01-01,2024-03-31,S2A_MSIL2A_20240217T050901_N0510_R019_T43PGQ_20240217T091753,2024-02-17 05:09:01.024000+00:00,12.35,sentinel-2a,sentinel-2-l2a,"[76.84053428354963, 12.560404476746363, 77.86186761560747, 13.560892000368565]"
Bengaluru,2024,2024-01-01,2024-03-31,S2B_MSIL2A_20240222T050829_N0510_R019_T43PGQ_20240222T074738,2024-02-22 05:08:29.024000+00:00,0.47,sentinel-2b,sentinel-2-l2a,"[76.84053428354963, 12.560404476746363, 77.86186761560747, 13.560959237683322]"
Bengaluru,2024,2024-01-01,2024-03-31,S2A_MSIL2A_20240227T050751_N0510_R019_T43PGQ_20240227T085252,2024-02-27 05:07:51.024000+00:00,1.49,sentinel-2a,sentinel-2-l2a,"[76.84053428354963, 12.560404476746363, 77.86186761560747, 13.560949553423297]"
Bengaluru,2024,2024-01-01,2024-03-31,S2B_MSIL2A_20240303T050719_N0510_R019_T43PGQ_20240303T073146,2024-03-03 05:07:19.024000+00:00,3.72,sentinel-2b,sentinel-2-l2a,"[76.84053428354963, 12.560404476746363, 77.86186761560747, 13.560853461215698]"
Bengaluru,2024,2024-01-01,2024-03-31,S2A_MSIL2A_20240308T050651_N0510_R019_T43PGQ_20240308T084749,2024-03-08 05:06:51.024000+00:00,0.2,sentinel-2a,sentinel-2-l2a,"[76.84053428354963, 12.560404476746363, 77.86186761560747, 13.561007536077765]"
Bengaluru,2024,2024-01-01,2024-03-31,S2B_MSIL2A_20240313T050649_N0510_R019_T43PGQ_20240313T145847,2024-03-13 05:06:49.024000+00:00,0.0,sentinel-2b,sentinel-2-l2a,"[76.84053428354963, 12.560404476746363, 77.86186761560747, 13.560865591219745]"
Bengaluru,2024,2024-01-01,2024-03-31,S2A_MSIL2A_20240318T050651_N0510_R019_T43PGQ_20240318T084852,2024-03-18 05:06:51.024000+00:00,0.19,sentinel-2a,sentinel-2-l2a,"[76.84053428354963, 12.560404476746363, 77.86186761560747, 13.561000560161482]"
Bengaluru,2024,2024-01-01,2024-03-31,S2B_MSIL2A_20240323T050649_N0510_R019_T43PGQ_20240323T082303,2024-03-23 05:06:49.024000+00:00,0.01,sentinel-2b,sentinel-2-l2a,"[76.84053428354963, 12.560404476746363, 77.86186761560747, 13.560977706316233]"
Bengaluru,2024,2024-01-01,2024-03-31,S2A_MSIL2A_20240328T050651_N0510_R019_T43PGQ_20240328T085651,2024-03-28 05:06:51.024000+00:00,0.36,sentinel-2a,sentinel-2-l2a,"[76.84053428354963, 12.560404476746363, 77.86186761560747, 13.56096283847402]"
Bengaluru,2025,2025-01-01,2025-03-31,S2A_MSIL2A_20250102T051221_N0511_R019_T43PGQ_20250102T080951,2025-01-02 05:12:21.024000+00:00,55.97,sentinel-2a,sentinel-2-l2a,"[76.840534, 12.560404, 77.861868, 13.560941]"
Bengaluru,2025,2025-01-01,2025-03-31,S2B_MSIL2A_20250107T051119_N0511_R019_T43PGQ_20250107T080132,2025-01-07 05:11:19.024000+00:00,1.23,sentinel-2b,sentinel-2-l2a,"[76.840534, 12.560404, 77.861868, 13.560924]"
Bengaluru,2025,2025-01-01,2025-03-31,S2A_MSIL2A_20250112T051151_N0511_R019_T43PGQ_20250112T082206,2025-01-12 05:11:51.024000+00:00,3.1,sentinel-2a,sentinel-2-l2a,"[76.840534, 12.560404, 77.861868, 13.560829]"
Bengaluru,2025,2025-01-01,2025-03-31,S2B_MSIL2A_20250117T051039_N0511_R019_T43PGQ_20250117T093134,2025-01-17 05:10:39.024000+00:00,23.13,sentinel-2b,sentinel-2-l2a,"[76.840534, 12.560404, 77.861868, 13.56085]"
Bengaluru,2025,2025-01-01,2025-03-31,S2C_MSIL2A_20250122T051151_N0511_R019_T43PGQ_20250122T084110,2025-01-22 05:11:51.025000+00:00,0.0,sentinel-2c,sentinel-2-l2a,"[76.840534, 12.560404, 77.861868, 13.561048]"
Bengaluru,2025,2025-01-01,2025-03-31,S2B_MSIL2A_20250127T051009_N0511_R019_T43PGQ_20250127T075517,2025-01-27 05:10:09.024000+00:00,4.03,sentinel-2b,sentinel-2-l2a,"[76.840534, 12.560404, 77.861868, 13.560961]"
Bengaluru,2025,2025-01-01,2025-03-31,S2C_MSIL2A_20250201T051101_N0511_R019_T43PGQ_20250201T095810,2025-02-01 05:11:01.025000+00:00,25.877291,sentinel-2c,sentinel-2-l2a,"[76.84053428354963, 12.560404476746363, 77.86186761560747, 13.56100814397598]"
Bengaluru,2025,2025-01-01,2025-03-31,S2B_MSIL2A_20250206T050909_N0511_R019_T43PGQ_20250206T071445,2025-02-06 05:09:09.024000+00:00,0.0,sentinel-2b,sentinel-2-l2a,"[76.840534, 12.560404, 77.861868, 13.560902]"
Bengaluru,2025,2025-01-01,2025-03-31,S2C_MSIL2A_20250211T051001_N0511_R019_T43PGQ_20250211T102211,2025-02-11 05:10:01.025000+00:00,0.001635,sentinel-2c,sentinel-2-l2a,"[76.84053428354963, 12.560404476746363, 77.86186761560747, 13.560981143469471]"
Bengaluru,2025,2025-01-01,2025-03-31,S2B_MSIL2A_20250216T050809_N0511_R019_T43PGQ_20250216T073441,2025-02-16 05:08:09.024000+00:00,0.0,sentinel-2b,sentinel-2-l2a,"[76.84053428354963, 12.560404476746363, 77.86186761560747, 13.56103311677715]"
Bengaluru,2025,2025-01-01,2025-03-31,S2C_MSIL2A_20250221T050851_N0511_R019_T43PGQ_20250221T120413,2025-02-21 05:08:51.025000+00:00,0.000654,sentinel-2c,sentinel-2-l2a,"[76.84053428354963, 12.560404476746363, 77.86186761560747, 13.5608801430433]"
Bengaluru,2025,2025-01-01,2025-03-31,S2B_MSIL2A_20250226T050659_N0511_R019_T43PGQ_20250226T071341,2025-02-26 05:06:59.024000+00:00,0.0,sentinel-2b,sentinel-2-l2a,"[76.84053428354963, 12.560404476746363, 77.86186761560747, 13.560993539275287]"
Bengaluru,2025,2025-01-01,2025-03-31,S2C_MSIL2A_20250303T050741_N0511_R019_T43PGQ_20250303T100209,2025-03-03 05:07:41.025000+00:00,40.520382,sentinel-2c,sentinel-2-l2a,"[76.84053428354963, 12.560404476746363, 77.86186761560747, 13.560988236094884]"
Bengaluru,2025,2025-01-01,2025-03-31,S2B_MSIL2A_20250308T050659_N0511_R019_T43PGQ_20250308T072151,2025-03-08 05:06:59.024000+00:00,0.08,sentinel-2b,sentinel-2-l2a,"[76.84053428354963, 12.560404476746363, 77.86186761560747, 13.56101168679158]"
Bengaluru,2025,2025-01-01,2025-03-31,S2C_MSIL2A_20250313T050711_N0511_R019_T43PGQ_20250313T102208,2025-03-13 05:07:11.025000+00:00,3.618279,sentinel-2c,sentinel-2-l2a,"[76.84053428354963, 12.560404476746363, 77.86186761560747, 13.560956397491246]"
Bengaluru,2025,2025-01-01,2025-03-31,S2A_MSIL2A_20250315T051241_N0511_R019_T43PGQ_20250315T113317,2025-03-15 05:12:41.024000+00:00,0.0,sentinel-2a,sentinel-2-l2a,"[76.84053428354963, 12.560404476746363, 77.86186761560747, 13.560898788793809]"
Bengaluru,2025,2025-01-01,2025-03-31,S2B_MSIL2A_20250318T050659_N0511_R019_T43PGQ_20250318T080831,2025-03-18 05:06:59.024000+00:00,3.84,sentinel-2b,sentinel-2-l2a,"[76.84053428354963, 12.560404476746363, 77.86186761560747, 13.561001412207789]"
Bengaluru,2025,2025-01-01,2025-03-31,S2C_MSIL2A_20250323T050711_N0511_R019_T43PGQ_20250323T100117,2025-03-23 05:07:11.025000+00:00,36.732629,sentinel-2c,sentinel-2-l2a,"[76.84053428354963, 12.560404476746363, 77.86186761560747, 13.561000256298431]"
Bengaluru,2025,2025-01-01,2025-03-31,S2B_MSIL2A_20250328T050659_N0511_R019_T43PGQ_20250328T075231,2025-03-28 05:06:59.024000+00:00,17.292337,sentinel-2b,sentinel-2-l2a,"[76.84053428354963, 12.560404476746363, 77.86186761560747, 13.560964819843703]"
Bengaluru,2026,2026-01-01,2026-03-31,S2B_MSIL2A_20260102T051119_N0511_R019_T43PGQ_20260102T084448,2026-01-02 05:11:19.024000+00:00,78.11,sentinel-2b,sentinel-2-l2a,"[76.84053428354963, 12.560404476746363, 77.86186761560747, 13.560944642581457]"
Bengaluru,2026,2026-01-01,2026-03-31,S2C_MSIL2A_20260107T051211_N0511_R019_T43PGQ_20260107T082109,2026-01-07 05:12:11.025000+00:00,0.05,sentinel-2c,sentinel-2-l2a,"[76.84053428354963, 12.560404476746363, 77.86186761560747, 13.561012231798559]"
Bengaluru,2026,2026-01-01,2026-03-31,S2A_MSIL2A_20260109T051241_N0511_R019_T43PGQ_20260109T080318,2026-01-09 05:12:41.024000+00:00,49.01,sentinel-2a,sentinel-2-l2a,"[76.84053428354963, 12.560404476746363, 77.86186761560747, 13.560972074101363]"
Bengaluru,2026,2026-01-01,2026-03-31,S2C_MSIL2A_20260117T051141_N0511_R019_T43PGQ_20260117T081509,2026-01-17 05:11:41.025000+00:00,0.07,sentinel-2c,sentinel-2-l2a,"[76.84053428354963, 12.560404476746363, 77.86186761560747, 13.56087876377005]"
Bengaluru,2026,2026-01-01,2026-03-31,S2B_MSIL2A_20260122T051019_N0511_R019_T43PGQ_20260122T084749,2026-01-22 05:10:19.024000+00:00,0.0,sentinel-2b,sentinel-2-l2a,"[76.84053428354963, 12.560404476746363, 77.86186761560747, 13.560865602677605]"
Bengaluru,2026,2026-01-01,2026-03-31,S2C_MSIL2A_20260127T051101_N0511_R019_T43PGQ_20260127T095309,2026-01-27 05:11:01.025000+00:00,0.88,sentinel-2c,sentinel-2-l2a,"[76.84053428354963, 12.560404476746363, 77.86080524082259, 13.560829776183683]"
Bengaluru,2026,2026-01-01,2026-03-31,S2B_MSIL2A_20260201T050929_N0511_R019_T43PGQ_20260201T085208,2026-02-01 05:09:29.024000+00:00,0.0,sentinel-2b,sentinel-2-l2a,"[76.84053428354963, 12.560404476746363, 77.86186761560747, 13.560845311403181]"
Bengaluru,2026,2026-01-01,2026-03-31,S2B_MSIL2A_20260211T050839_N0512_R019_T43PGQ_20260211T085923,2026-02-11 05:08:39.024000+00:00,0.0,sentinel-2b,sentinel-2-l2a,"[76.84053428354963, 12.560404476746363, 77.86186761560747, 13.56085623132341]"
Bengaluru,2026,2026-01-01,2026-03-31,S2C_MSIL2A_20260216T050911_N0512_R019_T43PGQ_20260216T100811,2026-02-16 05:09:11.025000+00:00,6.2,sentinel-2c,sentinel-2-l2a,"[76.84053428354963, 12.560404476746363, 77.86186761560747, 13.561004813467706]"
Bengaluru,2026,2026-01-01,2026-03-31,S2B_MSIL2A_20260221T050729_N0512_R019_T43PGQ_20260221T104107,2026-02-21 05:07:29.024000+00:00,20.98,sentinel-2b,sentinel-2-l2a,"[76.84053428354963, 12.560404476746363, 77.86186761560747, 13.560956609353621]"
Bengaluru,2026,2026-01-01,2026-03-31,S2C_MSIL2A_20260226T050801_N0512_R019_T43PGQ_20260226T101013,2026-02-26 05:08:01.025000+00:00,35.15,sentinel-2c,sentinel-2-l2a,"[76.84053428354963, 12.560404476746363, 77.86186761560747, 13.561016258026527]"
Bengaluru,2026,2026-01-01,2026-03-31,S2B_MSIL2A_20260303T050649_N0512_R019_T43PGQ_20260303T101734,2026-03-03 05:06:49.024000+00:00,0.01,sentinel-2b,sentinel-2-l2a,"[76.84053428354963, 12.560404476746363, 77.86186761560747, 13.561007406344755]"
Bengaluru,2026,2026-01-01,2026-03-31,S2C_MSIL2A_20260308T050651_N0512_R019_T43PGQ_20260308T101312,2026-03-08 05:06:51.024000+00:00,2.4,sentinel-2c,sentinel-2-l2a,"[76.84053428354963, 12.560404476746363, 77.86186761560747, 13.561011927713588]"
Bengaluru,2026,2026-01-01,2026-03-31,S2A_MSIL2A_20260310T051241_N0512_R019_T43PGQ_20260310T105217,2026-03-10 05:12:41.024000+00:00,0.02,sentinel-2a,sentinel-2-l2a,"[76.84053428354963, 12.560404476746363, 77.86186761560747, 13.560933861421406]"
Bengaluru,2026,2026-01-01,2026-03-31,S2B_MSIL2A_20260313T050649_N0512_R019_T43PGQ_20260313T091002,2026-03-13 05:06:49.024000+00:00,0.12,sentinel-2b,sentinel-2-l2a,"[76.84053428354963, 12.560404476746363, 77.86186761560747, 13.560981682688444]"
Bengaluru,2026,2026-01-01,2026-03-31,S2C_MSIL2A_20260318T050651_N0512_R019_T43PGQ_20260318T101309,2026-03-18 05:06:51.025000+00:00,65.94,sentinel-2c,sentinel-2-l2a,"[76.84053428354963, 12.560404476746363, 77.86186761560747, 13.56104763157298]"
Bengaluru,2026,2026-01-01,2026-03-31,S2A_MSIL2A_20260320T051241_N0512_R019_T43PGQ_20260320T102809,2026-03-20 05:12:41.024000+00:00,13.12,sentinel-2a,sentinel-2-l2a,"[76.84053428354963, 12.560404476746363, 77.86186761560747, 13.561014091257919]"
Bengaluru,2026,2026-01-01,2026-03-31,S2B_MSIL2A_20260323T050649_N0512_R019_T43PGQ_20260323T091003,2026-03-23 05:06:49.024000+00:00,2.64,sentinel-2b,sentinel-2-l2a,"[76.84053428354963, 12.560404476746363, 77.86186761560747, 13.560962632575503]"
Bengaluru,2026,2026-01-01,2026-03-31,S2C_MSIL2A_20260328T050651_N0512_R019_T43PGQ_20260328T102419,2026-03-28 05:06:51.025000+00:00,4.66,sentinel-2c,sentinel-2-l2a,"[76.84053428354963, 12.560404476746363, 77.86186761560747, 13.56101699469966]"
Delhi,2020,2020-01-01,2020-03-31,S2A_MSIL2A_20200105T053221_N0500_R105_T43RGM_20230421T133140,2020-01-05 05:32:21.024000+00:00,0.0,sentinel-2a,sentinel-2-l2a,"[77.03201561861826, 27.90119245659242, 78.17608328684004, 28.912660135203044]"
Delhi,2020,2020-01-01,2020-03-31,S2A_MSIL2A_20200105T053221_N0500_R105_T43RFM_20230421T133140,2020-01-05 05:32:21.024000+00:00,1.85,sentinel-2a,sentinel-2-l2a,"[76.01640656053715, 27.920643940656262, 77.15189496895174, 28.924374105049683]"
Delhi,2020,2020-01-01,2020-03-31,S2B_MSIL2A_20200110T053209_N0500_R105_T43RGM_20230623T223547,2020-01-10 05:32:09.024000+00:00,0.41,sentinel-2b,sentinel-2-l2a,"[77.03201561861826, 27.90119245659242, 78.17608328684004, 28.912660135203044]"
Delhi,2020,2020-01-01,2020-03-31,S2B_MSIL2A_20200110T053209_N0500_R105_T43RFM_20230623T223547,2020-01-10 05:32:09.024000+00:00,2.74,sentinel-2b,sentinel-2-l2a,"[76.01640656053715, 27.920643940656262, 77.15189496895174, 28.924374105049683]"
Delhi,2020,2020-01-01,2020-03-31,S2A_MSIL2A_20200115T053151_N0500_R105_T43RGM_20230429T053516,2020-01-15 05:31:51.024000+00:00,8.13,sentinel-2a,sentinel-2-l2a,"[77.03201561861826, 27.90119245659242, 78.17608328684004, 28.912660135203044]"
Delhi,2020,2020-01-01,2020-03-31,S2A_MSIL2A_20200115T053151_N0500_R105_T43RFM_20230429T053516,2020-01-15 05:31:51.024000+00:00,9.29,sentinel-2a,sentinel-2-l2a,"[76.01640656053715, 27.920643940656262, 77.15189496895174, 28.924374105049683]"
Delhi,2020,2020-01-01,2020-03-31,S2A_MSIL2A_20200125T053101_N0500_R105_T43RGM_20230430T011208,2020-01-25 05:31:01.024000+00:00,6.51,sentinel-2a,sentinel-2-l2a,"[77.03201561861826, 27.90119245659242, 78.17608328684004, 28.912660135203044]"
Delhi,2020,2020-01-01,2020-03-31,S2A_MSIL2A_20200125T053101_N0500_R105_T43RFM_20230430T011208,2020-01-25 05:31:01.024000+00:00,1.34,sentinel-2a,sentinel-2-l2a,"[76.01640656053715, 27.920643940656262, 77.15189496895174, 28.924374105049683]"
Delhi,2020,2020-01-01,2020-03-31,S2B_MSIL2A_20200130T053049_N0500_R105_T43RGM_20230426T123620,2020-01-30 05:30:49.024000+00:00,0.01,sentinel-2b,sentinel-2-l2a,"[77.03201561861826, 27.90119245659242, 78.17608328684004, 28.912660135203044]"
Delhi,2020,2020-01-01,2020-03-31,S2B_MSIL2A_20200130T053049_N0500_R105_T43RFM_20230426T123620,2020-01-30 05:30:49.024000+00:00,4.57,sentinel-2b,sentinel-2-l2a,"[76.01640656053715, 27.920643940656262, 77.15189496895174, 28.924374105049683]"
Delhi,2020,2020-01-01,2020-03-31,S2A_MSIL2A_20200204T053021_N0500_R105_T43RGM_20230427T045943,2020-02-04 05:30:21.024000+00:00,1.95,sentinel-2a,sentinel-2-l2a,"[77.03201561861826, 27.90119245659242, 78.17608328684004, 28.912660135203044]"
Delhi,2020,2020-01-01,2020-03-31,S2A_MSIL2A_20200204T053021_N0500_R105_T43RFM_20230427T045943,2020-02-04 05:30:21.024000+00:00,9.01,sentinel-2a,sentinel-2-l2a,"[76.01640656053715, 27.920643940656262, 77.15189496895174, 28.924374105049683]"
Delhi,2020,2020-01-01,2020-03-31,S2B_MSIL2A_20200209T052949_N0500_R105_T43RGM_20230625T035802,2020-02-09 05:29:49.024000+00:00,20.78,sentinel-2b,sentinel-2-l2a,"[77.03201561861826, 27.90119245659242, 78.17608328684004, 28.912660135203044]"
Delhi,2020,2020-01-01,2020-03-31,S2B_MSIL2A_20200209T052949_N0500_R105_T43RFM_20230625T035802,2020-02-09 05:29:49.024000+00:00,34.19,sentinel-2b,sentinel-2-l2a,"[76.01640656053715, 27.920643940656262, 77.15189496895174, 28.924374105049683]"
Delhi,2020,2020-01-01,2020-03-31,S2A_MSIL2A_20200214T052921_N0500_R105_T43RGM_20230502T020823,2020-02-14 05:29:21.024000+00:00,0.0,sentinel-2a,sentinel-2-l2a,"[77.032016, 27.901192, 78.176083, 28.91266]"
Delhi,2020,2020-01-01,2020-03-31,S2A_MSIL2A_20200214T052921_N0500_R105_T43RFM_20230502T020823,2020-02-14 05:29:21.024000+00:00,2.53,sentinel-2a,sentinel-2-l2a,"[76.016407, 27.920644, 77.151895, 28.924374]"
Delhi,2020,2020-01-01,2020-03-31,S2B_MSIL2A_20200219T052849_N0500_R105_T43RGM_20230427T205654,2020-02-19 05:28:49.024000+00:00,60.18,sentinel-2b,sentinel-2-l2a,"[77.03201561861826, 27.90119245659242, 78.17608328684004, 28.912660135203044]"
Delhi,2020,2020-01-01,2020-03-31,S2B_MSIL2A_20200219T052849_N0500_R105_T43RFM_20230427T205654,2020-02-19 05:28:49.024000+00:00,72.71,sentinel-2b,sentinel-2-l2a,"[76.01640656053715, 27.920643940656262, 77.15189496895174, 28.924374105049683]"
Delhi,2020,2020-01-01,2020-03-31,S2A_MSIL2A_20200224T052811_N0500_R105_T43RGM_20230429T105106,2020-02-24 05:28:11.024000+00:00,6.08,sentinel-2a,sentinel-2-l2a,"[77.03201561861826, 27.90119245659242, 78.17608328684004, 28.912660135203044]"
Delhi,2020,2020-01-01,2020-03-31,S2A_MSIL2A_20200224T052811_N0500_R105_T43RFM_20230429T105106,2020-02-24 05:28:11.024000+00:00,12.44,sentinel-2a,sentinel-2-l2a,"[76.01640656053715, 27.920643940656262, 77.15189496895174, 28.924374105049683]"
Delhi,2020,2020-01-01,2020-03-31,S2B_MSIL2A_20200229T052739_N0500_R105_T43RGM_20230429T032226,2020-02-29 05:27:39.024000+00:00,66.88,sentinel-2b,sentinel-2-l2a,"[77.03201561861826, 27.90119245659242, 78.17608328684004, 28.912660135203044]"
Delhi,2020,2020-01-01,2020-03-31,S2B_MSIL2A_20200229T052739_N0500_R105_T43RFM_20230429T032226,2020-02-29 05:27:39.024000+00:00,21.62,sentinel-2b,sentinel-2-l2a,"[76.01640656053715, 27.920643940656262, 77.15189496895174, 28.924374105049683]"
Delhi,2020,2020-01-01,2020-03-31,S2A_MSIL2A_20200305T052711_N0500_R105_T43RGM_20230629T013158,2020-03-05 05:27:11.024000+00:00,38.71,sentinel-2a,sentinel-2-l2a,"[77.03201561861826, 27.90119245659242, 78.17608328684004, 28.912660135203044]"
Delhi,2020,2020-01-01,2020-03-31,S2A_MSIL2A_20200305T052711_N0500_R105_T43RFM_20230629T013158,2020-03-05 05:27:11.024000+00:00,28.53,sentinel-2a,sentinel-2-l2a,"[76.01640656053715, 27.920643940656262, 77.15189496895174, 28.924374105049683]"
Delhi,2020,2020-01-01,2020-03-31,S2B_MSIL2A_20200310T052649_N0500_R105_T43RGM_20230620T170530,2020-03-10 05:26:49.024000+00:00,0.0,sentinel-2b,sentinel-2-l2a,"[77.03201561861826, 27.90119245659242, 78.17608328684004, 28.912660135203044]"
Delhi,2020,2020-01-01,2020-03-31,S2B_MSIL2A_20200310T052649_N0500_R105_T43RFM_20230620T170530,2020-03-10 05:26:49.024000+00:00,0.02,sentinel-2b,sentinel-2-l2a,"[76.01640656053715, 27.920643940656262, 77.15189496895174, 28.924374105049683]"
Delhi,2020,2020-01-01,2020-03-31,S2A_MSIL2A_20200315T052641_N0500_R105_T43RGM_20230621T205110,2020-03-15 05:26:41.024000+00:00,8.57,sentinel-2a,sentinel-2-l2a,"[77.03201561861826, 27.90119245659242, 78.17608328684004, 28.912660135203044]"
Delhi,2020,2020-01-01,2020-03-31,S2A_MSIL2A_20200315T052641_N0500_R105_T43RFM_20230621T205110,2020-03-15 05:26:41.024000+00:00,38.06,sentinel-2a,sentinel-2-l2a,"[76.01640656053715, 27.920643940656262, 77.15189496895174, 28.924374105049683]"
Delhi,2020,2020-01-01,2020-03-31,S2B_MSIL2A_20200320T052649_N0500_R105_T43RGM_20230531T204204,2020-03-20 05:26:49.024000+00:00,56.24,sentinel-2b,sentinel-2-l2a,"[77.03201561861826, 27.90119245659242, 78.17608328684004, 28.912660135203044]"
Delhi,2020,2020-01-01,2020-03-31,S2B_MSIL2A_20200320T052649_N0500_R105_T43RFM_20230531T204204,2020-03-20 05:26:49.024000+00:00,61.63,sentinel-2b,sentinel-2-l2a,"[76.01640656053715, 27.920643940656262, 77.15189496895174, 28.924374105049683]"
Delhi,2020,2020-01-01,2020-03-31,S2A_MSIL2A_20200325T052641_N0500_R105_T43RGM_20230423T215710,2020-03-25 05:26:41.024000+00:00,0.07,sentinel-2a,sentinel-2-l2a,"[77.03201561861826, 27.90119245659242, 78.17608328684004, 28.912660135203044]"
Delhi,2020,2020-01-01,2020-03-31,S2A_MSIL2A_20200325T052641_N0500_R105_T43RFM_20230423T215710,2020-03-25 05:26:41.024000+00:00,26.44,sentinel-2a,sentinel-2-l2a,"[76.01640656053715, 27.920643940656262, 77.15189496895174, 28.924374105049683]"
Delhi,2020,2020-01-01,2020-03-31,S2B_MSIL2A_20200330T052649_N0500_R105_T43RGM_20230613T074720,2020-03-30 05:26:49.024000+00:00,1.32,sentinel-2b,sentinel-2-l2a,"[77.03201561861826, 27.90119245659242, 78.17608328684004, 28.912660135203044]"
Delhi,2020,2020-01-01,2020-03-31,S2B_MSIL2A_20200330T052649_N0500_R105_T43RFM_20230613T074720,2020-03-30 05:26:49.024000+00:00,36.59,sentinel-2b,sentinel-2-l2a,"[76.01640656053715, 27.920643940656262, 77.15189496895174, 28.924374105049683]"
Delhi,2021,2021-01-01,2021-03-31,S2B_MSIL2A_20210104T053219_N0500_R105_T43RGM_20230409T034652,2021-01-04 05:32:19.024000+00:00,48.17,sentinel-2b,sentinel-2-l2a,"[77.03201561861826, 27.90119245659242, 78.17608328684004, 28.912660135203044]"
Delhi,2021,2021-01-01,2021-03-31,S2B_MSIL2A_20210104T053219_N0500_R105_T43RFM_20230409T034652,2021-01-04 05:32:19.024000+00:00,41.74,sentinel-2b,sentinel-2-l2a,"[76.01640656053715, 27.920643940656262, 77.15189496895174, 28.924374105049683]"
Delhi,2021,2021-01-01,2021-03-31,S2A_MSIL2A_20210109T053211_N0500_R105_T43RGM_20230530T104623,2021-01-09 05:32:11.024000+00:00,69.71,sentinel-2a,sentinel-2-l2a,"[77.03201561861826, 27.90119245659242, 78.17608328684004, 28.912660135203044]"
Delhi,2021,2021-01-01,2021-03-31,S2B_MSIL2A_20210114T053159_N0500_R105_T43RGM_20230608T225156,2021-01-14 05:31:59.024000+00:00,54.34,sentinel-2b,sentinel-2-l2a,"[77.03201561861826, 27.90119245659242, 78.17608328684004, 28.912660135203044]"
Delhi,2021,2021-01-01,2021-03-31,S2B_MSIL2A_20210114T053159_N0500_R105_T43RFM_20230608T225156,2021-01-14 05:31:59.024000+00:00,15.27,sentinel-2b,sentinel-2-l2a,"[76.01640656053715, 27.920643940656262, 77.15189496895174, 28.924374105049683]"
Delhi,2021,2021-01-01,2021-03-31,S2A_MSIL2A_20210119T053141_N0500_R105_T43RGM_20230527T172345,2021-01-19 05:31:41.024000+00:00,2.74,sentinel-2a,sentinel-2-l2a,"[77.03201561861826, 27.90119245659242, 78.17608328684004, 28.912660135203044]"
Delhi,2021,2021-01-01,2021-03-31,S2B_MSIL2A_20210124T053109_N0500_R105_T43RFM_20230527T093141,2021-01-24 05:31:09.024000+00:00,75.12,sentinel-2b,sentinel-2-l2a,"[76.01640656053715, 27.920643940656262, 77.15189496895174, 28.924374105049683]"
Delhi,2021,2021-01-01,2021-03-31,S2A_MSIL2A_20210129T053101_N0500_R105_T43RGM_20230604T073056,2021-01-29 05:31:01.024000+00:00,23.44,sentinel-2a,sentinel-2-l2a,"[77.03201561861826, 27.90119245659242, 78.17608328684004, 28.912660135203044]"
Delhi,2021,2021-01-01,2021-03-31,S2A_MSIL2A_20210129T053101_N0500_R105_T43RFM_20230604T073056,2021-01-29 05:31:01.024000+00:00,0.0,sentinel-2a,sentinel-2-l2a,"[76.01640656053715, 27.920643940656262, 77.15189496895174, 28.924374105049683]"
Delhi,2021,2021-01-01,2021-03-31,S2B_MSIL2A_20210203T053029_N0500_R105_T43RGM_20230603T001124,2021-02-03 05:30:29.024000+00:00,46.72,sentinel-2b,sentinel-2-l2a,"[77.03201561861826, 27.90119245659242, 78.17608328684004, 28.912660135203044]"
Delhi,2021,2021-01-01,2021-03-31,S2B_MSIL2A_20210203T053029_N0500_R105_T43RFM_20230603T001124,2021-02-03 05:30:29.024000+00:00,12.81,sentinel-2b,sentinel-2-l2a,"[76.01640656053715, 27.920643940656262, 77.15189496895174, 28.924374105049683]"
Delhi,2021,2021-01-01,2021-03-31,S2A_MSIL2A_20210208T053001_N0500_R105_T43RGM_20230605T124733,2021-02-08 05:30:01.024000+00:00,0.0,sentinel-2a,sentinel-2-l2a,"[77.03201561861826, 27.90119245659242, 78.17608328684004, 28.912660135203044]"
Delhi,2021,2021-01-01,2021-03-31,S2A_MSIL2A_20210208T053001_N0500_R105_T43RFM_20230605T124733,2021-02-08 05:30:01.024000+00:00,0.0,sentinel-2a,sentinel-2-l2a,"[76.01640656053715, 27.920643940656262, 77.15189496895174, 28.924374105049683]"
Delhi,2021,2021-01-01,2021-03-31,S2B_MSIL2A_20210213T052929_N0500_R105_T43RGM_20230608T055609,2021-02-13 05:29:29.024000+00:00,49.83,sentinel-2b,sentinel-2-l2a,"[77.03201561861826, 27.90119245659242, 78.17608328684004, 28.912660135203044]"
Delhi,2021,2021-01-01,2021-03-31,S2B_MSIL2A_20210213T052929_N0500_R105_T43RFM_20230608T055609,2021-02-13 05:29:29.024000+00:00,26.98,sentinel-2b,sentinel-2-l2a,"[76.01640656053715, 27.920643940656262, 77.15189496895174, 28.924374105049683]"
Delhi,2021,2021-01-01,2021-03-31,S2A_MSIL2A_20210218T052851_N0500_R105_T43RGM_20230519T195908,2021-02-18 05:28:51.024000+00:00,0.0,sentinel-2a,sentinel-2-l2a,"[77.03201561861826, 27.90119245659242, 78.17608328684004, 28.912660135203044]"
Delhi,2021,2021-01-01,2021-03-31,S2A_MSIL2A_20210218T052851_N0500_R105_T43RFM_20230519T195908,2021-02-18 05:28:51.024000+00:00,0.39,sentinel-2a,sentinel-2-l2a,"[76.01640656053715, 27.920643940656262, 77.15189496895174, 28.924374105049683]"
Delhi,2021,2021-01-01,2021-03-31,S2B_MSIL2A_20210223T052819_N0500_R105_T43RGM_20230525T105235,2021-02-23 05:28:19.024000+00:00,0.11,sentinel-2b,sentinel-2-l2a,"[77.03201561861826, 27.90119245659242, 78.17608328684004, 28.912660135203044]"
Delhi,2021,2021-01-01,2021-03-31,S2B_MSIL2A_20210223T052819_N0500_R105_T43RFM_20230525T105235,2021-02-23 05:28:19.024000+00:00,0.75,sentinel-2b,sentinel-2-l2a,"[76.01640656053715, 27.920643940656262, 77.15189496895174, 28.924374105049683]"
Delhi,2021,2021-01-01,2021-03-31,S2A_MSIL2A_20210228T052751_N0500_R105_T43RGM_20230603T234735,2021-02-28 05:27:51.024000+00:00,0.46,sentinel-2a,sentinel-2-l2a,"[77.03201561861826, 27.90119245659242, 78.17608328684004, 28.912660135203044]"
Delhi,2021,2021-01-01,2021-03-31,S2A_MSIL2A_20210228T052751_N0500_R105_T43RFM_20230603T234735,2021-02-28 05:27:51.024000+00:00,0.0,sentinel-2a,sentinel-2-l2a,"[76.01640656053715, 27.920643940656262, 77.15189496895174, 28.924374105049683]"
Delhi,2021,2021-01-01,2021-03-31,S2B_MSIL2A_20210305T052709_N0500_R105_T43RGM_20230606T191903,2021-03-05 05:27:09.024000+00:00,0.0,sentinel-2b,sentinel-2-l2a,"[77.03201561861826, 27.90119245659242, 78.17608328684004, 28.912660135203044]"
Delhi,2021,2021-01-01,2021-03-31,S2B_MSIL2A_20210305T052709_N0500_R105_T43RFM_20230606T191903,2021-03-05 05:27:09.024000+00:00,0.0,sentinel-2b,sentinel-2-l2a,"[76.01640656053715, 27.920643940656262, 77.15189496895174, 28.924374105049683]"
Delhi,2021,2021-01-01,2021-03-31,S2A_MSIL2A_20210310T052651_N0500_R105_T43RGM_20230531T013421,2021-03-10 05:26:51.024000+00:00,0.3,sentinel-2a,sentinel-2-l2a,"[77.04309133778592, 28.23923574266154, 78.17608328684004, 28.912660135203044]"
Delhi,2021,2021-01-01,2021-03-31,S2A_MSIL2A_20210310T052651_N0500_R105_T43RGM_20230527T011322,2021-03-10 05:26:51.024000+00:00,3.22,sentinel-2a,sentinel-2-l2a,"[77.03201561861826, 27.90119245659242, 78.16203700806587, 28.675622575167605]"
Delhi,2021,2021-01-01,2021-03-31,S2A_MSIL2A_20210310T052651_N0500_R105_T43RFM_20230531T013421,2021-03-10 05:26:51.024000+00:00,0.0,sentinel-2a,sentinel-2-l2a,"[76.02371358022332, 28.478195463168486, 77.15189496895174, 28.924374105049683]"
Delhi,2021,2021-01-01,2021-03-31,S2A_MSIL2A_20210310T052651_N0500_R105_T43RFM_20230527T011322,2021-03-10 05:26:51.024000+00:00,0.0,sentinel-2a,sentinel-2-l2a,"[76.01640656053715, 27.920643940656262, 77.14672857468737, 28.87054040068569]"
Delhi,2021,2021-01-01,2021-03-31,S2B_MSIL2A_20210315T052649_N0500_R105_T43RGM_20230528T193246,2021-03-15 05:26:49.024000+00:00,0.21,sentinel-2b,sentinel-2-l2a,"[77.03201561861826, 27.90119245659242, 78.17608328684004, 28.912660135203044]"
Delhi,2021,2021-01-01,2021-03-31,S2B_MSIL2A_20210315T052649_N0500_R105_T43RFM_20230528T193246,2021-03-15 05:26:49.024000+00:00,26.94,sentinel-2b,sentinel-2-l2a,"[76.01640656053715, 27.920643940656262, 77.15189496895174, 28.924374105049683]"
Delhi,2021,2021-01-01,2021-03-31,S2A_MSIL2A_20210320T052651_N0500_R105_T43RGM_20230521T140114,2021-03-20 05:26:51.024000+00:00,0.0,sentinel-2a,sentinel-2-l2a,"[77.03201561861826, 27.90119245659242, 78.17608328684004, 28.912660135203044]"
Delhi,2021,2021-01-01,2021-03-31,S2A_MSIL2A_20210320T052651_N0500_R105_T43RFM_20230521T140114,2021-03-20 05:26:51.024000+00:00,0.35,sentinel-2a,sentinel-2-l2a,"[76.01640656053715, 27.920643940656262, 77.15189496895174, 28.924374105049683]"
Delhi,2021,2021-01-01,2021-03-31,S2B_MSIL2A_20210325T052649_N0500_R105_T43RGM_20230520T134204,2021-03-25 05:26:49.024000+00:00,40.8,sentinel-2b,sentinel-2-l2a,"[77.03201561861826, 27.90119245659242, 78.17608328684004, 28.912660135203044]"
Delhi,2021,2021-01-01,2021-03-31,S2A_MSIL2A_20210330T052641_N0500_R105_T43RGM_20230528T202910,2021-03-30 05:26:41.024000+00:00,3.83,sentinel-2a,sentinel-2-l2a,"[77.03201561861826, 27.90119245659242, 78.17608328684004, 28.912660135203044]"
Delhi,2021,2021-01-01,2021-03-31,S2A_MSIL2A_20210330T052641_N0500_R105_T43RFM_20230528T202910,2021-03-30 05:26:41.024000+00:00,4.84,sentinel-2a,sentinel-2-l2a,"[76.01640656053715, 27.920643940656262, 77.15189496895174, 28.924374105049683]"
Delhi,2022,2022-01-01,2022-03-31,S2A_MSIL2A_20220124T053111_N0510_R105_T43RFM_20240505T111503,2022-01-24 05:31:11.024000+00:00,76.921624,sentinel-2a,sentinel-2-l2a,"[76.01640656053715, 27.920643940656262, 77.15189496895174, 28.924374105049683]"
Delhi,2022,2022-01-01,2022-03-31,S2B_MSIL2A_20220129T053049_N0510_R105_T43RGM_20240507T215212,2022-01-29 05:30:49.024000+00:00,0.000129,sentinel-2b,sentinel-2-l2a,"[77.03201561861826, 27.90119245659242, 78.17608328684004, 28.912660135203044]"
Delhi,2022,2022-01-01,2022-03-31,S2B_MSIL2A_20220129T053049_N0510_R105_T43RFM_20240507T215212,2022-01-29 05:30:49.024000+00:00,4.3e-05,sentinel-2b,sentinel-2-l2a,"[76.01640656053715, 27.920643940656262, 77.15189496895174, 28.924374105049683]"
Delhi,2022,2022-01-01,2022-03-31,S2B_MSIL2A_20220208T052959_N0510_R105_T43RGM_20240512T190839,2022-02-08 05:29:59.024000+00:00,0.334319,sentinel-2b,sentinel-2-l2a,"[77.03201561861826, 27.90119245659242, 78.17608328684004, 28.912660135203044]"
Delhi,2022,2022-01-01,2022-03-31,S2B_MSIL2A_20220208T052959_N0510_R105_T43RFM_20240512T190839,2022-02-08 05:29:59.024000+00:00,0.082093,sentinel-2b,sentinel-2-l2a,"[76.01640656053715, 27.920643940656262, 77.15189496895174, 28.924374105049683]"
Delhi,2022,2022-01-01,2022-03-31,S2A_MSIL2A_20220213T052931_N0510_R105_T43RGM_20240514T034227,2022-02-13 05:29:31.024000+00:00,1.7e-05,sentinel-2a,sentinel-2-l2a,"[77.03201561861826, 27.90119245659242, 78.17608328684004, 28.912660135203044]"
Delhi,2022,2022-01-01,2022-03-31,S2A_MSIL2A_20220213T052931_N0510_R105_T43RFM_20240514T034227,2022-02-13 05:29:31.024000+00:00,0.000428,sentinel-2a,sentinel-2-l2a,"[76.01640656053715, 27.920643940656262, 77.15189496895174, 28.924374105049683]"
Delhi,2022,2022-01-01,2022-03-31,S2B_MSIL2A_20220218T052849_N0510_R105_T43RGM_20240516T050310,2022-02-18 05:28:49.024000+00:00,0.000163,sentinel-2b,sentinel-2-l2a,"[77.03201561861826, 27.90119245659242, 78.17608328684004, 28.912660135203044]"
Delhi,2022,2022-01-01,2022-03-31,S2B_MSIL2A_20220218T052849_N0510_R105_T43RFM_20240516T050310,2022-02-18 05:28:49.024000+00:00,0.000388,sentinel-2b,sentinel-2-l2a,"[76.01640656053715, 27.920643940656262, 77.15189496895174, 28.924374105049683]"
Delhi,2022,2022-01-01,2022-03-31,S2B_MSIL2A_20220228T052749_N0510_R105_T43RGM_20240524T101817,2022-02-28 05:27:49.024000+00:00,0.000133,sentinel-2b,sentinel-2-l2a,"[77.03201561861826, 27.90119245659242, 78.17608328684004, 28.912660135203044]"
Delhi,2022,2022-01-01,2022-03-31,S2B_MSIL2A_20220228T052749_N0510_R105_T43RFM_20240524T101817,2022-02-28 05:27:49.024000+00:00,0.0009190000000000001,sentinel-2b,sentinel-2-l2a,"[76.01640656053715, 27.920643940656262, 77.15189496895174, 28.924374105049683]"
Delhi,2022,2022-01-01,2022-03-31,S2A_MSIL2A_20220305T052721_N0510_R105_T43RGM_20240518T062125,2022-03-05 05:27:21.024000+00:00,5e-05,sentinel-2a,sentinel-2-l2a,"[77.03201561861826, 27.90119245659242, 78.17608328684004, 28.912660135203044]"
Delhi,2022,2022-01-01,2022-03-31,S2A_MSIL2A_20220305T052721_N0510_R105_T43RFM_20240518T062125,2022-03-05 05:27:21.024000+00:00,0.000126,sentinel-2a,sentinel-2-l2a,"[76.01640656053715, 27.920643940656262, 77.15189496895174, 28.924374105049683]"
Delhi,2022,2022-01-01,2022-03-31,S2B_MSIL2A_20220310T052649_N0510_R105_T43RGM_20240521T224214,2022-03-10 05:26:49.024000+00:00,28.252134,sentinel-2b,sentinel-2-l2a,"[77.03201561861826, 27.90119245659242, 78.17608328684004, 28.912660135203044]"
Delhi,2022,2022-01-01,2022-03-31,S2B_MSIL2A_20220310T052649_N0510_R105_T43RFM_20240521T224214,2022-03-10 05:26:49.024000+00:00,24.046446,sentinel-2b,sentinel-2-l2a,"[76.01640656053715, 27.920643940656262, 77.15189496895174, 28.924374105049683]"
Delhi,2022,2022-01-01,2022-03-31,S2A_MSIL2A_20220315T052651_N0510_R105_T43RGM_20240521T233710,2022-03-15 05:26:51.024000+00:00,0.000192,sentinel-2a,sentinel-2-l2a,"[77.03201561861826, 27.90119245659242, 78.17608328684004, 28.912660135203044]"
Delhi,2022,2022-01-01,2022-03-31,S2A_MSIL2A_20220315T052651_N0510_R105_T43RFM_20240521T233710,2022-03-15 05:26:51.024000+00:00,0.0,sentinel-2a,sentinel-2-l2a,"[76.01640656053715, 27.920643940656262, 77.15189496895174, 28.924374105049683]"
Delhi,2022,2022-01-01,2022-03-31,S2B_MSIL2A_20220320T052649_N0510_R105_T43RGM_20240523T111512,2022-03-20 05:26:49.024000+00:00,9.81,sentinel-2b,sentinel-2-l2a,"[77.032016, 27.901192, 78.176083, 28.91266]"
Delhi,2022,2022-01-01,2022-03-31,S2B_MSIL2A_20220320T052649_N0510_R105_T43RFM_20240523T111512,2022-03-20 05:26:49.024000+00:00,6.22,sentinel-2b,sentinel-2-l2a,"[76.016407, 27.920644, 77.151895, 28.924374]"
Delhi,2022,2022-01-01,2022-03-31,S2A_MSIL2A_20220325T052651_N0510_R105_T43RGM_20240522T045219,2022-03-25 05:26:51.024000+00:00,0.0,sentinel-2a,sentinel-2-l2a,"[77.032016, 27.901192, 78.176083, 28.91266]"
Delhi,2022,2022-01-01,2022-03-31,S2A_MSIL2A_20220325T052651_N0510_R105_T43RFM_20240522T045219,2022-03-25 05:26:51.024000+00:00,0.0,sentinel-2a,sentinel-2-l2a,"[76.016407, 27.920644, 77.151895, 28.924374]"
Delhi,2022,2022-01-01,2022-03-31,S2B_MSIL2A_20220330T052639_N0510_R105_T43RGM_20240522T115955,2022-03-30 05:26:39.024000+00:00,0.0,sentinel-2b,sentinel-2-l2a,"[77.03201561861826, 27.90119245659242, 78.17608328684004, 28.912660135203044]"
Delhi,2022,2022-01-01,2022-03-31,S2B_MSIL2A_20220330T052639_N0510_R105_T43RFM_20240522T115955,2022-03-30 05:26:39.024000+00:00,0.0,sentinel-2b,sentinel-2-l2a,"[76.01640656053715, 27.920643940656262, 77.15189496895174, 28.924374105049683]"
Delhi,2023,2023-01-01,2023-03-31,S2A_MSIL2A_20230109T053221_N0510_R105_T43RFM_20240813T023100,2023-01-09 05:32:21.024000+00:00,39.49,sentinel-2a,sentinel-2-l2a,"[76.01640656053715, 27.920643940656262, 77.15189496895174, 28.924374105049683]"
Delhi,2023,2023-01-01,2023-03-31,S2B_MSIL2A_20230114T053159_N0510_R105_T43RGM_20240810T132542,2023-01-14 05:31:59.024000+00:00,59.31,sentinel-2b,sentinel-2-l2a,"[77.03201561861826, 27.90119245659242, 78.17608328684004, 28.912660135203044]"
Delhi,2023,2023-01-01,2023-03-31,S2B_MSIL2A_20230114T053159_N0510_R105_T43RFM_20240810T132542,2023-01-14 05:31:59.024000+00:00,4.12,sentinel-2b,sentinel-2-l2a,"[76.01640656053715, 27.920643940656262, 77.15189496895174, 28.924374105049683]"
Delhi,2023,2023-01-01,2023-03-31,S2A_MSIL2A_20230119T053141_N0510_R105_T43RGM_20240811T173622,2023-01-19 05:31:41.024000+00:00,14.36,sentinel-2a,sentinel-2-l2a,"[77.03201561861826, 27.90119245659242, 78.17608328684004, 28.912660135203044]"
Delhi,2023,2023-01-01,2023-03-31,S2A_MSIL2A_20230119T053141_N0510_R105_T43RFM_20240811T173622,2023-01-19 05:31:41.024000+00:00,0.0,sentinel-2a,sentinel-2-l2a,"[76.01640656053715, 27.920643940656262, 77.15189496895174, 28.924374105049683]"
Delhi,2023,2023-01-01,2023-03-31,S2B_MSIL2A_20230203T053029_N0510_R105_T43RGM_20240815T095844,2023-02-03 05:30:29.024000+00:00,0.0,sentinel-2b,sentinel-2-l2a,"[77.03201561861826, 27.90119245659242, 78.17608328684004, 28.912660135203044]"
Delhi,2023,2023-01-01,2023-03-31,S2B_MSIL2A_20230203T053029_N0510_R105_T43RFM_20240815T095844,2023-02-03 05:30:29.024000+00:00,0.0,sentinel-2b,sentinel-2-l2a,"[76.01640656053715, 27.920643940656262, 77.15189496895174, 28.924374105049683]"
Delhi,2023,2023-01-01,2023-03-31,S2A_MSIL2A_20230208T053001_N0510_R105_T43RGM_20240813T085045,2023-02-08 05:30:01.024000+00:00,5.33,sentinel-2a,sentinel-2-l2a,"[77.03201561861826, 27.90119245659242, 78.17608328684004, 28.912660135203044]"
Delhi,2023,2023-01-01,2023-03-31,S2A_MSIL2A_20230208T053001_N0510_R105_T43RFM_20240813T085045,2023-02-08 05:30:01.024000+00:00,0.03,sentinel-2a,sentinel-2-l2a,"[76.01640656053715, 27.920643940656262, 77.15189496895174, 28.924374105049683]"
Delhi,2023,2023-01-01,2023-03-31,S2B_MSIL2A_20230213T052929_N0510_R105_T43RGM_20240814T185508,2023-02-13 05:29:29.024000+00:00,0.51,sentinel-2b,sentinel-2-l2a,"[77.03201561861826, 27.90119245659242, 78.17608328684004, 28.912660135203044]"
Delhi,2023,2023-01-01,2023-03-31,S2B_MSIL2A_20230213T052929_N0510_R105_T43RFM_20240814T185508,2023-02-13 05:29:29.024000+00:00,2.96,sentinel-2b,sentinel-2-l2a,"[76.01640656053715, 27.920643940656262, 77.15189496895174, 28.924374105049683]"
Delhi,2023,2023-01-01,2023-03-31,S2A_MSIL2A_20230218T052901_N0510_R105_T43RGM_20240818T081459,2023-02-18 05:29:01.024000+00:00,0.95,sentinel-2a,sentinel-2-l2a,"[77.03201561861826, 27.90119245659242, 78.17608328684004, 28.912660135203044]"
Delhi,2023,2023-01-01,2023-03-31,S2A_MSIL2A_20230218T052901_N0510_R105_T43RFM_20240818T081459,2023-02-18 05:29:01.024000+00:00,0.99,sentinel-2a,sentinel-2-l2a,"[76.01640656053715, 27.920643940656262, 77.15189496895174, 28.924374105049683]"
Delhi,2023,2023-01-01,2023-03-31,S2B_MSIL2A_20230223T052829_N0510_R105_T43RGM_20240818T152903,2023-02-23 05:28:29.025000+00:00,0.0,sentinel-2b,sentinel-2-l2a,"[77.03201561861826, 27.90119245659242, 78.17608328684004, 28.912660135203044]"
Delhi,2023,2023-01-01,2023-03-31,S2B_MSIL2A_20230223T052829_N0510_R105_T43RFM_20240818T152903,2023-02-23 05:28:29.025000+00:00,0.0,sentinel-2b,sentinel-2-l2a,"[76.01640656053715, 27.920643940656262, 77.15189496895174, 28.924374105049683]"
Delhi,2023,2023-01-01,2023-03-31,S2A_MSIL2A_20230228T052751_N0510_R105_T43RGM_20240820T074946,2023-02-28 05:27:51.024000+00:00,36.43,sentinel-2a,sentinel-2-l2a,"[77.03201561861826, 27.90119245659242, 78.17608328684004, 28.912660135203044]"
Delhi,2023,2023-01-01,2023-03-31,S2A_MSIL2A_20230228T052751_N0510_R105_T43RFM_20240820T074946,2023-02-28 05:27:51.024000+00:00,9.35,sentinel-2a,sentinel-2-l2a,"[76.01640656053715, 27.920643940656262, 77.15189496895174, 28.924374105049683]"
Delhi,2023,2023-01-01,2023-03-31,S2B_MSIL2A_20230305T052719_N0510_R105_T43RGM_20240819T183418,2023-03-05 05:27:19.025000+00:00,5.78,sentinel-2b,sentinel-2-l2a,"[77.03201561861826, 27.90119245659242, 78.17608328684004, 28.912660135203044]"
Delhi,2023,2023-01-01,2023-03-31,S2B_MSIL2A_20230305T052719_N0510_R105_T43RFM_20240819T183418,2023-03-05 05:27:19.025000+00:00,0.0,sentinel-2b,sentinel-2-l2a,"[76.01640656053715, 27.920643940656262, 77.15189496895174, 28.924374105049683]"
Delhi,2023,2023-01-01,2023-03-31,S2A_MSIL2A_20230310T052641_N0510_R105_T43RGM_20240824T200443,2023-03-10 05:26:41.024000+00:00,0.0,sentinel-2a,sentinel-2-l2a,"[77.03201561861826, 27.90119245659242, 78.17608328684004, 28.912660135203044]"
Delhi,2023,2023-01-01,2023-03-31,S2A_MSIL2A_20230310T052641_N0510_R105_T43RFM_20240824T200443,2023-03-10 05:26:41.024000+00:00,0.0,sentinel-2a,sentinel-2-l2a,"[76.01640656053715, 27.920643940656262, 77.15189496895174, 28.924374105049683]"
Delhi,2023,2023-01-01,2023-03-31,S2B_MSIL2A_20230315T052649_N0510_R105_T43RGM_20240822T150431,2023-03-15 05:26:49.024000+00:00,22.98,sentinel-2b,sentinel-2-l2a,"[77.03201561861826, 27.90119245659242, 78.17608328684004, 28.912660135203044]"
Delhi,2023,2023-01-01,2023-03-31,S2B_MSIL2A_20230315T052649_N0510_R105_T43RFM_20240822T150431,2023-03-15 05:26:49.024000+00:00,59.45,sentinel-2b,sentinel-2-l2a,"[76.01640656053715, 27.920643940656262, 77.15189496895174, 28.924374105049683]"
Delhi,2023,2023-01-01,2023-03-31,S2A_MSIL2A_20230320T052641_N0510_R105_T43RFM_20240825T201943,2023-03-20 05:26:41.024000+00:00,73.2,sentinel-2a,sentinel-2-l2a,"[76.01640656053715, 27.920643940656262, 77.15189496895174, 28.924374105049683]"
Delhi,2023,2023-01-01,2023-03-31,S2B_MSIL2A_20230325T052649_N0510_R105_T43RGM_20240825T040445,2023-03-25 05:26:49.024000+00:00,8.42,sentinel-2b,sentinel-2-l2a,"[77.03201561861826, 27.90119245659242, 78.17608328684004, 28.912660135203044]"
Delhi,2023,2023-01-01,2023-03-31,S2B_MSIL2A_20230325T052649_N0510_R105_T43RFM_20240825T040445,2023-03-25 05:26:49.024000+00:00,14.78,sentinel-2b,sentinel-2-l2a,"[76.01640656053715, 27.920643940656262, 77.15189496895174, 28.924374105049683]"
Delhi,2023,2023-01-01,2023-03-31,S2A_MSIL2A_20230330T052641_N0510_R105_T43RGM_20240824T200213,2023-03-30 05:26:41.024000+00:00,10.11,sentinel-2a,sentinel-2-l2a,"[77.03201561861826, 27.90119245659242, 78.17608328684004, 28.912660135203044]"
Delhi,2023,2023-01-01,2023-03-31,S2A_MSIL2A_20230330T052641_N0510_R105_T43RFM_20240824T200213,2023-03-30 05:26:41.024000+00:00,21.7,sentinel-2a,sentinel-2-l2a,"[76.01640656053715, 27.920643940656262, 77.15189496895174, 28.924374105049683]"
Delhi,2025,2025-01-01,2025-03-31,S2B_MSIL2A_20250113T053209_N0511_R105_T43RGM_20250113T074041,2025-01-13 05:32:09.024000+00:00,19.09,sentinel-2b,sentinel-2-l2a,"[77.032016, 27.901192, 78.176083, 28.91266]"
Delhi,2025,2025-01-01,2025-03-31,S2A_MSIL2A_20250118T053141_N0511_R105_T43RGM_20250118T092848,2025-01-18 05:31:41.024000+00:00,69.83,sentinel-2a,sentinel-2-l2a,"[77.032016, 27.901192, 78.176083, 28.91266]"
Delhi,2025,2025-01-01,2025-03-31,S2A_MSIL2A_20250118T053141_N0511_R105_T43RFM_20250118T092848,2025-01-18 05:31:41.024000+00:00,69.6,sentinel-2a,sentinel-2-l2a,"[76.016407, 27.920644, 77.151895, 28.924374]"
Delhi,2025,2025-01-01,2025-03-31,S2B_MSIL2A_20250123T053029_N0511_R105_T43RGM_20250123T084836,2025-01-23 05:30:29.024000+00:00,13.79,sentinel-2b,sentinel-2-l2a,"[77.032016, 27.901192, 78.176083, 28.91266]"
Delhi,2025,2025-01-01,2025-03-31,S2B_MSIL2A_20250123T053029_N0511_R105_T43RFM_20250123T084836,2025-01-23 05:30:29.024000+00:00,0.32,sentinel-2b,sentinel-2-l2a,"[76.016407, 27.920644, 77.151895, 28.924374]"
Delhi,2025,2025-01-01,2025-03-31,S2C_MSIL2A_20250128T053131_N0511_R105_T43RGM_20250128T084454,2025-01-28 05:31:31.024000+00:00,0.0,sentinel-2c,sentinel-2-l2a,"[77.032016, 27.901192, 78.176083, 28.91266]"
Delhi,2025,2025-01-01,2025-03-31,S2C_MSIL2A_20250128T053131_N0511_R105_T43RFM_20250128T084454,2025-01-28 05:31:31.024000+00:00,0.08,sentinel-2c,sentinel-2-l2a,"[76.016407, 27.920644, 77.151895, 28.924374]"
Delhi,2025,2025-01-01,2025-03-31,S2B_MSIL2A_20250202T052939_N0511_R105_T43RGM_20250202T073543,2025-02-02 05:29:39.024000+00:00,13.58,sentinel-2b,sentinel-2-l2a,"[77.032016, 27.901192, 78.176083, 28.91266]"
Delhi,2025,2025-01-01,2025-03-31,S2B_MSIL2A_20250202T052939_N0511_R105_T43RFM_20250202T073543,2025-02-02 05:29:39.024000+00:00,36.94,sentinel-2b,sentinel-2-l2a,"[76.016407, 27.920644, 77.151895, 28.924374]"
Delhi,2025,2025-01-01,2025-03-31,S2C_MSIL2A_20250207T053031_N0511_R105_T43RGM_20250207T084610,2025-02-07 05:30:31.025000+00:00,9.178865,sentinel-2c,sentinel-2-l2a,"[77.03201561861826, 27.90119245659242, 78.17608328684004, 28.912660135203044]"
Delhi,2025,2025-01-01,2025-03-31,S2C_MSIL2A_20250207T053031_N0511_R105_T43RFM_20250207T084610,2025-02-07 05:30:31.025000+00:00,0.003882,sentinel-2c,sentinel-2-l2a,"[76.01640656053715, 27.920643940656262, 77.15189496895174, 28.924374105049683]"
Delhi,2025,2025-01-01,2025-03-31,S2B_MSIL2A_20250212T052839_N0511_R105_T43RGM_20250212T073606,2025-02-12 05:28:39.024000+00:00,0.000139,sentinel-2b,sentinel-2-l2a,"[77.03201561861826, 27.90119245659242, 78.17608328684004, 28.912660135203044]"
Delhi,2025,2025-01-01,2025-03-31,S2B_MSIL2A_20250212T052839_N0511_R105_T43RFM_20250212T073606,2025-02-12 05:28:39.024000+00:00,0.000813,sentinel-2b,sentinel-2-l2a,"[76.01640656053715, 27.920643940656262, 77.15189496895174, 28.924374105049683]"
Delhi,2025,2025-01-01,2025-03-31,S2C_MSIL2A_20250217T052931_N0511_R105_T43RGM_20250217T090011,2025-02-17 05:29:31.025000+00:00,39.025292,sentinel-2c,sentinel-2-l2a,"[77.03201561861826, 27.90119245659242, 78.17608328684004, 28.912660135203044]"
Delhi,2025,2025-01-01,2025-03-31,S2C_MSIL2A_20250217T052931_N0511_R105_T43RFM_20250217T090011,2025-02-17 05:29:31.025000+00:00,42.219818,sentinel-2c,sentinel-2-l2a,"[76.01640656053715, 27.920643940656262, 77.15189496895174, 28.924374105049683]"
Delhi,2025,2025-01-01,2025-03-31,S2B_MSIL2A_20250222T052739_N0511_R105_T43RGM_20250222T074108,2025-02-22 05:27:39.024000+00:00,11.88,sentinel-2b,sentinel-2-l2a,"[77.04386925151593, 28.280524580627688, 78.17608328684004, 28.912660135203044]"
Delhi,2025,2025-01-01,2025-03-31,S2B_MSIL2A_20250222T052739_N0511_R105_T43RGM_20250222T073727,2025-02-22 05:27:39.024000+00:00,3.68,sentinel-2b,sentinel-2-l2a,"[77.03201561861826, 27.90119245659242, 78.16327021352419, 28.715738376433695]"
Delhi,2025,2025-01-01,2025-03-31,S2B_MSIL2A_20250222T052739_N0511_R105_T43RFM_20250222T074108,2025-02-22 05:27:39.024000+00:00,58.43,sentinel-2b,sentinel-2-l2a,"[76.02409865499368, 28.51877924472583, 77.15189496895174, 28.924374105049683]"
Delhi,2025,2025-01-01,2025-03-31,S2B_MSIL2A_20250222T052739_N0511_R105_T43RFM_20250222T073727,2025-02-22 05:27:39.024000+00:00,27.1,sentinel-2b,sentinel-2-l2a,"[76.01640656053715, 27.920643940656262, 77.14753663750714, 28.910360660607154]"
Delhi,2025,2025-01-01,2025-03-31,S2B_MSIL2A_20250304T052649_N0511_R105_T43RGM_20250304T073919,2025-03-04 05:26:49.024000+00:00,0.0,sentinel-2b,sentinel-2-l2a,"[77.03201561861826, 27.90119245659242, 78.17608328684004, 28.912660135203044]"
Delhi,2025,2025-01-01,2025-03-31,S2B_MSIL2A_20250304T052649_N0511_R105_T43RFM_20250304T073919,2025-03-04 05:26:49.024000+00:00,0.0,sentinel-2b,sentinel-2-l2a,"[76.01640656053715, 27.920643940656262, 77.15189496895174, 28.924374105049683]"
Delhi,2025,2025-01-01,2025-03-31,S2C_MSIL2A_20250309T052711_N0511_R105_T43RGM_20250309T105213,2025-03-09 05:27:11.025000+00:00,3.806703,sentinel-2c,sentinel-2-l2a,"[77.03201561861826, 27.90119245659242, 78.17608328684004, 28.912660135203044]"
Delhi,2025,2025-01-01,2025-03-31,S2C_MSIL2A_20250309T052711_N0511_R105_T43RFM_20250309T105213,2025-03-09 05:27:11.025000+00:00,0.970458,sentinel-2c,sentinel-2-l2a,"[76.01640656053715, 27.920643940656262, 77.15189496895174, 28.924374105049683]"
Delhi,2025,2025-01-01,2025-03-31,S2B_MSIL2A_20250314T052649_N0511_R105_T43RGM_20250314T095315,2025-03-14 05:26:49.024000+00:00,0.52,sentinel-2b,sentinel-2-l2a,"[77.03201561861826, 27.90119245659242, 78.17608328684004, 28.912660135203044]"
Delhi,2025,2025-01-01,2025-03-31,S2B_MSIL2A_20250314T052649_N0511_R105_T43RFM_20250314T095315,2025-03-14 05:26:49.024000+00:00,0.07,sentinel-2b,sentinel-2-l2a,"[76.01640656053715, 27.920643940656262, 77.15189496895174, 28.924374105049683]"
Delhi,2025,2025-01-01,2025-03-31,S2C_MSIL2A_20250319T052711_N0511_R105_T43RGM_20250319T104817,2025-03-19 05:27:11.025000+00:00,0.000441,sentinel-2c,sentinel-2-l2a,"[77.03201561861826, 27.90119245659242, 78.17608328684004, 28.912660135203044]"
Delhi,2025,2025-01-01,2025-03-31,S2C_MSIL2A_20250319T052711_N0511_R105_T43RFM_20250319T104817,2025-03-19 05:27:11.025000+00:00,0.000232,sentinel-2c,sentinel-2-l2a,"[76.01640656053715, 27.920643940656262, 77.15189496895174, 28.924374105049683]"
Delhi,2025,2025-01-01,2025-03-31,S2B_MSIL2A_20250324T052649_N0511_R105_T43RGM_20250324T074123,2025-03-24 05:26:49.024000+00:00,9.3e-05,sentinel-2b,sentinel-2-l2a,"[77.03201561861826, 27.90119245659242, 78.17608328684004, 28.912660135203044]"
Delhi,2025,2025-01-01,2025-03-31,S2B_MSIL2A_20250324T052649_N0511_R105_T43RFM_20250324T074123,2025-03-24 05:26:49.024000+00:00,0.000581,sentinel-2b,sentinel-2-l2a,"[76.01640656053715, 27.920643940656262, 77.15189496895174, 28.924374105049683]"
Delhi,2025,2025-01-01,2025-03-31,S2C_MSIL2A_20250329T052841_N0511_R105_T43RGM_20250329T105014,2025-03-29 05:28:41.025000+00:00,37.914705,sentinel-2c,sentinel-2-l2a,"[77.03201561861826, 27.90119245659242, 78.17608328684004, 28.912660135203044]"
Delhi,2025,2025-01-01,2025-03-31,S2C_MSIL2A_20250329T052841_N0511_R105_T43RFM_20250329T105014,2025-03-29 05:28:41.025000+00:00,53.877091,sentinel-2c,sentinel-2-l2a,"[76.01640656053715, 27.920643940656262, 77.15189496895174, 28.924374105049683]"
Delhi,2025,2025-01-01,2025-03-31,S2A_MSIL2A_20250331T053241_N0511_R105_T43RGM_20250331T104813,2025-03-31 05:32:41.024000+00:00,0.000438,sentinel-2a,sentinel-2-l2a,"[77.03201561861826, 27.90119245659242, 78.17608328684004, 28.912660135203044]"
Delhi,2025,2025-01-01,2025-03-31,S2A_MSIL2A_20250331T053241_N0511_R105_T43RFM_20250331T104813,2025-03-31 05:32:41.024000+00:00,0.019127,sentinel-2a,sentinel-2-l2a,"[76.01640656053715, 27.920643940656262, 77.15189496895174, 28.924374105049683]"
Delhi,2026,2026-01-01,2026-03-31,S2A_MSIL2A_20260105T053251_N0511_R105_T43RGM_20260105T084010,2026-01-05 05:32:51.024000+00:00,54.3,sentinel-2a,sentinel-2-l2a,"[77.03201561861826, 27.90119245659242, 78.17608328684004, 28.912660135203044]"
Delhi,2026,2026-01-01,2026-03-31,S2A_MSIL2A_20260105T053251_N0511_R105_T43RFM_20260105T084010,2026-01-05 05:32:51.024000+00:00,66.41,sentinel-2a,sentinel-2-l2a,"[76.01640656053715, 27.920643940656262, 77.15189496895174, 28.924374105049683]"
Delhi,2026,2026-01-01,2026-03-31,S2B_MSIL2A_20260108T053109_N0511_R105_T43RGM_20260108T073730,2026-01-08 05:31:09.024000+00:00,75.48,sentinel-2b,sentinel-2-l2a,"[77.03201561861826, 27.90119245659242, 78.17608328684004, 28.912660135203044]"
Delhi,2026,2026-01-01,2026-03-31,S2C_MSIL2A_20260113T053201_N0511_R105_T43RGM_20260113T090418,2026-01-13 05:32:01.025000+00:00,31.25,sentinel-2c,sentinel-2-l2a,"[77.03201561861826, 27.90119245659242, 78.17608328684004, 28.912660135203044]"
Delhi,2026,2026-01-01,2026-03-31,S2C_MSIL2A_20260113T053201_N0511_R105_T43RFM_20260113T090418,2026-01-13 05:32:01.025000+00:00,35.79,sentinel-2c,sentinel-2-l2a,"[76.01640656053715, 27.920643940656262, 77.15189496895174, 28.924374105049683]"
Delhi,2026,2026-01-01,2026-03-31,S2B_MSIL2A_20260118T053049_N0511_R105_T43RGM_20260118T073251,2026-01-18 05:30:49.024000+00:00,13.18,sentinel-2b,sentinel-2-l2a,"[77.03201561861826, 27.90119245659242, 78.17608328684004, 28.912660135203044]"
Delhi,2026,2026-01-01,2026-03-31,S2B_MSIL2A_20260118T053049_N0511_R105_T43RFM_20260118T073251,2026-01-18 05:30:49.024000+00:00,20.37,sentinel-2b,sentinel-2-l2a,"[76.01640656053715, 27.920643940656262, 77.15189496895174, 28.924374105049683]"
Delhi,2026,2026-01-01,2026-03-31,S2B_MSIL2A_20260207T052909_N0512_R105_T43RGM_20260207T092426,2026-02-07 05:29:09.024000+00:00,12.52,sentinel-2b,sentinel-2-l2a,"[77.03201561861826, 27.90119245659242, 78.17608328684004, 28.912660135203044]"
Delhi,2026,2026-01-01,2026-03-31,S2B_MSIL2A_20260207T052909_N0512_R105_T43RFM_20260207T092426,2026-02-07 05:29:09.024000+00:00,17.45,sentinel-2b,sentinel-2-l2a,"[76.01640656053715, 27.920643940656262, 77.15189496895174, 28.924374105049683]"
Delhi,2026,2026-01-01,2026-03-31,S2A_MSIL2A_20260207T054111_N0512_R105_T43RGM_20260207T100108,2026-02-07 05:41:11.024000+00:00,13.3,sentinel-2a,sentinel-2-l2a,"[77.03201561861826, 27.90119245659242, 78.17067047037862, 28.912660135203044]"
Delhi,2026,2026-01-01,2026-03-31,S2A_MSIL2A_20260207T054111_N0512_R105_T43RFM_20260207T100108,2026-02-07 05:41:11.024000+00:00,17.52,sentinel-2a,sentinel-2-l2a,"[76.01640656053715, 27.920643940656262, 77.15189496895174, 28.924374105049683]"
Delhi,2026,2026-01-01,2026-03-31,S2C_MSIL2A_20260212T052941_N0512_R105_T43RGM_20260212T084209,2026-02-12 05:29:41.025000+00:00,31.27,sentinel-2c,sentinel-2-l2a,"[77.03201561861826, 27.90119245659242, 78.17608328684004, 28.912660135203044]"
Delhi,2026,2026-01-01,2026-03-31,S2B_MSIL2A_20260217T052809_N0512_R105_T43RGM_20260217T091243,2026-02-17 05:28:09.024000+00:00,0.0,sentinel-2b,sentinel-2-l2a,"[77.03201561861826, 27.90119245659242, 78.17608328684004, 28.912660135203044]"
Delhi,2026,2026-01-01,2026-03-31,S2B_MSIL2A_20260217T052809_N0512_R105_T43RFM_20260217T091243,2026-02-17 05:28:09.024000+00:00,1.92,sentinel-2b,sentinel-2-l2a,"[76.01640656053715, 27.920643940656262, 77.15189496895174, 28.924374105049683]"
Delhi,2026,2026-01-01,2026-03-31,S2A_MSIL2A_20260217T054121_N0512_R105_T43RGM_20260217T080907,2026-02-17 05:41:21.024000+00:00,0.0,sentinel-2a,sentinel-2-l2a,"[77.03201561861826, 27.90119245659242, 78.17130302612856, 28.912660135203044]"
Delhi,2026,2026-01-01,2026-03-31,S2A_MSIL2A_20260217T054121_N0512_R105_T43RFM_20260217T080907,2026-02-17 05:41:21.024000+00:00,1.85,sentinel-2a,sentinel-2-l2a,"[76.01640656053715, 27.920643940656262, 77.15189496895174, 28.924374105049683]"
Delhi,2026,2026-01-01,2026-03-31,S2C_MSIL2A_20260222T052831_N0512_R105_T43RGM_20260222T102511,2026-02-22 05:28:31.024000+00:00,0.0,sentinel-2c,sentinel-2-l2a,"[77.03201561861826, 27.90119245659242, 78.17608328684004, 28.912660135203044]"
Delhi,2026,2026-01-01,2026-03-31,S2C_MSIL2A_20260222T052831_N0512_R105_T43RFM_20260222T102511,2026-02-22 05:28:31.024000+00:00,0.0,sentinel-2c,sentinel-2-l2a,"[76.01640656053715, 27.920643940656262, 77.15189496895174, 28.924374105049683]"
Delhi,2026,2026-01-01,2026-03-31,S2B_MSIL2A_20260227T052659_N0512_R105_T43RGM_20260227T091040,2026-02-27 05:26:59.024000+00:00,0.0,sentinel-2b,sentinel-2-l2a,"[77.03201561861826, 27.90119245659242, 78.17608328684004, 28.912660135203044]"
Delhi,2026,2026-01-01,2026-03-31,S2B_MSIL2A_20260227T052659_N0512_R105_T43RFM_20260227T091040,2026-02-27 05:26:59.024000+00:00,0.0,sentinel-2b,sentinel-2-l2a,"[76.01640656053715, 27.920643940656262, 77.15189496895174, 28.924374105049683]"
Delhi,2026,2026-01-01,2026-03-31,S2C_MSIL2A_20260304T052721_N0512_R105_T43RGM_20260304T102911,2026-03-04 05:27:21.025000+00:00,0.0,sentinel-2c,sentinel-2-l2a,"[77.03201561861826, 27.90119245659242, 78.17608328684004, 28.912660135203044]"
Delhi,2026,2026-01-01,2026-03-31,S2C_MSIL2A_20260304T052721_N0512_R105_T43RFM_20260304T102911,2026-03-04 05:27:21.025000+00:00,0.0,sentinel-2c,sentinel-2-l2a,"[76.01640656053715, 27.920643940656262, 77.15189496895174, 28.924374105049683]"
Delhi,2026,2026-01-01,2026-03-31,S2A_MSIL2A_20260306T053251_N0512_R105_T43RGM_20260310T110618,2026-03-06 05:32:51.024000+00:00,0.0,sentinel-2a,sentinel-2-l2a,"[77.03201561861826, 27.90119245659242, 78.17608328684004, 28.912660135203044]"
Delhi,2026,2026-01-01,2026-03-31,S2A_MSIL2A_20260306T053251_N0512_R105_T43RFM_20260310T110618,2026-03-06 05:32:51.024000+00:00,0.0,sentinel-2a,sentinel-2-l2a,"[76.01640656053715, 27.920643940656262, 77.15189496895174, 28.924374105049683]"
Delhi,2026,2026-01-01,2026-03-31,S2B_MSIL2A_20260309T052639_N0512_R105_T43RGM_20260309T092006,2026-03-09 05:26:39.024000+00:00,48.77,sentinel-2b,sentinel-2-l2a,"[77.03201561861826, 27.90119245659242, 78.17608328684004, 28.912660135203044]"
Delhi,2026,2026-01-01,2026-03-31,S2B_MSIL2A_20260309T052639_N0512_R105_T43RFM_20260309T092006,2026-03-09 05:26:39.024000+00:00,15.6,sentinel-2b,sentinel-2-l2a,"[76.01640656053715, 27.920643940656262, 77.15189496895174, 28.924374105049683]"
Delhi,2026,2026-01-01,2026-03-31,S2C_MSIL2A_20260314T052651_N0512_R105_T43RGM_20260314T105213,2026-03-14 05:26:51.025000+00:00,42.73,sentinel-2c,sentinel-2-l2a,"[77.03201561861826, 27.90119245659242, 78.17608328684004, 28.912660135203044]"
Delhi,2026,2026-01-01,2026-03-31,S2C_MSIL2A_20260314T052651_N0512_R105_T43RFM_20260314T105213,2026-03-14 05:26:51.025000+00:00,64.75,sentinel-2c,sentinel-2-l2a,"[76.01640656053715, 27.920643940656262, 77.15189496895174, 28.924374105049683]"
Delhi,2026,2026-01-01,2026-03-31,S2A_MSIL2A_20260316T053251_N0512_R105_T43RGM_20260316T103911,2026-03-16 05:32:51.024000+00:00,25.8,sentinel-2a,sentinel-2-l2a,"[77.03201561861826, 27.90119245659242, 78.17608328684004, 28.912660135203044]"
Delhi,2026,2026-01-01,2026-03-31,S2A_MSIL2A_20260316T053251_N0512_R105_T43RFM_20260316T103911,2026-03-16 05:32:51.024000+00:00,65.64,sentinel-2a,sentinel-2-l2a,"[76.01640656053715, 27.920643940656262, 77.15189496895174, 28.924374105049683]"
Delhi,2026,2026-01-01,2026-03-31,S2B_MSIL2A_20260329T052639_N0512_R105_T43RGM_20260329T092253,2026-03-29 05:26:39.024000+00:00,74.43,sentinel-2b,sentinel-2-l2a,"[77.03201561861826, 27.90119245659242, 78.17608328684004, 28.912660135203044]"
Delhi,2026,2026-01-01,2026-03-31,S2B_MSIL2A_20260329T052639_N0512_R105_T43RFM_20260329T092253,2026-03-29 05:26:39.024000+00:00,42.23,sentinel-2b,sentinel-2-l2a,"[76.01640656053715, 27.920643940656262, 77.15189496895174, 28.924374105049683]"
Indore,2020,2020-01-01,2020-03-31,S2A_MSIL2A_20200105T053221_N0500_R105_T43QEF_20230421T133140,2020-01-05 05:32:21.024000+00:00,1.31,sentinel-2a,sentinel-2-l2a,"[74.99980409834853, 22.515147769856142, 76.07523070319016, 23.510556029690843]"
Indore,2020,2020-01-01,2020-03-31,S2B_MSIL2A_20200110T053209_N0500_R105_T43QEF_20230623T223547,2020-01-10 05:32:09.024000+00:00,0.11,sentinel-2b,sentinel-2-l2a,"[74.99980409834853, 22.515147769856142, 76.07523070319016, 23.510556029690843]"
Indore,2020,2020-01-01,2020-03-31,S2A_MSIL2A_20200115T053151_N0500_R105_T43QEF_20230429T053516,2020-01-15 05:31:51.024000+00:00,35.72,sentinel-2a,sentinel-2-l2a,"[74.99980409834853, 22.515147769856142, 76.07523070319016, 23.510556029690843]"
Indore,2020,2020-01-01,2020-03-31,S2B_MSIL2A_20200120T053129_N0500_R105_T43QEF_20230423T083712,2020-01-20 05:31:29.024000+00:00,0.26,sentinel-2b,sentinel-2-l2a,"[74.99980409834853, 22.515147769856142, 76.07523070319016, 23.510556029690843]"
Indore,2020,2020-01-01,2020-03-31,S2A_MSIL2A_20200125T053101_N0500_R105_T43QEF_20230430T011208,2020-01-25 05:31:01.024000+00:00,39.32,sentinel-2a,sentinel-2-l2a,"[74.99980409834853, 22.515147769856142, 76.07523070319016, 23.510556029690843]"
Indore,2020,2020-01-01,2020-03-31,S2B_MSIL2A_20200130T053049_N0500_R105_T43QEF_20230426T123620,2020-01-30 05:30:49.024000+00:00,0.0,sentinel-2b,sentinel-2-l2a,"[74.99980409834853, 22.515147769856142, 76.07523070319016, 23.510556029690843]"
Indore,2020,2020-01-01,2020-03-31,S2A_MSIL2A_20200204T053021_N0500_R105_T43QEF_20230427T045943,2020-02-04 05:30:21.024000+00:00,0.02,sentinel-2a,sentinel-2-l2a,"[74.99980409834853, 22.515147769856142, 76.07523070319016, 23.510556029690843]"
Indore,2020,2020-01-01,2020-03-31,S2B_MSIL2A_20200209T052949_N0500_R105_T43QEF_20230503T195633,2020-02-09 05:29:49.024000+00:00,0.91,sentinel-2b,sentinel-2-l2a,"[74.99980409834853, 22.515147769856142, 76.07523070319016, 23.510556029690843]"
Indore,2020,2020-01-01,2020-03-31,S2A_MSIL2A_20200214T052921_N0500_R105_T43QEF_20230425T112134,2020-02-14 05:29:21.024000+00:00,0.0,sentinel-2a,sentinel-2-l2a,"[74.999804, 22.515148, 76.073737, 23.510556]"
Indore,2020,2020-01-01,2020-03-31,S2B_MSIL2A_20200219T052849_N0500_R105_T43QEF_20230427T205654,2020-02-19 05:28:49.024000+00:00,54.72,sentinel-2b,sentinel-2-l2a,"[74.99980409834853, 22.515147769856142, 76.07523070319016, 23.510556029690843]"
Indore,2020,2020-01-01,2020-03-31,S2A_MSIL2A_20200224T052811_N0500_R105_T43QEF_20230429T105106,2020-02-24 05:28:11.024000+00:00,0.21,sentinel-2a,sentinel-2-l2a,"[74.99980409834853, 22.515147769856142, 76.07523070319016, 23.510556029690843]"
Indore,2020,2020-01-01,2020-03-31,S2A_MSIL2A_20200224T052811_N0500_R105_T43QEF_20230423T092231,2020-02-24 05:28:11.024000+00:00,0.0,sentinel-2a,sentinel-2-l2a,"[74.99980510691623, 22.515147769856142, 76.0678710209128, 22.809624010343683]"
Indore,2020,2020-01-01,2020-03-31,S2B_MSIL2A_20200229T052739_N0500_R105_T43QEF_20230429T032226,2020-02-29 05:27:39.024000+00:00,74.48,sentinel-2b,sentinel-2-l2a,"[74.99980409834853, 22.515147769856142, 76.07523070319016, 23.510556029690843]"
Indore,2020,2020-01-01,2020-03-31,S2A_MSIL2A_20200305T052711_N0500_R105_T43QEF_20230629T013158,2020-03-05 05:27:11.024000+00:00,2.15,sentinel-2a,sentinel-2-l2a,"[74.99980409834853, 22.515147769856142, 76.07523070319016, 23.510556029690843]"
Indore,2020,2020-01-01,2020-03-31,S2B_MSIL2A_20200310T052649_N0500_R105_T43QEF_20230620T170530,2020-03-10 05:26:49.024000+00:00,18.5,sentinel-2b,sentinel-2-l2a,"[74.99980409834853, 22.515147769856142, 76.07523070319016, 23.510556029690843]"
Indore,2020,2020-01-01,2020-03-31,S2A_MSIL2A_20200315T052641_N0500_R105_T43QEF_20230621T205110,2020-03-15 05:26:41.024000+00:00,65.45,sentinel-2a,sentinel-2-l2a,"[74.99980409834853, 22.515147769856142, 76.07523070319016, 23.510556029690843]"
Indore,2020,2020-01-01,2020-03-31,S2B_MSIL2A_20200320T052649_N0500_R105_T43QEF_20230531T204204,2020-03-20 05:26:49.024000+00:00,53.68,sentinel-2b,sentinel-2-l2a,"[74.99980409834853, 22.515147769856142, 76.07523070319016, 23.510556029690843]"
Indore,2020,2020-01-01,2020-03-31,S2A_MSIL2A_20200325T052641_N0500_R105_T43QEF_20230423T215710,2020-03-25 05:26:41.024000+00:00,60.0,sentinel-2a,sentinel-2-l2a,"[74.99980409834853, 22.515147769856142, 76.07523070319016, 23.510556029690843]"
Indore,2020,2020-01-01,2020-03-31,S2B_MSIL2A_20200330T052649_N0500_R105_T43QEF_20230409T094911,2020-03-30 05:26:49.024000+00:00,0.0,sentinel-2b,sentinel-2-l2a,"[74.99980409834853, 22.515147769856142, 76.07523070319016, 23.510556029690843]"
Indore,2021,2021-01-01,2021-03-31,S2B_MSIL2A_20210114T053159_N0500_R105_T43QEF_20230519T151354,2021-01-14 05:31:59.024000+00:00,0.02,sentinel-2b,sentinel-2-l2a,"[74.99980409834853, 22.515147769856142, 76.07523070319016, 23.510556029690843]"
Indore,2021,2021-01-01,2021-03-31,S2A_MSIL2A_20210119T053141_N0500_R105_T43QEF_20230527T172345,2021-01-19 05:31:41.024000+00:00,0.0,sentinel-2a,sentinel-2-l2a,"[74.99980409834853, 22.515147769856142, 76.07523070319016, 23.510556029690843]"
Indore,2021,2021-01-01,2021-03-31,S2B_MSIL2A_20210124T053109_N0500_R105_T43QEF_20230522T054249,2021-01-24 05:31:09.024000+00:00,0.0,sentinel-2b,sentinel-2-l2a,"[74.99980409834853, 22.515147769856142, 76.07523070319016, 23.510556029690843]"
Indore,2021,2021-01-01,2021-03-31,S2A_MSIL2A_20210129T053101_N0500_R105_T43QEF_20230604T073056,2021-01-29 05:31:01.024000+00:00,0.07,sentinel-2a,sentinel-2-l2a,"[74.99980409834853, 22.515147769856142, 76.07523070319016, 23.510556029690843]"
Indore,2021,2021-01-01,2021-03-31,S2B_MSIL2A_20210203T053029_N0500_R105_T43QEF_20230603T001124,2021-02-03 05:30:29.024000+00:00,28.08,sentinel-2b,sentinel-2-l2a,"[74.99980409834853, 22.515147769856142, 76.07523070319016, 23.510556029690843]"
Indore,2021,2021-01-01,2021-03-31,S2A_MSIL2A_20210208T053001_N0500_R105_T43QEF_20230605T124733,2021-02-08 05:30:01.024000+00:00,0.0,sentinel-2a,sentinel-2-l2a,"[74.99980409834853, 22.515147769856142, 76.07523070319016, 23.510556029690843]"
Indore,2021,2021-01-01,2021-03-31,S2B_MSIL2A_20210213T052929_N0500_R105_T43QEF_20230608T055609,2021-02-13 05:29:29.024000+00:00,0.0,sentinel-2b,sentinel-2-l2a,"[74.99980409834853, 22.515147769856142, 76.07523070319016, 23.510556029690843]"
Indore,2021,2021-01-01,2021-03-31,S2A_MSIL2A_20210218T052851_N0500_R105_T43QEF_20230519T195908,2021-02-18 05:28:51.024000+00:00,1.22,sentinel-2a,sentinel-2-l2a,"[74.99980409834853, 22.515147769856142, 76.07523070319016, 23.510556029690843]"
Indore,2021,2021-01-01,2021-03-31,S2B_MSIL2A_20210223T052819_N0500_R105_T43QEF_20230525T105235,2021-02-23 05:28:19.024000+00:00,0.0,sentinel-2b,sentinel-2-l2a,"[74.99980409834853, 22.515147769856142, 76.07523070319016, 23.510556029690843]"
Indore,2021,2021-01-01,2021-03-31,S2A_MSIL2A_20210228T052751_N0500_R105_T43QEF_20230520T192806,2021-02-28 05:27:51.024000+00:00,0.0,sentinel-2a,sentinel-2-l2a,"[74.99980409834853, 22.515147769856142, 76.07523070319016, 23.510556029690843]"
Indore,2021,2021-01-01,2021-03-31,S2B_MSIL2A_20210305T052709_N0500_R105_T43QEF_20230525T021058,2021-03-05 05:27:09.024000+00:00,0.0,sentinel-2b,sentinel-2-l2a,"[74.99980409834853, 22.515147769856142, 76.07523070319016, 23.510556029690843]"
Indore,2021,2021-01-01,2021-03-31,S2A_MSIL2A_20210310T052651_N0500_R105_T43QEF_20230527T011322,2021-03-10 05:26:51.024000+00:00,6.58,sentinel-2a,sentinel-2-l2a,"[74.99980409834853, 22.515147769856142, 76.07523070319016, 23.510556029690843]"
Indore,2021,2021-01-01,2021-03-31,S2B_MSIL2A_20210315T052649_N0500_R105_T43QEF_20230528T193246,2021-03-15 05:26:49.024000+00:00,77.11,sentinel-2b,sentinel-2-l2a,"[74.99980409834853, 22.515147769856142, 76.07523070319016, 23.510556029690843]"
Indore,2021,2021-01-01,2021-03-31,S2A_MSIL2A_20210320T052651_N0500_R105_T43QEF_20230521T140114,2021-03-20 05:26:51.024000+00:00,0.0,sentinel-2a,sentinel-2-l2a,"[74.99980409834853, 22.515147769856142, 76.07523070319016, 23.510556029690843]"
Indore,2021,2021-01-01,2021-03-31,S2B_MSIL2A_20210325T052649_N0500_R105_T43QEF_20230518T082840,2021-03-25 05:26:49.024000+00:00,0.0,sentinel-2b,sentinel-2-l2a,"[74.99980409834853, 22.515147769856142, 76.07523070319016, 23.510556029690843]"
Indore,2021,2021-01-01,2021-03-31,S2A_MSIL2A_20210330T052641_N0500_R105_T43QEF_20230528T202910,2021-03-30 05:26:41.024000+00:00,0.01,sentinel-2a,sentinel-2-l2a,"[74.99980409834853, 22.515147769856142, 76.07523070319016, 23.510556029690843]"
Indore,2023,2023-01-01,2023-03-31,S2B_MSIL2A_20230104T053219_N0510_R105_T43QEF_20240810T041921,2023-01-04 05:32:19.024000+00:00,0.0,sentinel-2b,sentinel-2-l2a,"[74.99980409834853, 22.515147769856142, 76.07523070319016, 23.510556029690843]"
Indore,2023,2023-01-01,2023-03-31,S2A_MSIL2A_20230109T053221_N0510_R105_T43QEF_20240813T023100,2023-01-09 05:32:21.024000+00:00,0.14,sentinel-2a,sentinel-2-l2a,"[74.99980409834853, 22.515147769856142, 76.07523070319016, 23.510556029690843]"
Indore,2023,2023-01-01,2023-03-31,S2B_MSIL2A_20230114T053159_N0510_R105_T43QEF_20240810T132542,2023-01-14 05:31:59.024000+00:00,0.92,sentinel-2b,sentinel-2-l2a,"[74.99980409834853, 22.515147769856142, 76.07523070319016, 23.510556029690843]"
Indore,2023,2023-01-01,2023-03-31,S2A_MSIL2A_20230119T053141_N0510_R105_T43QEF_20240811T173622,2023-01-19 05:31:41.024000+00:00,0.0,sentinel-2a,sentinel-2-l2a,"[74.99980409834853, 22.515147769856142, 76.07523070319016, 23.510556029690843]"
Indore,2023,2023-01-01,2023-03-31,S2B_MSIL2A_20230124T053109_N0510_R105_T43QEF_20240812T003937,2023-01-24 05:31:09.024000+00:00,0.81,sentinel-2b,sentinel-2-l2a,"[74.99980409834853, 22.515147769856142, 76.07523070319016, 23.510556029690843]"
Indore,2023,2023-01-01,2023-03-31,S2A_MSIL2A_20230129T053101_N0510_R105_T43QEF_20240811T025034,2023-01-29 05:31:01.024000+00:00,0.0,sentinel-2a,sentinel-2-l2a,"[74.99980409834853, 22.515147769856142, 76.07523070319016, 23.510556029690843]"
Indore,2023,2023-01-01,2023-03-31,S2B_MSIL2A_20230203T053029_N0510_R105_T43QEF_20240815T095844,2023-02-03 05:30:29.024000+00:00,0.0,sentinel-2b,sentinel-2-l2a,"[74.99980409834853, 22.515147769856142, 76.07523070319016, 23.510556029690843]"
Indore,2023,2023-01-01,2023-03-31,S2A_MSIL2A_20230208T053001_N0510_R105_T43QEF_20240813T085045,2023-02-08 05:30:01.024000+00:00,0.0,sentinel-2a,sentinel-2-l2a,"[74.99980409834853, 22.515147769856142, 76.07523070319016, 23.510556029690843]"
Indore,2023,2023-01-01,2023-03-31,S2B_MSIL2A_20230213T052929_N0510_R105_T43QEF_20240814T185508,2023-02-13 05:29:29.024000+00:00,2.61,sentinel-2b,sentinel-2-l2a,"[74.99980409834853, 22.515147769856142, 76.07523070319016, 23.510556029690843]"
Indore,2023,2023-01-01,2023-03-31,S2A_MSIL2A_20230218T052901_N0510_R105_T43QEF_20240818T081459,2023-02-18 05:29:01.024000+00:00,0.0,sentinel-2a,sentinel-2-l2a,"[74.99980409834853, 22.515147769856142, 76.07523070319016, 23.510556029690843]"
Indore,2023,2023-01-01,2023-03-31,S2B_MSIL2A_20230223T052829_N0510_R105_T43QEF_20240818T152903,2023-02-23 05:28:29.025000+00:00,24.91,sentinel-2b,sentinel-2-l2a,"[74.99980409834853, 22.515147769856142, 76.07523070319016, 23.510556029690843]"
Indore,2023,2023-01-01,2023-03-31,S2A_MSIL2A_20230228T052751_N0510_R105_T43QEF_20240820T074946,2023-02-28 05:27:51.024000+00:00,0.0,sentinel-2a,sentinel-2-l2a,"[74.99980409834853, 22.515147769856142, 76.07523070319016, 23.510556029690843]"
Indore,2023,2023-01-01,2023-03-31,S2B_MSIL2A_20230305T052719_N0510_R105_T43QEF_20240819T183418,2023-03-05 05:27:19.025000+00:00,24.22,sentinel-2b,sentinel-2-l2a,"[74.99980409834853, 22.515147769856142, 76.07523070319016, 23.510556029690843]"
Indore,2023,2023-01-01,2023-03-31,S2A_MSIL2A_20230310T052641_N0510_R105_T43QEF_20240824T113448,2023-03-10 05:26:41.024000+00:00,0.0,sentinel-2a,sentinel-2-l2a,"[74.99980409834853, 22.515147769856142, 76.07523070319016, 23.510556029690843]"
Indore,2023,2023-01-01,2023-03-31,S2B_MSIL2A_20230315T052649_N0510_R105_T43QEF_20240822T150431,2023-03-15 05:26:49.024000+00:00,66.73,sentinel-2b,sentinel-2-l2a,"[74.99980409834853, 22.515147769856142, 76.07523070319016, 23.510556029690843]"
Indore,2023,2023-01-01,2023-03-31,S2A_MSIL2A_20230320T052641_N0510_R105_T43QEF_20240825T163737,2023-03-20 05:26:41.024000+00:00,0.36,sentinel-2a,sentinel-2-l2a,"[74.99980409834853, 22.515147769856142, 76.07523070319016, 23.510556029690843]"
Indore,2023,2023-01-01,2023-03-31,S2B_MSIL2A_20230325T052649_N0510_R105_T43QEF_20240825T005632,2023-03-25 05:26:49.024000+00:00,0.0,sentinel-2b,sentinel-2-l2a,"[74.99980409834853, 22.515147769856142, 76.07523070319016, 23.510556029690843]"
Indore,2023,2023-01-01,2023-03-31,S2A_MSIL2A_20230330T052641_N0510_R105_T43QEF_20240824T164058,2023-03-30 05:26:41.024000+00:00,62.28,sentinel-2a,sentinel-2-l2a,"[74.99980409834853, 22.515147769856142, 76.07523070319016, 23.510556029690843]"
Indore,2024,2024-01-01,2024-03-31,S2B_MSIL2A_20240109T053219_N0510_R105_T43QEF_20240109T071443,2024-01-09 05:32:19.024000+00:00,18.84,sentinel-2b,sentinel-2-l2a,"[74.99980409834853, 22.515147769856142, 76.07523070319016, 23.510556029690843]"
Indore,2024,2024-01-01,2024-03-31,S2A_MSIL2A_20240114T053201_N0510_R105_T43QEF_20240114T084852,2024-01-14 05:32:01.024000+00:00,24.2,sentinel-2a,sentinel-2-l2a,"[74.99980409834853, 22.515147769856142, 76.07523070319016, 23.510556029690843]"
Indore,2024,2024-01-01,2024-03-31,S2B_MSIL2A_20240119T053149_N0510_R105_T43QEF_20240119T070156,2024-01-19 05:31:49.024000+00:00,0.0,sentinel-2b,sentinel-2-l2a,"[74.99980409834853, 22.515147769856142, 76.07523070319016, 23.510556029690843]"
Indore,2024,2024-01-01,2024-03-31,S2A_MSIL2A_20240124T053111_N0510_R105_T43QEF_20240124T085851,2024-01-24 05:31:11.024000+00:00,0.0,sentinel-2a,sentinel-2-l2a,"[74.99980409834853, 22.515147769856142, 76.07523070319016, 23.510556029690843]"
Indore,2024,2024-01-01,2024-03-31,S2B_MSIL2A_20240129T053059_N0510_R105_T43QEF_20240129T075526,2024-01-29 05:30:59.024000+00:00,70.63,sentinel-2b,sentinel-2-l2a,"[74.99980409834853, 22.515147769856142, 76.07523070319016, 23.510556029690843]"
Indore,2024,2024-01-01,2024-03-31,S2A_MSIL2A_20240203T053031_N0510_R105_T43QEF_20240203T085449,2024-02-03 05:30:31.024000+00:00,0.0,sentinel-2a,sentinel-2-l2a,"[74.99980409834853, 22.515147769856142, 76.07523070319016, 23.510556029690843]"
Indore,2024,2024-01-01,2024-03-31,S2B_MSIL2A_20240208T053009_N0510_R105_T43QEF_20240208T080056,2024-02-08 05:30:09.024000+00:00,63.5,sentinel-2b,sentinel-2-l2a,"[74.99980409834853, 22.515147769856142, 76.07523070319016, 23.510556029690843]"
Indore,2024,2024-01-01,2024-03-31,S2B_MSIL2A_20240218T052909_N0510_R105_T43QEF_20240218T075905,2024-02-18 05:29:09.024000+00:00,20.44,sentinel-2b,sentinel-2-l2a,"[74.99980409834853, 22.515147769856142, 76.07523070319016, 23.510556029690843]"
Indore,2024,2024-01-01,2024-03-31,S2A_MSIL2A_20240223T052831_N0510_R105_T43QEF_20240223T093059,2024-02-23 05:28:31.024000+00:00,0.24,sentinel-2a,sentinel-2-l2a,"[74.99980409834853, 22.515147769856142, 76.07523070319016, 23.510556029690843]"
Indore,2024,2024-01-01,2024-03-31,S2B_MSIL2A_20240228T052749_N0510_R105_T43QEF_20240228T080327,2024-02-28 05:27:49.024000+00:00,0.0,sentinel-2b,sentinel-2-l2a,"[74.99980409834853, 22.515147769856142, 76.07523070319016, 23.510556029690843]"
Indore,2024,2024-01-01,2024-03-31,S2A_MSIL2A_20240304T052721_N0510_R105_T43QEF_20240304T094253,2024-03-04 05:27:21.024000+00:00,1.11,sentinel-2a,sentinel-2-l2a,"[74.99980409834853, 22.515147769856142, 76.07523070319016, 23.510556029690843]"
Indore,2024,2024-01-01,2024-03-31,S2B_MSIL2A_20240309T052639_N0510_R105_T43QEF_20240309T075213,2024-03-09 05:26:39.024000+00:00,0.0,sentinel-2b,sentinel-2-l2a,"[74.99980409834853, 22.515147769856142, 76.07523070319016, 23.510556029690843]"
Indore,2024,2024-01-01,2024-03-31,S2A_MSIL2A_20240314T052641_N0510_R105_T43QEF_20240314T091854,2024-03-14 05:26:41.024000+00:00,0.0,sentinel-2a,sentinel-2-l2a,"[74.99980409834853, 22.515147769856142, 76.07523070319016, 23.510556029690843]"
Indore,2024,2024-01-01,2024-03-31,S2B_MSIL2A_20240319T052649_N0510_R105_T43QEF_20240319T075439,2024-03-19 05:26:49.024000+00:00,0.0,sentinel-2b,sentinel-2-l2a,"[74.99980409834853, 22.515147769856142, 76.07523070319016, 23.510556029690843]"
Indore,2024,2024-01-01,2024-03-31,S2A_MSIL2A_20240324T052651_N0510_R105_T43QEF_20240324T100651,2024-03-24 05:26:51.024000+00:00,52.86,sentinel-2a,sentinel-2-l2a,"[74.99980409834853, 22.515147769856142, 76.07523070319016, 23.510556029690843]"
Indore,2024,2024-01-01,2024-03-31,S2B_MSIL2A_20240329T052649_N0510_R105_T43QEF_20240329T075202,2024-03-29 05:26:49.024000+00:00,60.53,sentinel-2b,sentinel-2-l2a,"[74.99980409834853, 22.515147769856142, 76.07523070319016, 23.510556029690843]"
Indore,2025,2025-01-01,2025-03-31,S2B_MSIL2A_20250103T053129_N0511_R105_T43QEF_20250103T081633,2025-01-03 05:31:29.024000+00:00,0.0,sentinel-2b,sentinel-2-l2a,"[74.999804, 22.515148, 76.075231, 23.510556]"
Indore,2025,2025-01-01,2025-03-31,S2B_MSIL2A_20250113T053209_N0511_R105_T43QEF_20250113T074041,2025-01-13 05:32:09.024000+00:00,53.99,sentinel-2b,sentinel-2-l2a,"[74.999804, 22.515148, 76.075231, 23.510556]"
Indore,2025,2025-01-01,2025-03-31,S2A_MSIL2A_20250118T053141_N0511_R105_T43QEF_20250118T092848,2025-01-18 05:31:41.024000+00:00,0.0,sentinel-2a,sentinel-2-l2a,"[74.999804, 22.515148, 76.075231, 23.510556]"
Indore,2025,2025-01-01,2025-03-31,S2B_MSIL2A_20250123T053029_N0511_R105_T43QEF_20250123T084836,2025-01-23 05:30:29.024000+00:00,0.0,sentinel-2b,sentinel-2-l2a,"[74.999804, 22.515148, 76.075231, 23.510556]"
Indore,2025,2025-01-01,2025-03-31,S2C_MSIL2A_20250128T053131_N0511_R105_T43QEF_20250128T084454,2025-01-28 05:31:31.024000+00:00,0.05,sentinel-2c,sentinel-2-l2a,"[74.999804, 22.515148, 76.075231, 23.510556]"
Indore,2025,2025-01-01,2025-03-31,S2B_MSIL2A_20250202T052939_N0511_R105_T43QEF_20250202T073729,2025-02-02 05:29:39.024000+00:00,0.0,sentinel-2b,sentinel-2-l2a,"[74.999804, 22.515148, 76.075231, 23.510556]"
Indore,2025,2025-01-01,2025-03-31,S2C_MSIL2A_20250207T053031_N0511_R105_T43QEF_20250207T084610,2025-02-07 05:30:31.025000+00:00,8e-05,sentinel-2c,sentinel-2-l2a,"[74.99980409834853, 22.515147769856142, 76.07523070319016, 23.510556029690843]"
Indore,2025,2025-01-01,2025-03-31,S2B_MSIL2A_20250212T052839_N0511_R105_T43QEF_20250212T073606,2025-02-12 05:28:39.024000+00:00,0.000322,sentinel-2b,sentinel-2-l2a,"[74.99980409834853, 22.515147769856142, 76.07523070319016, 23.510556029690843]"
Indore,2025,2025-01-01,2025-03-31,S2C_MSIL2A_20250217T052931_N0511_R105_T43QEF_20250217T110511,2025-02-17 05:29:31.025000+00:00,0.000252,sentinel-2c,sentinel-2-l2a,"[74.99980409834853, 22.515147769856142, 76.07523070319016, 23.510556029690843]"
Indore,2025,2025-01-01,2025-03-31,S2B_MSIL2A_20250222T052739_N0511_R105_T43QEF_20250222T073727,2025-02-22 05:27:39.024000+00:00,0.08,sentinel-2b,sentinel-2-l2a,"[74.99980409834853, 22.515147769856142, 76.07523070319016, 23.510556029690843]"
Indore,2025,2025-01-01,2025-03-31,S2B_MSIL2A_20250304T052649_N0511_R105_T43QEF_20250304T073919,2025-03-04 05:26:49.024000+00:00,0.84,sentinel-2b,sentinel-2-l2a,"[74.99980409834853, 22.515147769856142, 76.07523070319016, 23.510556029690843]"
Indore,2025,2025-01-01,2025-03-31,S2C_MSIL2A_20250309T052711_N0511_R105_T43QEF_20250309T105213,2025-03-09 05:27:11.025000+00:00,0.000375,sentinel-2c,sentinel-2-l2a,"[74.99980409834853, 22.515147769856142, 76.07523070319016, 23.510556029690843]"
Indore,2025,2025-01-01,2025-03-31,S2B_MSIL2A_20250314T052649_N0511_R105_T43QEF_20250314T095315,2025-03-14 05:26:49.024000+00:00,0.0,sentinel-2b,sentinel-2-l2a,"[74.99980409834853, 22.515147769856142, 76.07523070319016, 23.510556029690843]"
Indore,2025,2025-01-01,2025-03-31,S2C_MSIL2A_20250319T052711_N0511_R105_T43QEF_20250319T104817,2025-03-19 05:27:11.025000+00:00,0.00069,sentinel-2c,sentinel-2-l2a,"[74.99980409834853, 22.515147769856142, 76.07523070319016, 23.510556029690843]"
Indore,2025,2025-01-01,2025-03-31,S2B_MSIL2A_20250324T052649_N0511_R105_T43QEF_20250324T074123,2025-03-24 05:26:49.024000+00:00,0.000942,sentinel-2b,sentinel-2-l2a,"[74.99980409834853, 22.515147769856142, 76.07523070319016, 23.510556029690843]"
Indore,2025,2025-01-01,2025-03-31,S2C_MSIL2A_20250329T052841_N0511_R105_T43QEF_20250329T105014,2025-03-29 05:28:41.025000+00:00,0.001652,sentinel-2c,sentinel-2-l2a,"[74.99980409834853, 22.515147769856142, 76.07523070319016, 23.510556029690843]"
Indore,2025,2025-01-01,2025-03-31,S2A_MSIL2A_20250331T053241_N0511_R105_T43QEF_20250331T120314,2025-03-31 05:32:41.024000+00:00,27.37385,sentinel-2a,sentinel-2-l2a,"[74.99980409834853, 22.515147769856142, 76.07523070319016, 23.510556029690843]"
Indore,2026,2026-01-01,2026-03-31,S2A_MSIL2A_20260105T053251_N0511_R105_T43QEF_20260105T084010,2026-01-05 05:32:51.024000+00:00,21.46,sentinel-2a,sentinel-2-l2a,"[74.99980409834853, 22.515147769856142, 76.07523070319016, 23.510556029690843]"
Indore,2026,2026-01-01,2026-03-31,S2B_MSIL2A_20260108T053109_N0511_R105_T43QEF_20260108T074309,2026-01-08 05:31:09.024000+00:00,0.0,sentinel-2b,sentinel-2-l2a,"[74.99980409834853, 22.515147769856142, 76.07523070319016, 23.510556029690843]"
Indore,2026,2026-01-01,2026-03-31,S2C_MSIL2A_20260113T053201_N0511_R105_T43QEF_20260113T090418,2026-01-13 05:32:01.025000+00:00,0.0,sentinel-2c,sentinel-2-l2a,"[74.99980409834853, 22.515147769856142, 76.07523070319016, 23.510556029690843]"
Indore,2026,2026-01-01,2026-03-31,S2B_MSIL2A_20260118T053049_N0511_R105_T43QEF_20260118T073403,2026-01-18 05:30:49.024000+00:00,1.61,sentinel-2b,sentinel-2-l2a,"[74.99980409834853, 22.515147769856142, 76.07523070319016, 23.510556029690843]"
Indore,2026,2026-01-01,2026-03-31,S2C_MSIL2A_20260123T053121_N0511_R105_T43QEF_20260123T083908,2026-01-23 05:31:21.024000+00:00,0.01,sentinel-2c,sentinel-2-l2a,"[74.99980409834853, 22.515147769856142, 76.07523070319016, 23.510556029690843]"
Indore,2026,2026-01-01,2026-03-31,S2B_MSIL2A_20260128T052959_N0511_R105_T43QEF_20260128T110816,2026-01-28 05:29:59.024000+00:00,0.0,sentinel-2b,sentinel-2-l2a,"[74.99980409834853, 22.515147769856142, 76.07523070319016, 23.510556029690843]"
Indore,2026,2026-01-01,2026-03-31,S2C_MSIL2A_20260202T053031_N0511_R105_T43QEF_20260202T084320,2026-02-02 05:30:31.025000+00:00,52.58,sentinel-2c,sentinel-2-l2a,"[74.99980409834853, 22.515147769856142, 76.07523070319016, 23.510556029690843]"
Indore,2026,2026-01-01,2026-03-31,S2B_MSIL2A_20260207T052909_N0512_R105_T43QEF_20260207T092426,2026-02-07 05:29:09.024000+00:00,2.45,sentinel-2b,sentinel-2-l2a,"[74.99980409834853, 22.515147769856142, 76.07523070319016, 23.510556029690843]"
Indore,2026,2026-01-01,2026-03-31,S2C_MSIL2A_20260212T052941_N0512_R105_T43QEF_20260212T084209,2026-02-12 05:29:41.025000+00:00,0.02,sentinel-2c,sentinel-2-l2a,"[74.99980409834853, 22.515147769856142, 76.07523070319016, 23.510556029690843]"
Indore,2026,2026-01-01,2026-03-31,S2C_MSIL2A_20260222T052831_N0512_R105_T43QEF_20260222T102511,2026-02-22 05:28:31.024000+00:00,0.0,sentinel-2c,sentinel-2-l2a,"[74.99980409834853, 22.515147769856142, 76.07523070319016, 23.510556029690843]"
Indore,2026,2026-01-01,2026-03-31,S2B_MSIL2A_20260227T052659_N0512_R105_T43QEF_20260227T091040,2026-02-27 05:26:59.024000+00:00,31.74,sentinel-2b,sentinel-2-l2a,"[74.99980409834853, 22.515147769856142, 76.07523070319016, 23.510556029690843]"
Indore,2026,2026-01-01,2026-03-31,S2C_MSIL2A_20260304T052721_N0512_R105_T43QEF_20260304T102911,2026-03-04 05:27:21.025000+00:00,0.0,sentinel-2c,sentinel-2-l2a,"[74.99980409834853, 22.515147769856142, 76.07523070319016, 23.510556029690843]"
Indore,2026,2026-01-01,2026-03-31,S2A_MSIL2A_20260306T053251_N0512_R105_T43QEF_20260310T110618,2026-03-06 05:32:51.024000+00:00,0.0,sentinel-2a,sentinel-2-l2a,"[74.99980409834853, 22.515147769856142, 76.07523070319016, 23.510556029690843]"
Indore,2026,2026-01-01,2026-03-31,S2B_MSIL2A_20260309T052639_N0512_R105_T43QEF_20260309T092006,2026-03-09 05:26:39.024000+00:00,0.0,sentinel-2b,sentinel-2-l2a,"[74.99980409834853, 22.515147769856142, 76.07523070319016, 23.510556029690843]"
Indore,2026,2026-01-01,2026-03-31,S2C_MSIL2A_20260314T052651_N0512_R105_T43QEF_20260314T105213,2026-03-14 05:26:51.025000+00:00,0.0,sentinel-2c,sentinel-2-l2a,"[74.99980409834853, 22.515147769856142, 76.07523070319016, 23.510556029690843]"
Indore,2026,2026-01-01,2026-03-31,S2A_MSIL2A_20260316T053251_N0512_R105_T43QEF_20260316T103911,2026-03-16 05:32:51.024000+00:00,0.0,sentinel-2a,sentinel-2-l2a,"[74.99980409834853, 22.515147769856142, 76.07523070319016, 23.510556029690843]"
Indore,2026,2026-01-01,2026-03-31,S2B_MSIL2A_20260319T052639_N0512_R105_T43QEF_20260319T091942,2026-03-19 05:26:39.024000+00:00,5.32,sentinel-2b,sentinel-2-l2a,"[74.99980409834853, 22.515147769856142, 76.07523070319016, 23.510556029690843]"
Indore,2026,2026-01-01,2026-03-31,S2B_MSIL2A_20260329T052639_N0512_R105_T43QEF_20260329T092253,2026-03-29 05:26:39.024000+00:00,0.18,sentinel-2b,sentinel-2-l2a,"[74.99980409834853, 22.515147769856142, 76.07523070319016, 23.510556029690843]"
Mumbai,2020,2020-01-01,2020-03-31,S2B_MSIL2A_20200103T054229_N0500_R005_T43QBB_20230425T132710,2020-01-03 05:42:29.024000+00:00,3.73,sentinel-2b,sentinel-2-l2a,"[72.13509248321124, 18.88231356651037, 73.19404625471192, 19.88715344017483]"
Mumbai,2020,2020-01-01,2020-03-31,S2B_MSIL2A_20200103T054229_N0500_R005_T42QZG_20230425T132710,2020-01-03 05:42:29.024000+00:00,13.79,sentinel-2b,sentinel-2-l2a,"[71.84723989156033, 18.863463270310636, 72.91143101603326, 19.87337734364284]"
Mumbai,2020,2020-01-01,2020-03-31,S2A_MSIL2A_20200108T054221_N0500_R005_T43QBB_20230423T135525,2020-01-08 05:42:21.024000+00:00,28.57,sentinel-2a,sentinel-2-l2a,"[72.13509248321124, 18.88231356651037, 73.19404625471192, 19.88715344017483]"
Mumbai,2020,2020-01-01,2020-03-31,S2A_MSIL2A_20200108T054221_N0500_R005_T42QZG_20230423T135525,2020-01-08 05:42:21.024000+00:00,29.01,sentinel-2a,sentinel-2-l2a,"[71.84723989156033, 18.863463270310636, 72.91143101603326, 19.87337734364284]"
Mumbai,2020,2020-01-01,2020-03-31,S2B_MSIL2A_20200113T054209_N0500_R005_T43QBB_20230429T143447,2020-01-13 05:42:09.024000+00:00,32.14,sentinel-2b,sentinel-2-l2a,"[72.13509248321124, 18.88231356651037, 73.19404625471192, 19.88715344017483]"
Mumbai,2020,2020-01-01,2020-03-31,S2B_MSIL2A_20200113T054209_N0500_R005_T42QZG_20230429T143447,2020-01-13 05:42:09.024000+00:00,18.64,sentinel-2b,sentinel-2-l2a,"[71.84723989156033, 18.863463270310636, 72.91143101603326, 19.87337734364284]"
Mumbai,2020,2020-01-01,2020-03-31,S2A_MSIL2A_20200118T054151_N0500_R005_T43QBB_20230423T153442,2020-01-18 05:41:51.024000+00:00,0.0,sentinel-2a,sentinel-2-l2a,"[72.13509248321124, 18.88231356651037, 73.19404625471192, 19.88715344017483]"
Mumbai,2020,2020-01-01,2020-03-31,S2A_MSIL2A_20200118T054151_N0500_R005_T42QZG_20230423T153442,2020-01-18 05:41:51.024000+00:00,0.0,sentinel-2a,sentinel-2-l2a,"[71.84723989156033, 18.863463270310636, 72.91143101603326, 19.87337734364284]"
Mumbai,2020,2020-01-01,2020-03-31,S2B_MSIL2A_20200123T054129_N0500_R005_T43QBB_20230427T073052,2020-01-23 05:41:29.024000+00:00,0.0,sentinel-2b,sentinel-2-l2a,"[72.13509248321124, 18.88231356651037, 73.19404625471192, 19.88715344017483]"
Mumbai,2020,2020-01-01,2020-03-31,S2B_MSIL2A_20200123T054129_N0500_R005_T42QZG_20230427T073052,2020-01-23 05:41:29.024000+00:00,0.0,sentinel-2b,sentinel-2-l2a,"[71.84723989156033, 18.863463270310636, 72.91143101603326, 19.87337734364284]"
Mumbai,2020,2020-01-01,2020-03-31,S2A_MSIL2A_20200128T054101_N0500_R005_T43QBB_20230428T160622,2020-01-28 05:41:01.024000+00:00,22.89,sentinel-2a,sentinel-2-l2a,"[72.13509248321124, 18.88231356651037, 73.19404625471192, 19.88715344017483]"
Mumbai,2020,2020-01-01,2020-03-31,S2A_MSIL2A_20200128T054101_N0500_R005_T42QZG_20230428T160622,2020-01-28 05:41:01.024000+00:00,24.36,sentinel-2a,sentinel-2-l2a,"[71.84723989156033, 18.863463270310636, 72.91143101603326, 19.87337734364284]"
Mumbai,2020,2020-01-01,2020-03-31,S2B_MSIL2A_20200202T054039_N0500_R005_T43QBB_20230601T222704,2020-02-02 05:40:39.024000+00:00,0.0,sentinel-2b,sentinel-2-l2a,"[72.13509248321124, 18.88231356651037, 73.19404625471192, 19.88715344017483]"
Mumbai,2020,2020-01-01,2020-03-31,S2B_MSIL2A_20200202T054039_N0500_R005_T42QZG_20230601T222704,2020-02-02 05:40:39.024000+00:00,0.0,sentinel-2b,sentinel-2-l2a,"[71.84723989156033, 18.863463270310636, 72.91143101603326, 19.87337734364284]"
Mumbai,2020,2020-01-01,2020-03-31,S2A_MSIL2A_20200207T054011_N0500_R005_T43QBB_20230429T123755,2020-02-07 05:40:11.024000+00:00,0.0,sentinel-2a,sentinel-2-l2a,"[72.135092, 18.882314, 73.194046, 19.887153]"
Mumbai,2020,2020-01-01,2020-03-31,S2A_MSIL2A_20200207T054011_N0500_R005_T42QZG_20230429T123755,2020-02-07 05:40:11.024000+00:00,0.0,sentinel-2a,sentinel-2-l2a,"[71.84724, 18.863463, 72.911431, 19.873377]"
Mumbai,2020,2020-01-01,2020-03-31,S2B_MSIL2A_20200212T053939_N0500_R005_T43QBB_20230424T160246,2020-02-12 05:39:39.024000+00:00,52.39,sentinel-2b,sentinel-2-l2a,"[72.13509248321124, 18.88231356651037, 73.19404625471192, 19.88715344017483]"
Mumbai,2020,2020-01-01,2020-03-31,S2B_MSIL2A_20200212T053939_N0500_R005_T42QZG_20230424T160246,2020-02-12 05:39:39.024000+00:00,27.07,sentinel-2b,sentinel-2-l2a,"[71.84723989156033, 18.863463270310636, 72.91143101603326, 19.87337734364284]"
Mumbai,2020,2020-01-01,2020-03-31,S2A_MSIL2A_20200217T053911_N0500_R005_T43QBB_20230506T042237,2020-02-17 05:39:11.024000+00:00,0.0,sentinel-2a,sentinel-2-l2a,"[72.13509248321124, 18.88231356651037, 73.19404625471192, 19.88715344017483]"
Mumbai,2020,2020-01-01,2020-03-31,S2A_MSIL2A_20200217T053911_N0500_R005_T42QZG_20230506T042237,2020-02-17 05:39:11.024000+00:00,0.0,sentinel-2a,sentinel-2-l2a,"[71.84723989156033, 18.863463270310636, 72.91143101603326, 19.87337734364284]"
Mumbai,2020,2020-01-01,2020-03-31,S2B_MSIL2A_20200222T053839_N0500_R005_T43QBB_20230423T072002,2020-02-22 05:38:39.024000+00:00,0.96,sentinel-2b,sentinel-2-l2a,"[72.13509248321124, 18.88231356651037, 73.19404625471192, 19.88715344017483]"
Mumbai,2020,2020-01-01,2020-03-31,S2B_MSIL2A_20200222T053839_N0500_R005_T42QZG_20230423T072002,2020-02-22 05:38:39.024000+00:00,0.73,sentinel-2b,sentinel-2-l2a,"[71.84723989156033, 18.863463270310636, 72.91143101603326, 19.87337734364284]"
Mumbai,2020,2020-01-01,2020-03-31,S2A_MSIL2A_20200227T053801_N0500_R005_T43QBB_20230424T014659,2020-02-27 05:38:01.025000+00:00,0.0,sentinel-2a,sentinel-2-l2a,"[72.13509248321124, 18.88231356651037, 73.19404625471192, 19.88715344017483]"
Mumbai,2020,2020-01-01,2020-03-31,S2A_MSIL2A_20200227T053801_N0500_R005_T42QZG_20230424T014659,2020-02-27 05:38:01.025000+00:00,0.0,sentinel-2a,sentinel-2-l2a,"[71.84723989156033, 18.863463270310636, 72.91143101603326, 19.87337734364284]"
Mumbai,2020,2020-01-01,2020-03-31,S2B_MSIL2A_20200303T053729_N0500_R005_T43QBB_20230418T003818,2020-03-03 05:37:29.024000+00:00,0.42,sentinel-2b,sentinel-2-l2a,"[72.13509248321124, 18.88231356651037, 73.19404625471192, 19.88715344017483]"
Mumbai,2020,2020-01-01,2020-03-31,S2B_MSIL2A_20200303T053729_N0500_R005_T42QZG_20230418T003818,2020-03-03 05:37:29.024000+00:00,0.25,sentinel-2b,sentinel-2-l2a,"[71.84723989156033, 18.863463270310636, 72.91143101603326, 19.87337734364284]"
Mumbai,2020,2020-01-01,2020-03-31,S2A_MSIL2A_20200308T053651_N0500_R005_T43QBB_20230423T042301,2020-03-08 05:36:51.024000+00:00,0.0,sentinel-2a,sentinel-2-l2a,"[72.13509248321124, 18.88231356651037, 73.19404625471192, 19.88715344017483]"
Mumbai,2020,2020-01-01,2020-03-31,S2A_MSIL2A_20200308T053651_N0500_R005_T42QZG_20230423T042301,2020-03-08 05:36:51.024000+00:00,0.0,sentinel-2a,sentinel-2-l2a,"[71.84723989156033, 18.863463270310636, 72.91143101603326, 19.87337734364284]"
Mumbai,2020,2020-01-01,2020-03-31,S2B_MSIL2A_20200313T053639_N0500_R005_T43QBB_20230628T170629,2020-03-13 05:36:39.024000+00:00,26.72,sentinel-2b,sentinel-2-l2a,"[72.13509248321124, 18.88231356651037, 73.19404625471192, 19.88715344017483]"
Mumbai,2020,2020-01-01,2020-03-31,S2B_MSIL2A_20200313T053639_N0500_R005_T42QZG_20230628T170629,2020-03-13 05:36:39.024000+00:00,25.66,sentinel-2b,sentinel-2-l2a,"[71.84723989156033, 18.863463270310636, 72.91143101603326, 19.87337734364284]"
Mumbai,2020,2020-01-01,2020-03-31,S2A_MSIL2A_20200318T053641_N0500_R005_T43QBB_20230408T203916,2020-03-18 05:36:41.024000+00:00,0.07,sentinel-2a,sentinel-2-l2a,"[72.13509248321124, 18.88231356651037, 73.19404625471192, 19.88715344017483]"
Mumbai,2020,2020-01-01,2020-03-31,S2A_MSIL2A_20200318T053641_N0500_R005_T42QZG_20230408T203916,2020-03-18 05:36:41.024000+00:00,0.01,sentinel-2a,sentinel-2-l2a,"[71.84723989156033, 18.863463270310636, 72.91143101603326, 19.87337734364284]"
Mumbai,2020,2020-01-01,2020-03-31,S2B_MSIL2A_20200323T053639_N0500_R005_T43QBB_20230409T015653,2020-03-23 05:36:39.024000+00:00,1.06,sentinel-2b,sentinel-2-l2a,"[72.13509248321124, 18.88231356651037, 73.19404625471192, 19.88715344017483]"
Mumbai,2020,2020-01-01,2020-03-31,S2B_MSIL2A_20200323T053639_N0500_R005_T42QZG_20230409T015653,2020-03-23 05:36:39.024000+00:00,1.34,sentinel-2b,sentinel-2-l2a,"[71.84723989156033, 18.863463270310636, 72.91143101603326, 19.87337734364284]"
Mumbai,2020,2020-01-01,2020-03-31,S2A_MSIL2A_20200328T053641_N0500_R005_T43QBB_20230601T154807,2020-03-28 05:36:41.024000+00:00,8.33,sentinel-2a,sentinel-2-l2a,"[72.13509248321124, 18.88231356651037, 73.19404625471192, 19.88715344017483]"
Mumbai,2020,2020-01-01,2020-03-31,S2A_MSIL2A_20200328T053641_N0500_R005_T42QZG_20230601T154807,2020-03-28 05:36:41.024000+00:00,7.78,sentinel-2a,sentinel-2-l2a,"[71.84723989156033, 18.863463270310636, 72.91143101603326, 19.87337734364284]"
Mumbai,2021,2021-01-01,2021-03-31,S2A_MSIL2A_20210102T054231_N0500_R005_T43QBB_20230610T141140,2021-01-02 05:42:31.024000+00:00,49.11,sentinel-2a,sentinel-2-l2a,"[72.13509248321124, 18.88231356651037, 73.19404625471192, 19.88715344017483]"
Mumbai,2021,2021-01-01,2021-03-31,S2A_MSIL2A_20210102T054231_N0500_R005_T42QZG_20230610T141140,2021-01-02 05:42:31.024000+00:00,67.48,sentinel-2a,sentinel-2-l2a,"[71.84723989156033, 18.863463270310636, 72.91143101603326, 19.87337734364284]"
Mumbai,2021,2021-01-01,2021-03-31,S2B_MSIL2A_20210107T054219_N0500_R005_T43QBB_20230407T141353,2021-01-07 05:42:19.024000+00:00,45.76,sentinel-2b,sentinel-2-l2a,"[72.13509248321124, 18.88231356651037, 73.19404625471192, 19.88715344017483]"
Mumbai,2021,2021-01-01,2021-03-31,S2B_MSIL2A_20210107T054219_N0500_R005_T42QZG_20230407T141353,2021-01-07 05:42:19.024000+00:00,45.04,sentinel-2b,sentinel-2-l2a,"[71.84723989156033, 18.863463270310636, 72.91143101603326, 19.87337734364284]"
Mumbai,2021,2021-01-01,2021-03-31,S2A_MSIL2A_20210112T054211_N0500_R005_T43QBB_20230606T124854,2021-01-12 05:42:11.024000+00:00,3.0,sentinel-2a,sentinel-2-l2a,"[72.13509248321124, 18.88231356651037, 73.19404625471192, 19.88715344017483]"
Mumbai,2021,2021-01-01,2021-03-31,S2A_MSIL2A_20210112T054211_N0500_R005_T42QZG_20230606T124854,2021-01-12 05:42:11.024000+00:00,1.34,sentinel-2a,sentinel-2-l2a,"[71.84723989156033, 18.863463270310636, 72.91143101603326, 19.87337734364284]"
Mumbai,2021,2021-01-01,2021-03-31,S2B_MSIL2A_20210117T054149_N0500_R005_T43QBB_20230528T160015,2021-01-17 05:41:49.024000+00:00,8.66,sentinel-2b,sentinel-2-l2a,"[72.13509248321124, 18.88231356651037, 73.19404625471192, 19.88715344017483]"
Mumbai,2021,2021-01-01,2021-03-31,S2B_MSIL2A_20210117T054149_N0500_R005_T42QZG_20230528T160015,2021-01-17 05:41:49.024000+00:00,1.31,sentinel-2b,sentinel-2-l2a,"[71.84723989156033, 18.863463270310636, 72.91143101603326, 19.87337734364284]"
Mumbai,2021,2021-01-01,2021-03-31,S2A_MSIL2A_20210122T054131_N0500_R005_T43QBB_20230611T015510,2021-01-22 05:41:31.024000+00:00,0.0,sentinel-2a,sentinel-2-l2a,"[72.13509248321124, 19.067856957662507, 73.19213738427769, 19.88715344017483]"
Mumbai,2021,2021-01-01,2021-03-31,S2A_MSIL2A_20210122T054131_N0500_R005_T43QBB_20230519T105019,2021-01-22 05:41:31.024000+00:00,0.0,sentinel-2a,sentinel-2-l2a,"[72.1416432417508, 18.88231356651037, 73.19404625471192, 19.497847081568548]"
Mumbai,2021,2021-01-01,2021-03-31,S2A_MSIL2A_20210122T054131_N0500_R005_T42QZG_20230611T015510,2021-01-22 05:41:31.024000+00:00,0.0,sentinel-2a,sentinel-2-l2a,"[71.85593648862962, 19.14692136713288, 72.91143101603326, 19.87337734364284]"
Mumbai,2021,2021-01-01,2021-03-31,S2A_MSIL2A_20210122T054131_N0500_R005_T42QZG_20230519T105019,2021-01-22 05:41:31.024000+00:00,0.0,sentinel-2a,sentinel-2-l2a,"[71.84723989156033, 18.863463270310636, 72.89885284910532, 19.557228080807267]"
Mumbai,2021,2021-01-01,2021-03-31,S2B_MSIL2A_20210127T054109_N0500_R005_T43QBB_20230519T161107,2021-01-27 05:41:09.024000+00:00,0.0,sentinel-2b,sentinel-2-l2a,"[72.13509248321124, 18.88231356651037, 73.19404625471192, 19.88715344017483]"
Mumbai,2021,2021-01-01,2021-03-31,S2B_MSIL2A_20210127T054109_N0500_R005_T42QZG_20230519T161107,2021-01-27 05:41:09.024000+00:00,0.0,sentinel-2b,sentinel-2-l2a,"[71.84723989156033, 18.863463270310636, 72.91143101603326, 19.87337734364284]"
Mumbai,2021,2021-01-01,2021-03-31,S2A_MSIL2A_20210201T054041_N0500_R005_T43QBB_20230603T012031,2021-02-01 05:40:41.024000+00:00,0.0,sentinel-2a,sentinel-2-l2a,"[72.13509248321124, 18.88231356651037, 73.19404625471192, 19.88715344017483]"
Mumbai,2021,2021-01-01,2021-03-31,S2A_MSIL2A_20210201T054041_N0500_R005_T42QZG_20230603T012031,2021-02-01 05:40:41.024000+00:00,0.0,sentinel-2a,sentinel-2-l2a,"[71.84723989156033, 18.863463270310636, 72.91143101603326, 19.87337734364284]"
Mumbai,2021,2021-01-01,2021-03-31,S2B_MSIL2A_20210206T054019_N0500_R005_T43QBB_20230531T005457,2021-02-06 05:40:19.024000+00:00,0.26,sentinel-2b,sentinel-2-l2a,"[72.13509248321124, 18.88231356651037, 73.19404625471192, 19.88715344017483]"
Mumbai,2021,2021-01-01,2021-03-31,S2B_MSIL2A_20210206T054019_N0500_R005_T42QZG_20230531T005457,2021-02-06 05:40:19.024000+00:00,0.18,sentinel-2b,sentinel-2-l2a,"[71.84723989156033, 18.863463270310636, 72.91143101603326, 19.87337734364284]"
Mumbai,2021,2021-01-01,2021-03-31,S2A_MSIL2A_20210211T053941_N0500_R005_T43QBB_20230609T093359,2021-02-11 05:39:41.024000+00:00,28.72,sentinel-2a,sentinel-2-l2a,"[72.13509248321124, 18.88231356651037, 73.19404625471192, 19.88715344017483]"
Mumbai,2021,2021-01-01,2021-03-31,S2A_MSIL2A_20210211T053941_N0500_R005_T42QZG_20230609T093359,2021-02-11 05:39:41.024000+00:00,24.09,sentinel-2a,sentinel-2-l2a,"[71.84723989156033, 18.863463270310636, 72.91143101603326, 19.87337734364284]"
Mumbai,2021,2021-01-01,2021-03-31,S2B_MSIL2A_20210216T053909_N0500_R005_T43QBB_20230530T203959,2021-02-16 05:39:09.024000+00:00,1.69,sentinel-2b,sentinel-2-l2a,"[72.13509248321124, 18.88231356651037, 73.19404625471192, 19.88715344017483]"
Mumbai,2021,2021-01-01,2021-03-31,S2B_MSIL2A_20210216T053909_N0500_R005_T42QZG_20230530T203959,2021-02-16 05:39:09.024000+00:00,2.8,sentinel-2b,sentinel-2-l2a,"[71.84723989156033, 18.863463270310636, 72.91143101603326, 19.87337734364284]"
Mumbai,2021,2021-01-01,2021-03-31,S2A_MSIL2A_20210221T053841_N0500_R005_T43QBB_20230520T141338,2021-02-21 05:38:41.024000+00:00,0.0,sentinel-2a,sentinel-2-l2a,"[72.13509248321124, 18.88231356651037, 73.19404625471192, 19.88715344017483]"
Mumbai,2021,2021-01-01,2021-03-31,S2A_MSIL2A_20210221T053841_N0500_R005_T42QZG_20230520T141338,2021-02-21 05:38:41.024000+00:00,0.0,sentinel-2a,sentinel-2-l2a,"[71.84723989156033, 18.863463270310636, 72.91143101603326, 19.87337734364284]"
Mumbai,2021,2021-01-01,2021-03-31,S2B_MSIL2A_20210226T053759_N0500_R005_T43QBB_20230603T175222,2021-02-26 05:37:59.024000+00:00,0.0,sentinel-2b,sentinel-2-l2a,"[72.13509248321124, 18.88231356651037, 73.19404625471192, 19.88715344017483]"
Mumbai,2021,2021-01-01,2021-03-31,S2B_MSIL2A_20210226T053759_N0500_R005_T42QZG_20230603T175222,2021-02-26 05:37:59.024000+00:00,0.0,sentinel-2b,sentinel-2-l2a,"[71.84723989156033, 18.863463270310636, 72.91143101603326, 19.87337734364284]"
Mumbai,2021,2021-01-01,2021-03-31,S2A_MSIL2A_20210303T053731_N0500_R005_T43QBB_20230513T153738,2021-03-03 05:37:31.024000+00:00,0.0,sentinel-2a,sentinel-2-l2a,"[72.13509248321124, 18.88231356651037, 73.19404625471192, 19.88715344017483]"
Mumbai,2021,2021-01-01,2021-03-31,S2A_MSIL2A_20210303T053731_N0500_R005_T42QZG_20230513T153738,2021-03-03 05:37:31.024000+00:00,0.0,sentinel-2a,sentinel-2-l2a,"[71.84723989156033, 18.863463270310636, 72.91143101603326, 19.87337734364284]"
Mumbai,2021,2021-01-01,2021-03-31,S2B_MSIL2A_20210308T053649_N0500_R005_T43QBB_20230516T224657,2021-03-08 05:36:49.024000+00:00,0.0,sentinel-2b,sentinel-2-l2a,"[72.13509248321124, 18.88231356651037, 73.19404625471192, 19.88715344017483]"
Mumbai,2021,2021-01-01,2021-03-31,S2B_MSIL2A_20210308T053649_N0500_R005_T42QZG_20230516T224657,2021-03-08 05:36:49.024000+00:00,0.0,sentinel-2b,sentinel-2-l2a,"[71.84723989156033, 18.863463270310636, 72.91143101603326, 19.87337734364284]"
Mumbai,2021,2021-01-01,2021-03-31,S2A_MSIL2A_20210313T053641_N0500_R005_T43QBB_20230513T171808,2021-03-13 05:36:41.024000+00:00,0.08,sentinel-2a,sentinel-2-l2a,"[72.13509248321124, 18.88231356651037, 73.19404625471192, 19.88715344017483]"
Mumbai,2021,2021-01-01,2021-03-31,S2A_MSIL2A_20210313T053641_N0500_R005_T42QZG_20230513T171808,2021-03-13 05:36:41.024000+00:00,0.1,sentinel-2a,sentinel-2-l2a,"[71.84723989156033, 18.863463270310636, 72.91143101603326, 19.87337734364284]"
Mumbai,2021,2021-01-01,2021-03-31,S2B_MSIL2A_20210318T053639_N0500_R005_T43QBB_20230511T003247,2021-03-18 05:36:39.024000+00:00,29.34,sentinel-2b,sentinel-2-l2a,"[72.13509248321124, 18.88231356651037, 73.19404625471192, 19.88715344017483]"
Mumbai,2021,2021-01-01,2021-03-31,S2B_MSIL2A_20210318T053639_N0500_R005_T42QZG_20230511T003247,2021-03-18 05:36:39.024000+00:00,23.1,sentinel-2b,sentinel-2-l2a,"[71.84723989156033, 18.863463270310636, 72.91143101603326, 19.87337734364284]"
Mumbai,2021,2021-01-01,2021-03-31,S2A_MSIL2A_20210323T053641_N0500_R005_T43QBB_20230511T041313,2021-03-23 05:36:41.024000+00:00,0.0,sentinel-2a,sentinel-2-l2a,"[72.13509248321124, 18.88231356651037, 73.19404625471192, 19.88715344017483]"
Mumbai,2021,2021-01-01,2021-03-31,S2A_MSIL2A_20210323T053641_N0500_R005_T42QZG_20230511T041313,2021-03-23 05:36:41.024000+00:00,0.0,sentinel-2a,sentinel-2-l2a,"[71.84723989156033, 18.863463270310636, 72.91143101603326, 19.87337734364284]"
Mumbai,2021,2021-01-01,2021-03-31,S2B_MSIL2A_20210328T053639_N0500_R005_T43QBB_20230511T053236,2021-03-28 05:36:39.024000+00:00,0.0,sentinel-2b,sentinel-2-l2a,"[72.13509248321124, 18.88231356651037, 73.19404625471192, 19.88715344017483]"
Mumbai,2021,2021-01-01,2021-03-31,S2B_MSIL2A_20210328T053639_N0500_R005_T42QZG_20230511T053236,2021-03-28 05:36:39.024000+00:00,0.0,sentinel-2b,sentinel-2-l2a,"[71.84723989156033, 18.863463270310636, 72.91143101603326, 19.87337734364284]"
Mumbai,2023,2023-01-01,2023-03-31,S2A_MSIL2A_20230102T054231_N0510_R005_T43QBB_20240810T160335,2023-01-02 05:42:31.024000+00:00,0.0,sentinel-2a,sentinel-2-l2a,"[72.13509248321124, 18.88231356651037, 73.19404625471192, 19.88715344017483]"
Mumbai,2023,2023-01-01,2023-03-31,S2A_MSIL2A_20230102T054231_N0510_R005_T42QZG_20240810T160335,2023-01-02 05:42:31.024000+00:00,0.0,sentinel-2a,sentinel-2-l2a,"[71.84723989156033, 18.863463270310636, 72.91143101603326, 19.87337734364284]"
Mumbai,2023,2023-01-01,2023-03-31,S2B_MSIL2A_20230107T054219_N0510_R005_T43QBB_20240728T094254,2023-01-07 05:42:19.024000+00:00,0.68,sentinel-2b,sentinel-2-l2a,"[72.13509248321124, 18.88231356651037, 73.19404625471192, 19.88715344017483]"
Mumbai,2023,2023-01-01,2023-03-31,S2B_MSIL2A_20230107T054219_N0510_R005_T42QZG_20240728T094254,2023-01-07 05:42:19.024000+00:00,0.41,sentinel-2b,sentinel-2-l2a,"[71.84723989156033, 18.863463270310636, 72.91143101603326, 19.87337734364284]"
Mumbai,2023,2023-01-01,2023-03-31,S2A_MSIL2A_20230112T054211_N0510_R005_T43QBB_20240811T004347,2023-01-12 05:42:11.024000+00:00,0.19,sentinel-2a,sentinel-2-l2a,"[72.13509248321124, 18.88231356651037, 73.19404625471192, 19.88715344017483]"
Mumbai,2023,2023-01-01,2023-03-31,S2A_MSIL2A_20230112T054211_N0510_R005_T42QZG_20240811T004347,2023-01-12 05:42:11.024000+00:00,0.2,sentinel-2a,sentinel-2-l2a,"[71.84723989156033, 18.863463270310636, 72.91143101603326, 19.87337734364284]"
Mumbai,2023,2023-01-01,2023-03-31,S2B_MSIL2A_20230117T054149_N0510_R005_T43QBB_20240809T013713,2023-01-17 05:41:49.024000+00:00,0.0,sentinel-2b,sentinel-2-l2a,"[72.13509248321124, 18.88231356651037, 73.19404625471192, 19.88715344017483]"
Mumbai,2023,2023-01-01,2023-03-31,S2B_MSIL2A_20230117T054149_N0510_R005_T42QZG_20240809T013713,2023-01-17 05:41:49.024000+00:00,0.0,sentinel-2b,sentinel-2-l2a,"[71.84723989156033, 18.863463270310636, 72.91143101603326, 19.87337734364284]"
Mumbai,2023,2023-01-01,2023-03-31,S2A_MSIL2A_20230122T054131_N0510_R005_T43QBB_20240812T185248,2023-01-22 05:41:31.024000+00:00,0.0,sentinel-2a,sentinel-2-l2a,"[72.13509248321124, 18.88231356651037, 73.19404625471192, 19.88715344017483]"
Mumbai,2023,2023-01-01,2023-03-31,S2A_MSIL2A_20230122T054131_N0510_R005_T42QZG_20240812T185248,2023-01-22 05:41:31.024000+00:00,0.0,sentinel-2a,sentinel-2-l2a,"[71.84723989156033, 18.863463270310636, 72.91143101603326, 19.87337734364284]"
Mumbai,2023,2023-01-01,2023-03-31,S2B_MSIL2A_20230127T054109_N0510_R005_T43QBB_20240807T145117,2023-01-27 05:41:09.024000+00:00,0.3,sentinel-2b,sentinel-2-l2a,"[72.13509248321124, 18.88231356651037, 73.19404625471192, 19.88715344017483]"
Mumbai,2023,2023-01-01,2023-03-31,S2B_MSIL2A_20230127T054109_N0510_R005_T42QZG_20240807T145117,2023-01-27 05:41:09.024000+00:00,1.01,sentinel-2b,sentinel-2-l2a,"[71.84723989156033, 18.863463270310636, 72.91143101603326, 19.87337734364284]"
Mumbai,2023,2023-01-01,2023-03-31,S2A_MSIL2A_20230201T054041_N0510_R005_T43QBB_20240730T230424,2023-02-01 05:40:41.024000+00:00,3.41,sentinel-2a,sentinel-2-l2a,"[72.13509248321124, 18.88231356651037, 73.19404625471192, 19.88715344017483]"
Mumbai,2023,2023-01-01,2023-03-31,S2A_MSIL2A_20230201T054041_N0510_R005_T42QZG_20240730T230424,2023-02-01 05:40:41.024000+00:00,3.26,sentinel-2a,sentinel-2-l2a,"[71.84723989156033, 18.863463270310636, 72.91143101603326, 19.87337734364284]"
Mumbai,2023,2023-01-01,2023-03-31,S2B_MSIL2A_20230206T054019_N0510_R005_T43QBB_20240815T180241,2023-02-06 05:40:19.024000+00:00,21.37,sentinel-2b,sentinel-2-l2a,"[72.13509248321124, 18.88231356651037, 73.19404625471192, 19.88715344017483]"
Mumbai,2023,2023-01-01,2023-03-31,S2B_MSIL2A_20230206T054019_N0510_R005_T42QZG_20240815T180241,2023-02-06 05:40:19.024000+00:00,22.02,sentinel-2b,sentinel-2-l2a,"[71.84723989156033, 18.863463270310636, 72.91143101603326, 19.87337734364284]"
Mumbai,2023,2023-01-01,2023-03-31,S2A_MSIL2A_20230211T053951_N0510_R005_T43QBB_20240729T233616,2023-02-11 05:39:51.024000+00:00,0.0,sentinel-2a,sentinel-2-l2a,"[72.13509248321124, 18.88231356651037, 73.19404625471192, 19.88715344017483]"
Mumbai,2023,2023-01-01,2023-03-31,S2A_MSIL2A_20230211T053951_N0510_R005_T42QZG_20240729T233616,2023-02-11 05:39:51.024000+00:00,0.0,sentinel-2a,sentinel-2-l2a,"[71.84723989156033, 18.863463270310636, 72.91143101603326, 19.87337734364284]"
Mumbai,2023,2023-01-01,2023-03-31,S2B_MSIL2A_20230216T053919_N0510_R005_T43QBB_20240820T132438,2023-02-16 05:39:19.024000+00:00,0.0,sentinel-2b,sentinel-2-l2a,"[72.13509248321124, 18.88231356651037, 73.19404625471192, 19.88715344017483]"
Mumbai,2023,2023-01-01,2023-03-31,S2B_MSIL2A_20230216T053919_N0510_R005_T42QZG_20240820T132438,2023-02-16 05:39:19.024000+00:00,0.17,sentinel-2b,sentinel-2-l2a,"[71.84723989156033, 18.863463270310636, 72.91143101603326, 19.87337734364284]"
Mumbai,2023,2023-01-01,2023-03-31,S2A_MSIL2A_20230221T053841_N0510_R005_T43QBB_20240814T120357,2023-02-21 05:38:41.024000+00:00,12.13,sentinel-2a,sentinel-2-l2a,"[72.13509248321124, 18.88231356651037, 73.19404625471192, 19.88715344017483]"
Mumbai,2023,2023-01-01,2023-03-31,S2A_MSIL2A_20230221T053841_N0510_R005_T42QZG_20240814T120357,2023-02-21 05:38:41.024000+00:00,16.09,sentinel-2a,sentinel-2-l2a,"[71.84723989156033, 18.863463270310636, 72.91143101603326, 19.87337734364284]"
Mumbai,2023,2023-01-01,2023-03-31,S2B_MSIL2A_20230226T053809_N0510_R005_T43QBB_20240730T172348,2023-02-26 05:38:09.025000+00:00,0.0,sentinel-2b,sentinel-2-l2a,"[72.13509248321124, 18.88231356651037, 73.19404625471192, 19.88715344017483]"
Mumbai,2023,2023-01-01,2023-03-31,S2B_MSIL2A_20230226T053809_N0510_R005_T42QZG_20240730T172348,2023-02-26 05:38:09.025000+00:00,0.0,sentinel-2b,sentinel-2-l2a,"[71.84723989156033, 18.863463270310636, 72.91143101603326, 19.87337734364284]"
Mumbai,2023,2023-01-01,2023-03-31,S2A_MSIL2A_20230303T053731_N0510_R005_T43QBB_20240818T145301,2023-03-03 05:37:31.024000+00:00,0.0,sentinel-2a,sentinel-2-l2a,"[72.13509248321124, 18.88231356651037, 73.19404625471192, 19.88715344017483]"
Mumbai,2023,2023-01-01,2023-03-31,S2A_MSIL2A_20230303T053731_N0510_R005_T42QZG_20240818T145301,2023-03-03 05:37:31.024000+00:00,0.0,sentinel-2a,sentinel-2-l2a,"[71.84723989156033, 18.863463270310636, 72.91143101603326, 19.87337734364284]"
Mumbai,2023,2023-01-01,2023-03-31,S2B_MSIL2A_20230308T053659_N0510_R005_T43QBB_20240805T111708,2023-03-08 05:36:59.025000+00:00,0.15,sentinel-2b,sentinel-2-l2a,"[72.13509248321124, 18.88231356651037, 73.19404625471192, 19.88715344017483]"
Mumbai,2023,2023-01-01,2023-03-31,S2B_MSIL2A_20230308T053659_N0510_R005_T42QZG_20240805T111708,2023-03-08 05:36:59.025000+00:00,0.16,sentinel-2b,sentinel-2-l2a,"[71.84723989156033, 18.863463270310636, 72.91143101603326, 19.87337734364284]"
Mumbai,2023,2023-01-01,2023-03-31,S2A_MSIL2A_20230313T053641_N0510_R005_T43QBB_20240804T151830,2023-03-13 05:36:41.024000+00:00,11.47,sentinel-2a,sentinel-2-l2a,"[72.13509248321124, 18.88231356651037, 73.19404625471192, 19.88715344017483]"
Mumbai,2023,2023-01-01,2023-03-31,S2A_MSIL2A_20230313T053641_N0510_R005_T42QZG_20240804T151830,2023-03-13 05:36:41.024000+00:00,5.84,sentinel-2a,sentinel-2-l2a,"[71.84723989156033, 18.863463270310636, 72.91143101603326, 19.87337734364284]"
Mumbai,2023,2023-01-01,2023-03-31,S2B_MSIL2A_20230318T053649_N0510_R005_T43QBB_20240824T005859,2023-03-18 05:36:49.024000+00:00,0.63,sentinel-2b,sentinel-2-l2a,"[72.13509248321124, 18.88231356651037, 73.19404625471192, 19.88715344017483]"
Mumbai,2023,2023-01-01,2023-03-31,S2B_MSIL2A_20230318T053649_N0510_R005_T42QZG_20240824T005859,2023-03-18 05:36:49.024000+00:00,0.1,sentinel-2b,sentinel-2-l2a,"[71.84723989156033, 18.863463270310636, 72.91143101603326, 19.87337734364284]"
Mumbai,2023,2023-01-01,2023-03-31,S2A_MSIL2A_20230323T053641_N0510_R005_T43QBB_20240830T011242,2023-03-23 05:36:41.024000+00:00,34.36,sentinel-2a,sentinel-2-l2a,"[72.13509248321124, 18.88231356651037, 73.19404625471192, 19.88715344017483]"
Mumbai,2023,2023-01-01,2023-03-31,S2A_MSIL2A_20230323T053641_N0510_R005_T42QZG_20240830T011242,2023-03-23 05:36:41.024000+00:00,49.55,sentinel-2a,sentinel-2-l2a,"[71.84723989156033, 18.863463270310636, 72.91143101603326, 19.87337734364284]"
Mumbai,2023,2023-01-01,2023-03-31,S2B_MSIL2A_20230328T053649_N0510_R005_T43QBB_20240829T064510,2023-03-28 05:36:49.024000+00:00,1.99,sentinel-2b,sentinel-2-l2a,"[72.13509248321124, 18.88231356651037, 73.19404625471192, 19.88715344017483]"
Mumbai,2023,2023-01-01,2023-03-31,S2B_MSIL2A_20230328T053649_N0510_R005_T42QZG_20240829T064510,2023-03-28 05:36:49.024000+00:00,1.53,sentinel-2b,sentinel-2-l2a,"[71.84723989156033, 18.863463270310636, 72.91143101603326, 19.87337734364284]"
Mumbai,2026,2026-01-01,2026-03-31,S2B_MSIL2A_20260101T054139_N0511_R005_T43QBB_20260101T074000,2026-01-01 05:41:39.024000+00:00,10.69,sentinel-2b,sentinel-2-l2a,"[72.13509248321124, 18.88231356651037, 73.19404625471192, 19.88715344017483]"
Mumbai,2026,2026-01-01,2026-03-31,S2B_MSIL2A_20260101T054139_N0511_R005_T42QZG_20260101T074000,2026-01-01 05:41:39.024000+00:00,22.7,sentinel-2b,sentinel-2-l2a,"[71.84723989156033, 18.863463270310636, 72.91143101603326, 19.87337734364284]"
Mumbai,2026,2026-01-01,2026-03-31,S2C_MSIL2A_20260106T054231_N0511_R005_T43QBB_20260106T091412,2026-01-06 05:42:31.025000+00:00,0.02,sentinel-2c,sentinel-2-l2a,"[72.13509248321124, 18.88231356651037, 73.19404625471192, 19.88715344017483]"
Mumbai,2026,2026-01-01,2026-03-31,S2C_MSIL2A_20260106T054231_N0511_R005_T42QZG_20260106T091412,2026-01-06 05:42:31.025000+00:00,0.51,sentinel-2c,sentinel-2-l2a,"[71.84723989156033, 18.863463270310636, 72.91143101603326, 19.87337734364284]"
Mumbai,2026,2026-01-01,2026-03-31,S2A_MSIL2A_20260108T054251_N0511_R005_T43QBB_20260108T091312,2026-01-08 05:42:51.024000+00:00,0.0,sentinel-2a,sentinel-2-l2a,"[72.13509248321124, 18.88231356651037, 73.19404625471192, 19.88715344017483]"
Mumbai,2026,2026-01-01,2026-03-31,S2A_MSIL2A_20260108T054251_N0511_R005_T42QZG_20260108T091312,2026-01-08 05:42:51.024000+00:00,0.0,sentinel-2a,sentinel-2-l2a,"[71.84723989156033, 18.863463270310636, 72.91143101603326, 19.87337734364284]"
Mumbai,2026,2026-01-01,2026-03-31,S2B_MSIL2A_20260111T054109_N0511_R005_T43QBB_20260111T074202,2026-01-11 05:41:09.024000+00:00,0.0,sentinel-2b,sentinel-2-l2a,"[72.13509248321124, 18.88231356651037, 73.19404625471192, 19.88715344017483]"
Mumbai,2026,2026-01-01,2026-03-31,S2B_MSIL2A_20260111T054109_N0511_R005_T42QZG_20260111T074202,2026-01-11 05:41:09.024000+00:00,0.0,sentinel-2b,sentinel-2-l2a,"[71.84723989156033, 18.863463270310636, 72.91143101603326, 19.87337734364284]"
Mumbai,2026,2026-01-01,2026-03-31,S2C_MSIL2A_20260116T054201_N0511_R005_T43QBB_20260116T091409,2026-01-16 05:42:01.025000+00:00,0.0,sentinel-2c,sentinel-2-l2a,"[72.13509248321124, 18.88231356651037, 73.19404625471192, 19.88715344017483]"
Mumbai,2026,2026-01-01,2026-03-31,S2C_MSIL2A_20260116T054201_N0511_R005_T42QZG_20260116T091409,2026-01-16 05:42:01.025000+00:00,0.0,sentinel-2c,sentinel-2-l2a,"[71.84723989156033, 18.863463270310636, 72.91143101603326, 19.87337734364284]"
Mumbai,2026,2026-01-01,2026-03-31,S2B_MSIL2A_20260121T054039_N0511_R005_T43QBB_20260121T091302,2026-01-21 05:40:39.024000+00:00,0.0,sentinel-2b,sentinel-2-l2a,"[72.13509248321124, 18.88231356651037, 73.19404625471192, 19.88715344017483]"
Mumbai,2026,2026-01-01,2026-03-31,S2B_MSIL2A_20260121T054039_N0511_R005_T42QZG_20260121T091302,2026-01-21 05:40:39.024000+00:00,0.0,sentinel-2b,sentinel-2-l2a,"[71.84723989156033, 18.863463270310636, 72.91143101603326, 19.87337734364284]"
Mumbai,2026,2026-01-01,2026-03-31,S2C_MSIL2A_20260126T054111_N0511_R005_T43QBB_20260126T081009,2026-01-26 05:41:11.025000+00:00,6.21,sentinel-2c,sentinel-2-l2a,"[72.13509248321124, 18.88231356651037, 73.19404625471192, 19.88715344017483]"
Mumbai,2026,2026-01-01,2026-03-31,S2C_MSIL2A_20260126T054111_N0511_R005_T42QZG_20260126T081009,2026-01-26 05:41:11.025000+00:00,2.9,sentinel-2c,sentinel-2-l2a,"[71.84723989156033, 18.863463270310636, 72.91143101603326, 19.87337734364284]"
Mumbai,2026,2026-01-01,2026-03-31,S2B_MSIL2A_20260131T053949_N0511_R005_T43QBB_20260131T091452,2026-01-31 05:39:49.024000+00:00,22.62,sentinel-2b,sentinel-2-l2a,"[72.13509248321124, 18.88231356651037, 73.19404625471192, 19.88715344017483]"
Mumbai,2026,2026-01-01,2026-03-31,S2B_MSIL2A_20260131T053949_N0511_R005_T42QZG_20260131T091452,2026-01-31 05:39:49.024000+00:00,27.51,sentinel-2b,sentinel-2-l2a,"[71.84723989156033, 18.863463270310636, 72.91143101603326, 19.87337734364284]"
Mumbai,2026,2026-01-01,2026-03-31,S2B_MSIL2A_20260210T053849_N0512_R005_T43QBB_20260210T091916,2026-02-10 05:38:49.024000+00:00,0.0,sentinel-2b,sentinel-2-l2a,"[72.13509248321124, 18.88231356651037, 73.19404625471192, 19.88715344017483]"
Mumbai,2026,2026-01-01,2026-03-31,S2B_MSIL2A_20260210T053849_N0512_R005_T42QZG_20260210T091916,2026-02-10 05:38:49.024000+00:00,0.0,sentinel-2b,sentinel-2-l2a,"[71.84723989156033, 18.863463270310636, 72.91143101603326, 19.87337734364284]"
Mumbai,2026,2026-01-01,2026-03-31,S2C_MSIL2A_20260215T053921_N0512_R005_T43QBB_20260215T085810,2026-02-15 05:39:21.025000+00:00,0.0,sentinel-2c,sentinel-2-l2a,"[72.13509248321124, 18.88231356651037, 73.19404625471192, 19.88715344017483]"
Mumbai,2026,2026-01-01,2026-03-31,S2C_MSIL2A_20260215T053921_N0512_R005_T42QZG_20260215T085810,2026-02-15 05:39:21.025000+00:00,0.0,sentinel-2c,sentinel-2-l2a,"[71.84723989156033, 18.863463270310636, 72.91143101603326, 19.87337734364284]"
Mumbai,2026,2026-01-01,2026-03-31,S2B_MSIL2A_20260220T053749_N0512_R005_T43QBB_20260220T092634,2026-02-20 05:37:49.024000+00:00,0.01,sentinel-2b,sentinel-2-l2a,"[72.13509248321124, 18.88231356651037, 73.19404625471192, 19.88715344017483]"
Mumbai,2026,2026-01-01,2026-03-31,S2B_MSIL2A_20260220T053749_N0512_R005_T42QZG_20260220T092634,2026-02-20 05:37:49.024000+00:00,0.01,sentinel-2b,sentinel-2-l2a,"[71.84723989156033, 18.863463270310636, 72.91143101603326, 19.87337734364284]"
Mumbai,2026,2026-01-01,2026-03-31,S2C_MSIL2A_20260225T053811_N0512_R005_T43QBB_20260225T103810,2026-02-25 05:38:11.025000+00:00,0.0,sentinel-2c,sentinel-2-l2a,"[72.13509248321124, 18.88231356651037, 73.19404625471192, 19.88715344017483]"
Mumbai,2026,2026-01-01,2026-03-31,S2C_MSIL2A_20260225T053811_N0512_R005_T42QZG_20260225T103810,2026-02-25 05:38:11.025000+00:00,0.0,sentinel-2c,sentinel-2-l2a,"[71.84723989156033, 18.863463270310636, 72.91143101603326, 19.87337734364284]"
Mumbai,2026,2026-01-01,2026-03-31,S2B_MSIL2A_20260302T053639_N0512_R005_T43QBB_20260302T093017,2026-03-02 05:36:39.024000+00:00,0.0,sentinel-2b,sentinel-2-l2a,"[72.13509248321124, 18.88231356651037, 73.19404625471192, 19.88715344017483]"
Mumbai,2026,2026-01-01,2026-03-31,S2B_MSIL2A_20260302T053639_N0512_R005_T42QZG_20260302T093017,2026-03-02 05:36:39.024000+00:00,0.0,sentinel-2b,sentinel-2-l2a,"[71.84723989156033, 18.863463270310636, 72.91143101603326, 19.87337734364284]"
Mumbai,2026,2026-01-01,2026-03-31,S2C_MSIL2A_20260307T053701_N0512_R005_T43QBB_20260307T103208,2026-03-07 05:37:01.025000+00:00,0.0,sentinel-2c,sentinel-2-l2a,"[72.13509248321124, 18.88231356651037, 73.19404625471192, 19.88715344017483]"
Mumbai,2026,2026-01-01,2026-03-31,S2C_MSIL2A_20260307T053701_N0512_R005_T42QZG_20260307T103208,2026-03-07 05:37:01.025000+00:00,0.0,sentinel-2c,sentinel-2-l2a,"[71.84723989156033, 18.863463270310636, 72.91143101603326, 19.87337734364284]"
Mumbai,2026,2026-01-01,2026-03-31,S2A_MSIL2A_20260309T054251_N0512_R005_T43QBB_20260309T140613,2026-03-09 05:42:51.024000+00:00,0.0,sentinel-2a,sentinel-2-l2a,"[72.13509248321124, 18.88231356651037, 73.19404625471192, 19.88715344017483]"
Mumbai,2026,2026-01-01,2026-03-31,S2A_MSIL2A_20260309T054251_N0512_R005_T42QZG_20260309T140613,2026-03-09 05:42:51.024000+00:00,0.0,sentinel-2a,sentinel-2-l2a,"[71.84723989156033, 18.863463270310636, 72.91143101603326, 19.87337734364284]"
Mumbai,2026,2026-01-01,2026-03-31,S2B_MSIL2A_20260312T053639_N0512_R005_T43QBB_20260312T092622,2026-03-12 05:36:39.024000+00:00,0.0,sentinel-2b,sentinel-2-l2a,"[72.13509248321124, 18.88231356651037, 73.19404625471192, 19.88715344017483]"
Mumbai,2026,2026-01-01,2026-03-31,S2B_MSIL2A_20260312T053639_N0512_R005_T42QZG_20260312T092622,2026-03-12 05:36:39.024000+00:00,0.0,sentinel-2b,sentinel-2-l2a,"[71.84723989156033, 18.863463270310636, 72.91143101603326, 19.87337734364284]"
Mumbai,2026,2026-01-01,2026-03-31,S2C_MSIL2A_20260317T053641_N0512_R005_T43QBB_20260317T103610,2026-03-17 05:36:41.025000+00:00,0.04,sentinel-2c,sentinel-2-l2a,"[72.13509248321124, 18.88231356651037, 73.19404625471192, 19.88715344017483]"
Mumbai,2026,2026-01-01,2026-03-31,S2C_MSIL2A_20260317T053641_N0512_R005_T42QZG_20260317T103610,2026-03-17 05:36:41.025000+00:00,0.04,sentinel-2c,sentinel-2-l2a,"[71.84723989156033, 18.863463270310636, 72.91143101603326, 19.87337734364284]"
Mumbai,2026,2026-01-01,2026-03-31,S2A_MSIL2A_20260319T054251_N0512_R005_T43QBB_20260319T103809,2026-03-19 05:42:51.024000+00:00,0.23,sentinel-2a,sentinel-2-l2a,"[72.13509248321124, 18.88231356651037, 73.19404625471192, 19.88715344017483]"
Mumbai,2026,2026-01-01,2026-03-31,S2A_MSIL2A_20260319T054251_N0512_R005_T42QZG_20260319T103809,2026-03-19 05:42:51.024000+00:00,0.6,sentinel-2a,sentinel-2-l2a,"[71.84723989156033, 18.863463270310636, 72.91143101603326, 19.87337734364284]"
Mumbai,2026,2026-01-01,2026-03-31,S2B_MSIL2A_20260322T053639_N0512_R005_T43QBB_20260322T092138,2026-03-22 05:36:39.024000+00:00,0.0,sentinel-2b,sentinel-2-l2a,"[72.13509248321124, 18.88231356651037, 73.19404625471192, 19.88715344017483]"
Mumbai,2026,2026-01-01,2026-03-31,S2B_MSIL2A_20260322T053639_N0512_R005_T42QZG_20260322T092138,2026-03-22 05:36:39.024000+00:00,0.0,sentinel-2b,sentinel-2-l2a,"[71.84723989156033, 18.863463270310636, 72.91143101603326, 19.87337734364284]"
Mumbai,2026,2026-01-01,2026-03-31,S2C_MSIL2A_20260327T053641_N0512_R005_T43QBB_20260327T101215,2026-03-27 05:36:41.025000+00:00,2.09,sentinel-2c,sentinel-2-l2a,"[72.13509248321124, 18.88231356651037, 73.19404625471192, 19.88715344017483]"
Mumbai,2026,2026-01-01,2026-03-31,S2C_MSIL2A_20260327T053641_N0512_R005_T42QZG_20260327T101215,2026-03-27 05:36:41.025000+00:00,1.03,sentinel-2c,sentinel-2-l2a,"[71.84723989156033, 18.863463270310636, 72.91143101603326, 19.87337734364284]"
