tile_id,city,year,row,col,window_start,window_end,epsg,x_min,y_min,x_max,y_max,lon_c,lat_c,valid_frac,clear_obs_mean,cloudy_obs_frac,ndvi_mean,ndbi_mean,mndwi_mean,brightness,keep,path,n_acquisitions,scene_cloud_median,footprint_wkt
Ahmedabad_r00_c00,Ahmedabad,2020,0,0,2020-01-01,2020-03-31,32643,240860.0,2555750.0,243420.0,2558310.0,72.48250871548521,23.101955140290002,1.0,13.93408203125,0.18034809827804565,0.31081557273864746,0.03940664231777191,-0.4220479726791382,0.11140067875385284,True,tiles\Ahmedabad\2020\Ahmedabad_r00_c00.tif,17.0,0.0,"POLYGON ((72.49521 23.090603, 72.494782 23.113706, 72.469805 23.113307, 72.470238 23.090204, 72.49521 23.090603))"
Ahmedabad_r00_c01,Ahmedabad,2020,0,1,2020-01-01,2020-03-31,32643,243420.0,2555750.0,245980.0,2558310.0,72.5074836743236,23.102351724058632,1.0,15.16253662109375,0.10808610916137695,0.36588579416275024,0.03513919189572334,-0.48108288645744324,0.09937983006238937,True,tiles\Ahmedabad\2020\Ahmedabad_r00_c01.tif,17.0,0.0,"POLYGON ((72.520183 23.090997, 72.519759 23.1141, 72.494782 23.113706, 72.49521 23.090603, 72.520183 23.090997))"
Ahmedabad_r00_c02,Ahmedabad,2020,0,2,2020-01-01,2020-03-31,32643,245980.0,2555750.0,248540.0,2558310.0,72.53245918231286,23.102744362597736,1.0,15.339447021484375,0.09767961502075195,0.24415583908557892,0.04702741652727127,-0.36843985319137573,0.13450388610363007,True,tiles\Ahmedabad\2020\Ahmedabad_r00_c02.tif,17.0,0.0,"POLYGON ((72.545157 23.091387, 72.544737 23.114491, 72.519759 23.1141, 72.520183 23.090997, 72.545157 23.091387))"
Ahmedabad_r00_c03,Ahmedabad,2020,0,3,2020-01-01,2020-03-31,32643,248540.0,2555750.0,251100.0,2558310.0,72.55743523396953,23.10313305555759,1.0,14.836456298828125,0.12726730108261108,0.25053566694259644,0.03457315266132355,-0.36368054151535034,0.1336560696363449,True,tiles\Ahmedabad\2020\Ahmedabad_r00_c03.tif,17.0,0.0,"POLYGON ((72.570131 23.091774, 72.569715 23.114878, 72.544737 23.114491, 72.545157 23.091387, 72.570131 23.091774))"
Ahmedabad_r00_c04,Ahmedabad,2020,0,4,2020-01-01,2020-03-31,32643,251100.0,2555750.0,253660.0,2558310.0,72.58241182380942,23.103517802591934,1.0,12.87420654296875,0.2426937222480774,0.20254647731781006,0.03324776887893677,-0.30958276987075806,0.14837728440761566,True,tiles\Ahmedabad\2020\Ahmedabad_r00_c04.tif,17.0,0.0,"POLYGON ((72.595106 23.092156, 72.594694 23.115261, 72.569715 23.114878, 72.570131 23.091774, 72.595106 23.092156))"
Ahmedabad_r00_c05,Ahmedabad,2020,0,5,2020-01-01,2020-03-31,32643,253660.0,2555750.0,256220.0,2558310.0,72.60738894634775,23.10389860335805,1.0,12.945358276367188,0.23850834369659424,0.2851591110229492,0.010559539310634136,-0.37564003467559814,0.12508365511894226,True,tiles\Ahmedabad\2020\Ahmedabad_r00_c05.tif,17.0,0.0,"POLYGON ((72.620081 23.092535, 72.619674 23.11564, 72.594694 23.115261, 72.595106 23.092156, 72.620081 23.092535))"
Ahmedabad_r00_c06,Ahmedabad,2020,0,6,2020-01-01,2020-03-31,32643,256220.0,2555750.0,258780.0,2558310.0,72.63236659609893,23.10427545751668,1.0,13.090057373046875,0.22999662160873413,0.34354910254478455,0.02292291633784771,-0.43742138147354126,0.0998818576335907,True,tiles\Ahmedabad\2020\Ahmedabad_r00_c06.tif,17.0,0.0,"POLYGON ((72.645057 23.09291, 72.644654 23.116015, 72.619674 23.11564, 72.620081 23.092535, 72.645057 23.09291))"
Ahmedabad_r00_c07,Ahmedabad,2020,0,7,2020-01-01,2020-03-31,32643,258780.0,2555750.0,261340.0,2558310.0,72.65734476757675,23.10464836473209,1.0,13.186752319335938,0.22430866956710815,0.2550617456436157,0.04414952173829079,-0.36402103304862976,0.11457878351211548,True,tiles\Ahmedabad\2020\Ahmedabad_r00_c07.tif,17.0,0.0,"POLYGON ((72.670033 23.09328, 72.669635 23.116387, 72.644654 23.116015, 72.645057 23.09291, 72.670033 23.09328))"
Ahmedabad_r01_c00,Ahmedabad,2020,1,0,2020-01-01,2020-03-31,32643,240860.0,2553190.0,243420.0,2555750.0,72.48293928531551,23.07885220298212,1.0,13.943572998046875,0.17978984117507935,0.3729792535305023,0.012812110595405102,-0.45592910051345825,0.10151591897010803,True,tiles\Ahmedabad\2020\Ahmedabad_r01_c00.tif,17.0,0.0,"POLYGON ((72.495639 23.067499, 72.49521 23.090603, 72.470238 23.090204, 72.47067 23.067101, 72.495639 23.067499))"
Ahmedabad_r01_c01,Ahmedabad,2020,1,1,2020-01-01,2020-03-31,32643,243420.0,2553190.0,245980.0,2555750.0,72.50790998348886,23.07924834528423,1.0,14.625442504882812,0.13967984914779663,0.2688399851322174,0.031827863305807114,-0.37408578395843506,0.13122855126857758,True,tiles\Ahmedabad\2020\Ahmedabad_r01_c01.tif,17.0,0.0,"POLYGON ((72.520607 23.067893, 72.520183 23.090997, 72.49521 23.090603, 72.495639 23.067499, 72.520607 23.067893))"
Ahmedabad_r01_c02,Ahmedabad,2020,1,2,2020-01-01,2020-03-31,32643,245980.0,2553190.0,248540.0,2555750.0,72.53288123039547,23.07964054674605,1.0,14.036575317382812,0.1743190884590149,0.19964101910591125,0.035835135728120804,-0.30745863914489746,0.14621153473854065,True,tiles\Ahmedabad\2020\Ahmedabad_r01_c02.tif,17.0,0.0,"POLYGON ((72.545577 23.068283, 72.545157 23.091387, 72.520183 23.090997, 72.520607 23.067893, 72.545577 23.068283))"
Ahmedabad_r01_c03,Ahmedabad,2020,1,3,2020-01-01,2020-03-31,32643,248540.0,2553190.0,251100.0,2555750.0,72.55785302055604,23.080028807018305,1.0,13.200607299804688,0.22349369525909424,0.14253900945186615,0.044752005487680435,-0.26237931847572327,0.17380908131599426,True,tiles\Ahmedabad\2020\Ahmedabad_r01_c03.tif,17.0,0.0,"POLYGON ((72.570547 23.068669, 72.570131 23.091774, 72.545157 23.091387, 72.545577 23.068283, 72.570547 23.068669))"
Ahmedabad_r01_c04,Ahmedabad,2020,1,4,2020-01-01,2020-03-31,32643,251100.0,2553190.0,253660.0,2555750.0,72.58282534849057,23.080413125755214,1.0,12.926101684570312,0.23964107036590576,0.19277411699295044,0.039543770253658295,-0.3059995174407959,0.13949298858642578,True,tiles\Ahmedabad\2020\Ahmedabad_r01_c04.tif,17.0,0.0,"POLYGON ((72.595517 23.069052, 72.595106 23.092156, 72.570131 23.091774, 72.570547 23.068669, 72.595517 23.069052))"
Ahmedabad_r01_c05,Ahmedabad,2020,1,5,2020-01-01,2020-03-31,32643,253660.0,2553190.0,256220.0,2555750.0,72.60779820871835,23.080793502614494,1.0,12.832199096679688,0.24516475200653076,0.31512826681137085,-0.017691969871520996,-0.30860957503318787,0.08574429899454117,True,tiles\Ahmedabad\2020\Ahmedabad_r01_c05.tif,17.0,0.0,"POLYGON ((72.620488 23.06943, 72.620081 23.092535, 72.595106 23.092156, 72.595517 23.069052, 72.620488 23.06943))"
Ahmedabad_r01_c06,Ahmedabad,2020,1,6,2020-01-01,2020-03-31,32643,256220.0,2553190.0,258780.0,2555750.0,72.63277159575802,23.081169937257354,1.0,12.713516235351562,0.2521461248397827,0.19842049479484558,0.06429179757833481,-0.3260688781738281,0.12721478939056396,True,tiles\Ahmedabad\2020\Ahmedabad_r01_c06.tif,17.0,0.0,"POLYGON ((72.64546 23.069804, 72.645057 23.09291, 72.620081 23.092535, 72.620488 23.06943, 72.64546 23.069804))"
Ahmedabad_r01_c07,Ahmedabad,2020,1,7,2020-01-01,2020-03-31,32643,258780.0,2553190.0,261340.0,2555750.0,72.65774550412745,23.081542429348488,1.0,12.229110717773438,0.28064054250717163,0.18068400025367737,0.06398047506809235,-0.32480770349502563,0.13492393493652344,True,tiles\Ahmedabad\2020\Ahmedabad_r01_c07.tif,17.0,0.0,"POLYGON ((72.670432 23.070174, 72.670033 23.09328, 72.645057 23.09291, 72.64546 23.069804, 72.670432 23.070174))"
Ahmedabad_r02_c00,Ahmedabad,2020,2,0,2020-01-01,2020-03-31,32643,240860.0,2550630.0,243420.0,2553190.0,72.48336930093376,23.05574919054648,1.0,13.766693115234375,0.19019454717636108,0.31458932161331177,0.024420814588665962,-0.411875456571579,0.11294715851545334,True,tiles\Ahmedabad\2020\Ahmedabad_r02_c00.tif,17.0,0.0,"POLYGON ((72.496066 23.044396, 72.495639 23.067499, 72.47067 23.067101, 72.471102 23.043999, 72.496066 23.044396))"
Ahmedabad_r02_c01,Ahmedabad,2020,2,1,2020-01-01,2020-03-31,32643,243420.0,2550630.0,245980.0,2553190.0,72.50833574392071,23.0561448915282,1.0,14.103286743164062,0.1703948974609375,0.24934978783130646,0.019423572346568108,-0.34200313687324524,0.1324312835931778,True,tiles\Ahmedabad\2020\Ahmedabad_r02_c01.tif,17.0,0.0,"POLYGON ((72.521031 23.04479, 72.520607 23.067893, 72.495639 23.067499, 72.496066 23.044396, 72.521031 23.04479))"
Ahmedabad_r02_c02,Ahmedabad,2020,2,2,2020-01-01,2020-03-31,32643,245980.0,2550630.0,248540.0,2553190.0,72.53330273522398,23.05653665605741,1.0,13.142440795898438,0.22691524028778076,0.17200109362602234,0.024348869919776917,-0.2603811025619507,0.15580910444259644,True,tiles\Ahmedabad\2020\Ahmedabad_r02_c02.tif,17.0,0.0,"POLYGON ((72.545996 23.045179, 72.545577 23.068283, 72.520607 23.067893, 72.521031 23.04479, 72.545996 23.045179))"
Ahmedabad_r02_c03,Ahmedabad,2020,2,3,2020-01-01,2020-03-31,32643,248540.0,2550630.0,251100.0,2553190.0,72.55827026936849,23.05692448378532,1.0,12.291122436523438,0.2769927978515625,0.1593383103609085,0.03500683978199959,-0.25901493430137634,0.15336450934410095,True,tiles\Ahmedabad\2020\Ahmedabad_r02_c03.tif,17.0,0.0,"POLYGON ((72.570962 23.045565, 72.570547 23.068669, 72.545577 23.068283, 72.545996 23.045179, 72.570962 23.045565))"
Ahmedabad_r02_c04,Ahmedabad,2020,2,4,2020-01-01,2020-03-31,32643,251100.0,2550630.0,253660.0,2553190.0,72.58323834087832,23.05730837436658,1.0,12.577194213867188,0.2601650357246399,0.1729116588830948,0.029759874567389488,-0.2343260943889618,0.11105535924434662,True,tiles\Ahmedabad\2020\Ahmedabad_r02_c04.tif,17.0,0.0,"POLYGON ((72.595928 23.045947, 72.595517 23.069052, 72.570547 23.068669, 72.570962 23.045565, 72.595928 23.045947))"
Ahmedabad_r02_c05,Ahmedabad,2020,2,5,2020-01-01,2020-03-31,32643,253660.0,2550630.0,256220.0,2553190.0,72.60820694427692,23.057688327459378,1.0,13.037796020507812,0.23307085037231445,0.247564896941185,0.0223387498408556,-0.32934606075286865,0.1199786365032196,True,tiles\Ahmedabad\2020\Ahmedabad_r02_c05.tif,17.0,0.0,"POLYGON ((72.620895 23.046324, 72.620488 23.06943, 72.595517 23.069052, 72.595928 23.045947, 72.620895 23.046324))"
Ahmedabad_r02_c06,Ahmedabad,2020,2,6,2020-01-01,2020-03-31,32643,256220.0,2550630.0,258780.0,2553190.0,72.63317607408713,23.058064342725363,1.0,12.645187377929688,0.25616544485092163,0.13903146982192993,0.07806253433227539,-0.3016000986099243,0.1446479856967926,True,tiles\Ahmedabad\2020\Ahmedabad_r02_c06.tif,17.0,0.0,"POLYGON ((72.645862 23.046698, 72.64546 23.069804, 72.620488 23.06943, 72.620895 23.046324, 72.645862 23.046698))"
Ahmedabad_r02_c07,Ahmedabad,2020,2,7,2020-01-01,2020-03-31,32643,258780.0,2550630.0,261340.0,2553190.0,72.65814572483094,23.058436419829686,1.0,12.150970458984375,0.28523701429367065,0.15008732676506042,0.036359723657369614,-0.26288244128227234,0.1756020188331604,True,tiles\Ahmedabad\2020\Ahmedabad_r02_c07.tif,17.0,0.0,"POLYGON ((72.67083 23.047068, 72.670432 23.070174, 72.64546 23.069804, 72.645862 23.046698, 72.67083 23.047068))"
Ahmedabad_r03_c00,Ahmedabad,2020,3,0,2020-01-01,2020-03-31,32643,240860.0,2548070.0,243420.0,2550630.0,72.48379876276105,23.032646103046183,1.0,13.685836791992188,0.19495075941085815,0.2782854735851288,0.015432280488312244,-0.36609867215156555,0.12647268176078796,True,tiles\Ahmedabad\2020\Ahmedabad_r03_c00.tif,17.0,0.0,"POLYGON ((72.496493 23.021293, 72.496066 23.044396, 72.471102 23.043999, 72.471533 23.020896, 72.496493 23.021293))"
Ahmedabad_r03_c01,Ahmedabad,2020,3,1,2020-01-01,2020-03-31,32643,243420.0,2548070.0,245980.0,2550630.0,72.50876095603603,23.033041362853417,1.0,13.646224975585938,0.1972808837890625,0.2756226360797882,-0.0036476976238191128,-0.3300274908542633,0.12088508158922195,True,tiles\Ahmedabad\2020\Ahmedabad_r03_c01.tif,17.0,0.0,"POLYGON ((72.521454 23.021686, 72.521031 23.04479, 72.496066 23.044396, 72.496493 23.021293, 72.521454 23.021686))"
Ahmedabad_r03_c02,Ahmedabad,2020,3,2,2020-01-01,2020-03-31,32643,245980.0,2548070.0,248540.0,2550630.0,72.53372369721114,23.0334326905945,1.0,12.866134643554688,0.24316853284835815,0.2330724000930786,0.01174129918217659,-0.30463966727256775,0.13336697220802307,True,tiles\Ahmedabad\2020\Ahmedabad_r03_c02.tif,17.0,0.0,"POLYGON ((72.546414 23.022075, 72.545996 23.045179, 72.521031 23.04479, 72.521454 23.021686, 72.546414 23.022075))"
Ahmedabad_r03_c03,Ahmedabad,2020,3,3,2020-01-01,2020-03-31,32643,248540.0,2548070.0,251100.0,2550630.0,72.55868698081547,23.033820085921082,1.0,12.444381713867188,0.2679775357246399,0.21864432096481323,0.012703493237495422,-0.2870754599571228,0.12854404747486115,True,tiles\Ahmedabad\2020\Ahmedabad_r03_c03.tif,17.0,0.0,"POLYGON ((72.571376 23.02246, 72.570962 23.045565, 72.545996 23.045179, 72.546414 23.022075, 72.571376 23.02246))"
Ahmedabad_r03_c04,Ahmedabad,2020,3,4,2020-01-01,2020-03-31,32643,251100.0,2548070.0,253660.0,2550630.0,72.58365080137713,23.034203548488286,1.0,12.889572143554688,0.24178987741470337,0.11442241072654724,0.05468128249049187,-0.2178179770708084,0.12076735496520996,True,tiles\Ahmedabad\2020\Ahmedabad_r03_c04.tif,17.0,0.0,"POLYGON ((72.596338 23.022841, 72.595928 23.045947, 72.570962 23.045565, 72.571376 23.02246, 72.596338 23.022841))"
Ahmedabad_r03_c05,Ahmedabad,2020,3,5,2020-01-01,2020-03-31,32643,253660.0,2548070.0,256220.0,2550630.0,72.60861515342383,23.034583077954743,1.0,12.905166625976562,0.2408725619316101,0.18417340517044067,0.052783168852329254,-0.30888476967811584,0.12420038133859634,True,tiles\Ahmedabad\2020\Ahmedabad_r03_c05.tif,17.0,0.0,"POLYGON ((72.6213 23.023219, 72.620895 23.046324, 72.595928 23.045947, 72.596338 23.022841, 72.6213 23.023219))"
Ahmedabad_r03_c06,Ahmedabad,2020,3,6,2020-01-01,2020-03-31,32643,256220.0,2548070.0,258780.0,2550630.0,72.63358003148242,23.034958673982548,1.0,13.437118530273438,0.20958125591278076,0.14220888912677765,0.0583481565117836,-0.2754024267196655,0.15048432350158691,True,tiles\Ahmedabad\2020\Ahmedabad_r03_c06.tif,17.0,0.0,"POLYGON ((72.646263 23.023592, 72.645862 23.046698, 72.620895 23.046324, 72.6213 23.023219, 72.646263 23.023592))"
Ahmedabad_r03_c07,Ahmedabad,2020,3,7,2020-01-01,2020-03-31,32643,258780.0,2548070.0,261340.0,2550630.0,72.65854543007917,23.035330336237315,1.0,13.902481079101562,0.18220698833465576,0.13172626495361328,0.05649305135011673,-0.26698920130729675,0.1625247299671173,True,tiles\Ahmedabad\2020\Ahmedabad_r03_c07.tif,17.0,0.0,"POLYGON ((72.671227 23.023962, 72.67083 23.047068, 72.645862 23.046698, 72.646263 23.023592, 72.671227 23.023962))"
Ahmedabad_r04_c00,Ahmedabad,2020,4,0,2020-01-01,2020-03-31,32643,240860.0,2545510.0,243420.0,2548070.0,72.4842276712177,23.009542940544343,1.0,13.488327026367188,0.20656901597976685,0.3247950077056885,0.027826886624097824,-0.4327114522457123,0.11277060210704803,True,tiles\Ahmedabad\2020\Ahmedabad_r04_c00.tif,17.0,0.0,"POLYGON ((72.49692 22.998189, 72.496493 23.021293, 72.471533 23.020896, 72.471964 22.997793, 72.49692 22.998189))"
Ahmedabad_r04_c01,Ahmedabad,2020,4,1,2020-01-01,2020-03-31,32643,243420.0,2545510.0,245980.0,2548070.0,72.50918562025105,23.009937759322803,1.0,12.751724243164062,0.24989855289459229,0.2302739918231964,0.015374802052974701,-0.3069975674152374,0.13299903273582458,True,tiles\Ahmedabad\2020\Ahmedabad_r04_c01.tif,17.0,0.0,"POLYGON ((72.521876 22.998582, 72.521454 23.021686, 72.496493 23.021293, 72.49692 22.998189, 72.521876 22.998582))"
Ahmedabad_r04_c02,Ahmedabad,2020,4,2,2020-01-01,2020-03-31,32643,245980.0,2545510.0,248540.0,2548070.0,72.53414411676907,23.010328650420007,1.0,12.283172607421875,0.2774604558944702,0.17260634899139404,0.03212901949882507,-0.2703510522842407,0.1494317352771759,True,tiles\Ahmedabad\2020\Ahmedabad_r04_c02.tif,17.0,0.0,"POLYGON ((72.546832 22.998971, 72.546414 23.022075, 72.521454 23.021686, 72.521876 22.998582, 72.546832 22.998971))"
Ahmedabad_r04_c03,Ahmedabad,2020,4,3,2020-01-01,2020-03-31,32643,248540.0,2545510.0,251100.0,2548070.0,72.55910315530484,23.01071561348808,1.0,13.053985595703125,0.23211848735809326,0.16516812145709991,0.03243982791900635,-0.252846360206604,0.13850751519203186,True,tiles\Ahmedabad\2020\Ahmedabad_r04_c03.tif,17.0,0.0,"POLYGON ((72.57179 22.999355, 72.571376 23.02246, 72.546414 23.022075, 72.546832 22.998971, 72.57179 22.999355))"
Ahmedabad_r04_c04,Ahmedabad,2020,4,4,2020-01-01,2020-03-31,32643,251100.0,2545510.0,253660.0,2548070.0,72.58406273039077,23.011098648182596,1.0,13.2930908203125,0.21805346012115479,0.1256522387266159,0.05483560264110565,-0.23425832390785217,0.12325449287891388,True,tiles\Ahmedabad\2020\Ahmedabad_r04_c04.tif,17.0,0.0,"POLYGON ((72.596747 22.999736, 72.596338 23.022841, 72.571376 23.02246, 72.57179 22.999355, 72.596747 22.999736))"
Ahmedabad_r04_c05,Ahmedabad,2020,4,5,2020-01-01,2020-03-31,32643,253660.0,2545510.0,256220.0,2548070.0,72.60902283655864,23.011477754162645,1.0,13.857147216796875,0.18487370014190674,0.18683215975761414,0.023867392912507057,-0.2645511031150818,0.12239103019237518,True,tiles\Ahmedabad\2020\Ahmedabad_r04_c05.tif,17.0,0.0,"POLYGON ((72.621706 23.000113, 72.6213 23.023219, 72.596338 23.022841, 72.596747 22.999736, 72.621706 23.000113))"
Ahmedabad_r04_c06,Ahmedabad,2020,4,6,2020-01-01,2020-03-31,32643,256220.0,2545510.0,258780.0,2548070.0,72.63398346833942,23.011852931090786,1.0,14.09552001953125,0.17085176706314087,0.12977589666843414,0.06488630175590515,-0.2733510434627533,0.13943102955818176,True,tiles\Ahmedabad\2020\Ahmedabad_r04_c06.tif,17.0,0.0,"POLYGON ((72.646664 23.000486, 72.646263 23.023592, 72.6213 23.023219, 72.621706 23.000113, 72.646664 23.000486))"
Ahmedabad_r04_c07,Ahmedabad,2020,4,7,2020-01-01,2020-03-31,32643,258780.0,2545510.0,261340.0,2548070.0,72.65894462026354,23.01222417863303,1.0,14.178237915039062,0.16598600149154663,0.1536787450313568,0.05980788171291351,-0.2984146475791931,0.14829036593437195,True,tiles\Ahmedabad\2020\Ahmedabad_r04_c07.tif,17.0,0.0,"POLYGON ((72.671624 23.000855, 72.671227 23.023962, 72.646263 23.023592, 72.646664 23.000486, 72.671624 23.000855))"
Ahmedabad_r05_c00,Ahmedabad,2020,5,0,2020-01-01,2020-03-31,32643,240860.0,2542950.0,243420.0,2545510.0,72.48465602672333,22.986439703104118,1.0,13.624160766601562,0.19857877492904663,0.2869457006454468,0.04659760370850563,-0.41732755303382874,0.12074132263660431,True,tiles\Ahmedabad\2020\Ahmedabad_r05_c00.tif,17.0,0.0,"POLYGON ((72.497346 22.975086, 72.49692 22.998189, 72.471964 22.997793, 72.472394 22.97469, 72.497346 22.975086))"
Ahmedabad_r05_c01,Ahmedabad,2020,5,1,2020-01-01,2020-03-31,32643,243420.0,2542950.0,245980.0,2545510.0,72.50960973698126,22.986834080999284,1.0,13.62158203125,0.19873046875,0.1842571198940277,0.048841431736946106,-0.30626508593559265,0.14146345853805542,True,tiles\Ahmedabad\2020\Ahmedabad_r05_c01.tif,17.0,0.0,"POLYGON ((72.522298 22.975478, 72.521876 22.998582, 72.49692 22.998189, 72.497346 22.975086, 72.522298 22.975478))"
Ahmedabad_r05_c02,Ahmedabad,2020,5,2,2020-01-01,2020-03-31,32643,245980.0,2542950.0,248540.0,2545510.0,72.53456399430905,22.987224535596674,1.0,13.61566162109375,0.1990787386894226,0.2570282518863678,0.009388537146151066,-0.3278887867927551,0.12372338026762009,True,tiles\Ahmedabad\2020\Ahmedabad_r05_c02.tif,17.0,0.0,"POLYGON ((72.54725 22.975866, 72.546832 22.998971, 72.521876 22.998582, 72.522298 22.975478, 72.54725 22.975866))"
Ahmedabad_r05_c03,Ahmedabad,2020,5,3,2020-01-01,2020-03-31,32643,248540.0,2542950.0,251100.0,2545510.0,72.55951879324388,22.98761106654883,1.0,13.45751953125,0.20838117599487305,0.22890505194664001,0.015627577900886536,-0.28454187512397766,0.1093934178352356,True,tiles\Ahmedabad\2020\Ahmedabad_r05_c03.tif,17.0,0.0,"POLYGON ((72.572203 22.976251, 72.57179 22.999355, 72.546832 22.998971, 72.54725 22.975866, 72.572203 22.976251))"
Ahmedabad_r05_c04,Ahmedabad,2020,5,4,2020-01-01,2020-03-31,32643,251100.0,2542950.0,253660.0,2545510.0,72.58447412832238,22.98799367351184,1.0,13.485244750976562,0.20675033330917358,0.1485685557126999,0.05042537674307823,-0.2673405408859253,0.13171635568141937,True,tiles\Ahmedabad\2020\Ahmedabad_r05_c04.tif,17.0,0.0,"POLYGON ((72.597156 22.976631, 72.596747 22.999736, 72.57179 22.999355, 72.572203 22.976251, 72.597156 22.976631))"
Ahmedabad_r05_c05,Ahmedabad,2020,5,5,2020-01-01,2020-03-31,32643,253660.0,2542950.0,256220.0,2545510.0,72.60942999408036,22.988372356145213,1.0,13.836380004882812,0.18609529733657837,0.12290143221616745,0.04811675101518631,-0.24190419912338257,0.1578044295310974,True,tiles\Ahmedabad\2020\Ahmedabad_r05_c05.tif,17.0,0.0,"POLYGON ((72.62211 22.977008, 72.621706 23.000113, 72.596747 22.999736, 72.597156 22.976631, 72.62211 22.977008))"
Ahmedabad_r05_c06,Ahmedabad,2020,5,6,2020-01-01,2020-03-31,32643,256220.0,2542950.0,258780.0,2545510.0,72.63438638505295,22.98874711411195,1.0,14.071853637695312,0.1722438931465149,0.14670276641845703,0.05793929100036621,-0.28692078590393066,0.14499162137508392,True,tiles\Ahmedabad\2020\Ahmedabad_r05_c06.tif,17.0,0.0,"POLYGON ((72.647065 22.97738, 72.646664 23.000486, 72.621706 23.000113, 72.62211 22.977008, 72.647065 22.97738))"
Ahmedabad_r05_c07,Ahmedabad,2020,5,7,2020-01-01,2020-03-31,32643,258780.0,2542950.0,261340.0,2545510.0,72.65934329577473,22.989117947078547,1.0,14.222625732421875,0.16337496042251587,0.24423113465309143,0.02943301945924759,-0.35449105501174927,0.13540230691432953,True,tiles\Ahmedabad\2020\Ahmedabad_r05_c07.tif,17.0,0.0,"POLYGON ((72.67202 22.977749, 72.671624 23.000855, 72.646664 23.000486, 72.647065 22.97738, 72.67202 22.977749))"
Ahmedabad_r06_c00,Ahmedabad,2020,6,0,2020-01-01,2020-03-31,32643,240860.0,2540390.0,243420.0,2542950.0,72.48508382969689,22.963336390788708,1.0,14.06329345703125,0.1727474331855774,0.4309762418270111,-0.07131773978471756,-0.4036519527435303,0.09214797616004944,True,tiles\Ahmedabad\2020\Ahmedabad_r06_c00.tif,17.0,0.0,"POLYGON ((72.497771 22.951982, 72.497346 22.975086, 72.472394 22.97469, 72.472824 22.951587, 72.497771 22.951982))"
Ahmedabad_r06_c01,Ahmedabad,2020,6,1,2020-01-01,2020-03-31,32643,243420.0,2540390.0,245980.0,2542950.0,72.51003330664145,22.963730327945854,1.0,14.310333251953125,0.1582157015800476,0.36150163412094116,-0.038084108382463455,-0.3654777705669403,0.0979604572057724,True,tiles\Ahmedabad\2020\Ahmedabad_r06_c01.tif,17.0,0.0,"POLYGON ((72.522719 22.952374, 72.522298 22.975478, 72.497346 22.975086, 72.497771 22.951982, 72.522719 22.952374))"
Ahmedabad_r06_c02,Ahmedabad,2020,6,2,2020-01-01,2020-03-31,32643,245980.0,2540390.0,248540.0,2542950.0,72.53498333024176,22.96412034618724,1.0,14.37017822265625,0.15469539165496826,0.35059529542922974,0.01248190738260746,-0.4217548370361328,0.100247822701931,True,tiles\Ahmedabad\2020\Ahmedabad_r06_c02.tif,17.0,0.0,"POLYGON ((72.547667 22.952762, 72.54725 22.975866, 72.522298 22.975478, 72.522719 22.952374, 72.547667 22.952762))"
Ahmedabad_r06_c03,Ahmedabad,2020,6,3,2020-01-01,2020-03-31,32643,248540.0,2540390.0,251100.0,2542950.0,72.55993389503918,22.964506445165902,1.0,13.361541748046875,0.21402692794799805,0.2172151654958725,0.06406604498624802,-0.3602595329284668,0.1119793951511383,True,tiles\Ahmedabad\2020\Ahmedabad_r06_c03.tif,17.0,0.0,"POLYGON ((72.572616 22.953146, 72.572203 22.976251, 72.54725 22.975866, 72.547667 22.952762, 72.572616 22.953146))"
Ahmedabad_r06_c04,Ahmedabad,2020,6,4,2020-01-01,2020-03-31,32643,251100.0,2540390.0,253660.0,2542950.0,72.58488499557438,22.964888624538354,1.0,13.250640869140625,0.220550537109375,0.1668897569179535,0.07744061201810837,-0.3264172673225403,0.1266379952430725,True,tiles\Ahmedabad\2020\Ahmedabad_r06_c04.tif,17.0,0.0,"POLYGON ((72.597565 22.953526, 72.597156 22.976631, 72.572203 22.976251, 72.572616 22.953146, 72.597565 22.953526))"
Ahmedabad_r06_c05,Ahmedabad,2020,6,5,2020-01-01,2020-03-31,32643,253660.0,2540390.0,256220.0,2542950.0,72.60983662638728,22.965266883964564,1.0,13.924484252929688,0.18091267347335815,0.1506166309118271,0.05905701965093613,-0.2901252508163452,0.15323305130004883,True,tiles\Ahmedabad\2020\Ahmedabad_r06_c05.tif,17.0,0.0,"POLYGON ((72.622515 22.953902, 72.62211 22.977008, 72.597156 22.976631, 72.597565 22.953526, 72.622515 22.953902))"
Ahmedabad_r06_c06,Ahmedabad,2020,6,6,2020-01-01,2020-03-31,32643,256220.0,2540390.0,258780.0,2542950.0,72.63478878201721,22.965641223107994,1.0,14.334671020507812,0.1567840576171875,0.19166572391986847,0.06472986936569214,-0.33820801973342896,0.11541770398616791,True,tiles\Ahmedabad\2020\Ahmedabad_r06_c06.tif,17.0,0.0,"POLYGON ((72.647465 22.954274, 72.647065 22.97738, 72.62211 22.977008, 72.622515 22.953902, 72.647465 22.954274))"
Ahmedabad_r06_c07,Ahmedabad,2020,6,7,2020-01-01,2020-03-31,32643,258780.0,2540390.0,261340.0,2542950.0,72.6597414570028,22.96601164163559,1.0,14.621490478515625,0.13991230726242065,0.3084298372268677,0.033791013062000275,-0.42049354314804077,0.10523448139429092,True,tiles\Ahmedabad\2020\Ahmedabad_r06_c07.tif,17.0,0.0,"POLYGON ((72.672416 22.954642, 72.67202 22.977749, 72.647065 22.97738, 72.647465 22.954274, 72.672416 22.954642))"
Ahmedabad_r07_c00,Ahmedabad,2020,7,0,2020-01-01,2020-03-31,32643,240860.0,2537830.0,243420.0,2540390.0,72.4855110805566,22.94023300366133,1.0,13.649002075195312,0.19711750745773315,0.4537977874279022,-0.13704445958137512,-0.33254075050354004,0.07815439999103546,True,tiles\Ahmedabad\2020\Ahmedabad_r07_c00.tif,17.0,0.0,"POLYGON ((72.498196 22.928879, 72.497771 22.951982, 72.472824 22.951587, 72.473253 22.928483, 72.498196 22.928879))"
Ahmedabad_r07_c01,Ahmedabad,2020,7,1,2020-01-01,2020-03-31,32643,243420.0,2537830.0,245980.0,2540390.0,72.51045632964575,22.940626500225505,1.0,13.439605712890625,0.20943498611450195,0.47463852167129517,-0.1088159903883934,-0.4074983298778534,0.08447298407554626,True,tiles\Ahmedabad\2020\Ahmedabad_r07_c01.tif,17.0,0.0,"POLYGON ((72.523139 22.92927, 72.522719 22.952374, 72.497771 22.951982, 72.498196 22.928879, 72.523139 22.92927))"
Ahmedabad_r07_c02,Ahmedabad,2020,7,2,2020-01-01,2020-03-31,32643,245980.0,2537830.0,248540.0,2540390.0,72.53540212497725,22.941016082254517,1.0,13.489700317382812,0.20648819208145142,0.3601611852645874,-0.034185562282800674,-0.3692648410797119,0.08805319666862488,True,tiles\Ahmedabad\2020\Ahmedabad_r07_c02.tif,17.0,0.0,"POLYGON ((72.548083 22.929657, 72.547667 22.952762, 72.522719 22.952374, 72.523139 22.92927, 72.548083 22.929657))"
Ahmedabad_r07_c03,Ahmedabad,2020,7,3,2020-01-01,2020-03-31,32643,248540.0,2537830.0,251100.0,2540390.0,72.56034846109658,22.941401749401862,1.0,13.226318359375,0.22198128700256348,0.28419747948646545,0.05052334815263748,-0.4143857955932617,0.10650381445884705,True,tiles\Ahmedabad\2020\Ahmedabad_r07_c03.tif,17.0,0.0,"POLYGON ((72.573028 22.930041, 72.572616 22.953146, 72.547667 22.952762, 72.548083 22.929657, 72.573028 22.930041))"
Ahmedabad_r07_c04,Ahmedabad,2020,7,4,2020-01-01,2020-03-31,32643,251100.0,2537830.0,253660.0,2540390.0,72.58529533254848,22.94178350132451,1.0,13.162139892578125,0.2257564663887024,0.3129006028175354,-0.033228080719709396,-0.3293382525444031,0.10635749995708466,True,tiles\Ahmedabad\2020\Ahmedabad_r07_c04.tif,17.0,0.0,"POLYGON ((72.597973 22.93042, 72.597565 22.953526, 72.572616 22.953146, 72.573028 22.930041, 72.597973 22.93042))"
Ahmedabad_r07_c05,Ahmedabad,2020,7,5,2020-01-01,2020-03-31,32643,253660.0,2537830.0,256220.0,2540390.0,72.61024273387703,22.94216133768289,1.0,14.080764770507812,0.1717197299003601,0.35490745306015015,-0.0485985204577446,-0.35871589183807373,0.10458985716104507,True,tiles\Ahmedabad\2020\Ahmedabad_r07_c05.tif,17.0,0.0,"POLYGON ((72.622918 22.930796, 72.622515 22.953902, 72.597565 22.953526, 72.597973 22.93042, 72.622918 22.930796))"
Ahmedabad_r07_c06,Ahmedabad,2020,7,6,2020-01-01,2020-03-31,32643,256220.0,2537830.0,258780.0,2540390.0,72.63519065962564,22.942535258140907,1.0,14.402511596679688,0.15279340744018555,0.30434107780456543,0.03460632264614105,-0.4198371469974518,0.10654114186763763,True,tiles\Ahmedabad\2020\Ahmedabad_r07_c06.tif,17.0,0.0,"POLYGON ((72.647864 22.931168, 72.647465 22.954274, 72.622515 22.953902, 72.622918 22.930796, 72.647864 22.931168))"
Ahmedabad_r07_c07,Ahmedabad,2020,7,7,2020-01-01,2020-03-31,32643,258780.0,2537830.0,261340.0,2540390.0,72.66013910433708,22.94290526236592,1.0,14.764205932617188,0.13151729106903076,0.34789571166038513,0.02538478933274746,-0.4541945159435272,0.10812456905841827,True,tiles\Ahmedabad\2020\Ahmedabad_r07_c07.tif,17.0,0.0,"POLYGON ((72.672811 22.931536, 72.672416 22.954642, 72.647465 22.954274, 72.647864 22.931168, 72.672811 22.931536))"
Ahmedabad_r00_c00,Ahmedabad,2021,0,0,2021-01-01,2021-03-31,32643,240860.0,2555750.0,243420.0,2558310.0,72.48250871548521,23.101955140290002,1.0,16.605636596679688,0.07746464014053345,0.28499042987823486,0.046578437089920044,-0.4064250886440277,0.11487208306789398,True,tiles\Ahmedabad\2021\Ahmedabad_r00_c00.tif,18.0,0.0,"POLYGON ((72.49521 23.090603, 72.494782 23.113706, 72.469805 23.113307, 72.470238 23.090204, 72.49521 23.090603))"
Ahmedabad_r00_c01,Ahmedabad,2021,0,1,2021-01-01,2021-03-31,32643,243420.0,2555750.0,245980.0,2558310.0,72.5074836743236,23.102351724058632,1.0,16.9000244140625,0.06110978126525879,0.34470289945602417,0.034367382526397705,-0.45935535430908203,0.1043243259191513,True,tiles\Ahmedabad\2021\Ahmedabad_r00_c01.tif,18.0,0.0,"POLYGON ((72.520183 23.090997, 72.519759 23.1141, 72.494782 23.113706, 72.49521 23.090603, 72.520183 23.090997))"
Ahmedabad_r00_c02,Ahmedabad,2021,0,2,2021-01-01,2021-03-31,32643,245980.0,2555750.0,248540.0,2558310.0,72.53245918231286,23.102744362597736,1.0,16.959716796875,0.057793498039245605,0.2339114546775818,0.04191935062408447,-0.35586294531822205,0.135728657245636,True,tiles\Ahmedabad\2021\Ahmedabad_r00_c02.tif,18.0,0.0,"POLYGON ((72.545157 23.091387, 72.544737 23.114491, 72.519759 23.1141, 72.520183 23.090997, 72.545157 23.091387))"
Ahmedabad_r00_c03,Ahmedabad,2021,0,3,2021-01-01,2021-03-31,32643,248540.0,2555750.0,251100.0,2558310.0,72.55743523396953,23.10313305555759,1.0,17.061996459960938,0.05211132764816284,0.24112653732299805,0.026051701977849007,-0.3486466705799103,0.13367250561714172,True,tiles\Ahmedabad\2021\Ahmedabad_r00_c03.tif,18.0,0.0,"POLYGON ((72.570131 23.091774, 72.569715 23.114878, 72.544737 23.114491, 72.545157 23.091387, 72.570131 23.091774))"
Ahmedabad_r00_c04,Ahmedabad,2021,0,4,2021-01-01,2021-03-31,32643,251100.0,2555750.0,253660.0,2558310.0,72.58241182380942,23.103517802591934,1.0,17.105438232421875,0.0496978759765625,0.2032698541879654,0.021199433133006096,-0.29826241731643677,0.14455774426460266,True,tiles\Ahmedabad\2021\Ahmedabad_r00_c04.tif,18.0,0.0,"POLYGON ((72.595106 23.092156, 72.594694 23.115261, 72.569715 23.114878, 72.570131 23.091774, 72.595106 23.092156))"
Ahmedabad_r00_c05,Ahmedabad,2021,0,5,2021-01-01,2021-03-31,32643,253660.0,2555750.0,256220.0,2558310.0,72.60738894634775,23.10389860335805,1.0,16.948822021484375,0.0583987832069397,0.29075539112091064,-0.006663749925792217,-0.36149460077285767,0.12160808593034744,True,tiles\Ahmedabad\2021\Ahmedabad_r00_c05.tif,18.0,0.0,"POLYGON ((72.620081 23.092535, 72.619674 23.11564, 72.594694 23.115261, 72.595106 23.092156, 72.620081 23.092535))"
Ahmedabad_r00_c06,Ahmedabad,2021,0,6,2021-01-01,2021-03-31,32643,256220.0,2555750.0,258780.0,2558310.0,72.63236659609893,23.10427545751668,1.0,16.8201904296875,0.0655449628829956,0.3499733805656433,0.0029730983078479767,-0.4211846590042114,0.09625813364982605,True,tiles\Ahmedabad\2021\Ahmedabad_r00_c06.tif,18.0,0.0,"POLYGON ((72.645057 23.09291, 72.644654 23.116015, 72.619674 23.11564, 72.620081 23.092535, 72.645057 23.09291))"
Ahmedabad_r00_c07,Ahmedabad,2021,0,7,2021-01-01,2021-03-31,32643,258780.0,2555750.0,261340.0,2558310.0,72.65734476757675,23.10464836473209,1.0,15.939071655273438,0.11449599266052246,0.27448248863220215,0.01987026259303093,-0.3565848171710968,0.10967522859573364,True,tiles\Ahmedabad\2021\Ahmedabad_r00_c07.tif,18.0,0.0,"POLYGON ((72.670033 23.09328, 72.669635 23.116387, 72.644654 23.116015, 72.645057 23.09291, 72.670033 23.09328))"
Ahmedabad_r01_c00,Ahmedabad,2021,1,0,2021-01-01,2021-03-31,32643,240860.0,2553190.0,243420.0,2555750.0,72.48293928531551,23.07885220298212,1.0,16.506851196289062,0.08295273780822754,0.3625125288963318,0.007167631760239601,-0.44239890575408936,0.10306208580732346,True,tiles\Ahmedabad\2021\Ahmedabad_r01_c00.tif,18.0,0.0,"POLYGON ((72.495639 23.067499, 72.49521 23.090603, 72.470238 23.090204, 72.47067 23.067101, 72.495639 23.067499))"
Ahmedabad_r01_c01,Ahmedabad,2021,1,1,2021-01-01,2021-03-31,32643,243420.0,2553190.0,245980.0,2555750.0,72.50790998348886,23.07924834528423,1.0,16.536514282226562,0.08130478858947754,0.2665826380252838,0.02019837126135826,-0.3591594696044922,0.13090893626213074,True,tiles\Ahmedabad\2021\Ahmedabad_r01_c01.tif,18.0,0.0,"POLYGON ((72.520607 23.067893, 72.520183 23.090997, 72.49521 23.090603, 72.495639 23.067499, 72.520607 23.067893))"
Ahmedabad_r01_c02,Ahmedabad,2021,1,2,2021-01-01,2021-03-31,32643,245980.0,2553190.0,248540.0,2555750.0,72.53288123039547,23.07964054674605,1.0,16.742050170898438,0.06988608837127686,0.196598619222641,0.03040221706032753,-0.30156561732292175,0.14635774493217468,True,tiles\Ahmedabad\2021\Ahmedabad_r01_c02.tif,18.0,0.0,"POLYGON ((72.545577 23.068283, 72.545157 23.091387, 72.520183 23.090997, 72.520607 23.067893, 72.545577 23.068283))"
Ahmedabad_r01_c03,Ahmedabad,2021,1,3,2021-01-01,2021-03-31,32643,248540.0,2553190.0,251100.0,2555750.0,72.55785302055604,23.080028807018305,1.0,16.935394287109375,0.05914473533630371,0.14160269498825073,0.03657878190279007,-0.2559564709663391,0.1694272756576538,True,tiles\Ahmedabad\2021\Ahmedabad_r01_c03.tif,18.0,0.0,"POLYGON ((72.570547 23.068669, 72.570131 23.091774, 72.545157 23.091387, 72.545577 23.068283, 72.570547 23.068669))"
Ahmedabad_r01_c04,Ahmedabad,2021,1,4,2021-01-01,2021-03-31,32643,251100.0,2553190.0,253660.0,2555750.0,72.58282534849057,23.080413125755214,1.0,16.98529052734375,0.056372761726379395,0.1906690001487732,0.028042104095220566,-0.29225489497184753,0.13587555289268494,True,tiles\Ahmedabad\2021\Ahmedabad_r01_c04.tif,18.0,0.0,"POLYGON ((72.595517 23.069052, 72.595106 23.092156, 72.570131 23.091774, 72.570547 23.068669, 72.595517 23.069052))"
Ahmedabad_r01_c05,Ahmedabad,2021,1,5,2021-01-01,2021-03-31,32643,253660.0,2553190.0,256220.0,2555750.0,72.60779820871835,23.080793502614494,1.0,16.7889404296875,0.06728106737136841,0.3376847505569458,-0.05347728356719017,-0.2975313663482666,0.08409634232521057,True,tiles\Ahmedabad\2021\Ahmedabad_r01_c05.tif,18.0,0.0,"POLYGON ((72.620488 23.06943, 72.620081 23.092535, 72.595106 23.092156, 72.595517 23.069052, 72.620488 23.06943))"
Ahmedabad_r01_c06,Ahmedabad,2021,1,6,2021-01-01,2021-03-31,32643,256220.0,2553190.0,258780.0,2555750.0,72.63277159575802,23.081169937257354,1.0,16.360946655273438,0.09105849266052246,0.21823209524154663,0.04294009506702423,-0.3232386112213135,0.12168639898300171,True,tiles\Ahmedabad\2021\Ahmedabad_r01_c06.tif,18.0,0.0,"POLYGON ((72.64546 23.069804, 72.645057 23.09291, 72.620081 23.092535, 72.620488 23.06943, 72.64546 23.069804))"
Ahmedabad_r01_c07,Ahmedabad,2021,1,7,2021-01-01,2021-03-31,32643,258780.0,2553190.0,261340.0,2555750.0,72.65774550412745,23.081542429348488,1.0,16.047119140625,0.1084933876991272,0.1781291961669922,0.05530156195163727,-0.3161933422088623,0.13380447030067444,True,tiles\Ahmedabad\2021\Ahmedabad_r01_c07.tif,18.0,0.0,"POLYGON ((72.670432 23.070174, 72.670033 23.09328, 72.645057 23.09291, 72.64546 23.069804, 72.670432 23.070174))"
Ahmedabad_r02_c00,Ahmedabad,2021,2,0,2021-01-01,2021-03-31,32643,240860.0,2550630.0,243420.0,2553190.0,72.48336930093376,23.05574919054648,1.0,16.8642578125,0.06309676170349121,0.30366218090057373,0.015144361183047295,-0.3943345546722412,0.11490456014871597,True,tiles\Ahmedabad\2021\Ahmedabad_r02_c00.tif,18.0,0.0,"POLYGON ((72.496066 23.044396, 72.495639 23.067499, 72.47067 23.067101, 72.471102 23.043999, 72.496066 23.044396))"
Ahmedabad_r02_c01,Ahmedabad,2021,2,1,2021-01-01,2021-03-31,32643,243420.0,2550630.0,245980.0,2553190.0,72.50833574392071,23.0561448915282,1.0,16.587005615234375,0.0784996747970581,0.2522258758544922,0.006890276912599802,-0.3297653794288635,0.1290718913078308,True,tiles\Ahmedabad\2021\Ahmedabad_r02_c01.tif,18.0,0.0,"POLYGON ((72.521031 23.04479, 72.520607 23.067893, 72.495639 23.067499, 72.496066 23.044396, 72.521031 23.04479))"
Ahmedabad_r02_c02,Ahmedabad,2021,2,2,2021-01-01,2021-03-31,32643,245980.0,2550630.0,248540.0,2553190.0,72.53330273522398,23.05653665605741,1.0,16.891143798828125,0.0616031289100647,0.1664203703403473,0.020129656419157982,-0.25284475088119507,0.1537337303161621,True,tiles\Ahmedabad\2021\Ahmedabad_r02_c02.tif,18.0,0.0,"POLYGON ((72.545996 23.045179, 72.545577 23.068283, 72.520607 23.067893, 72.521031 23.04479, 72.545996 23.045179))"
Ahmedabad_r02_c03,Ahmedabad,2021,2,3,2021-01-01,2021-03-31,32643,248540.0,2550630.0,251100.0,2553190.0,72.55827026936849,23.05692448378532,1.0,16.991073608398438,0.05605149269104004,0.15659695863723755,0.02969561144709587,-0.25247690081596375,0.1490522027015686,True,tiles\Ahmedabad\2021\Ahmedabad_r02_c03.tif,18.0,0.0,"POLYGON ((72.570962 23.045565, 72.570547 23.068669, 72.545577 23.068283, 72.545996 23.045179, 72.570962 23.045565))"
Ahmedabad_r02_c04,Ahmedabad,2021,2,4,2021-01-01,2021-03-31,32643,251100.0,2550630.0,253660.0,2553190.0,72.58323834087832,23.05730837436658,1.0,16.76104736328125,0.06883072853088379,0.17049826681613922,0.021475665271282196,-0.22879008948802948,0.10881013423204422,True,tiles\Ahmedabad\2021\Ahmedabad_r02_c04.tif,18.0,0.0,"POLYGON ((72.595928 23.045947, 72.595517 23.069052, 72.570547 23.068669, 72.570962 23.045565, 72.595928 23.045947))"
Ahmedabad_r02_c05,Ahmedabad,2021,2,5,2021-01-01,2021-03-31,32643,253660.0,2550630.0,256220.0,2553190.0,72.60820694427692,23.057688327459378,1.0,16.559783935546875,0.08001202344894409,0.2460078001022339,0.01221117377281189,-0.3215376138687134,0.1165604367852211,True,tiles\Ahmedabad\2021\Ahmedabad_r02_c05.tif,18.0,0.0,"POLYGON ((72.620895 23.046324, 72.620488 23.06943, 72.595517 23.069052, 72.595928 23.045947, 72.620895 23.046324))"
Ahmedabad_r02_c06,Ahmedabad,2021,2,6,2021-01-01,2021-03-31,32643,256220.0,2550630.0,258780.0,2553190.0,72.63317607408713,23.058064342725363,1.0,16.172576904296875,0.1015235185623169,0.13812731206417084,0.06770966202020645,-0.29030147194862366,0.13975411653518677,True,tiles\Ahmedabad\2021\Ahmedabad_r02_c06.tif,18.0,0.0,"POLYGON ((72.645862 23.046698, 72.64546 23.069804, 72.620488 23.06943, 72.620895 23.046324, 72.645862 23.046698))"
Ahmedabad_r02_c07,Ahmedabad,2021,2,7,2021-01-01,2021-03-31,32643,258780.0,2550630.0,261340.0,2553190.0,72.65814572483094,23.058436419829686,1.0,15.814926147460938,0.12139296531677246,0.149736225605011,0.03258981183171272,-0.26096975803375244,0.1688498556613922,True,tiles\Ahmedabad\2021\Ahmedabad_r02_c07.tif,18.0,0.0,"POLYGON ((72.67083 23.047068, 72.670432 23.070174, 72.64546 23.069804, 72.645862 23.046698, 72.67083 23.047068))"
Ahmedabad_r03_c00,Ahmedabad,2021,3,0,2021-01-01,2021-03-31,32643,240860.0,2548070.0,243420.0,2550630.0,72.48379876276105,23.032646103046183,1.0,17.114181518554688,0.04921215772628784,0.2726649343967438,0.007498336024582386,-0.35245954990386963,0.12477003037929535,True,tiles\Ahmedabad\2021\Ahmedabad_r03_c00.tif,18.0,0.0,"POLYGON ((72.496493 23.021293, 72.496066 23.044396, 72.471102 23.043999, 72.471533 23.020896, 72.496493 23.021293))"
Ahmedabad_r03_c01,Ahmedabad,2021,3,1,2021-01-01,2021-03-31,32643,243420.0,2548070.0,245980.0,2550630.0,72.50876095603603,23.033041362853417,1.0,16.951736450195312,0.05823683738708496,0.2734642028808594,-0.014384190551936626,-0.31584447622299194,0.11871626228094101,True,tiles\Ahmedabad\2021\Ahmedabad_r03_c01.tif,18.0,0.0,"POLYGON ((72.521454 23.021686, 72.521031 23.04479, 72.496066 23.044396, 72.496493 23.021293, 72.521454 23.021686))"
Ahmedabad_r03_c02,Ahmedabad,2021,3,2,2021-01-01,2021-03-31,32643,245980.0,2548070.0,248540.0,2550630.0,72.53372369721114,23.0334326905945,1.0,16.726959228515625,0.0707244873046875,0.2310921847820282,0.006845036521553993,-0.2989872694015503,0.13005319237709045,True,tiles\Ahmedabad\2021\Ahmedabad_r03_c02.tif,18.0,0.0,"POLYGON ((72.546414 23.022075, 72.545996 23.045179, 72.521031 23.04479, 72.521454 23.021686, 72.546414 23.022075))"
Ahmedabad_r03_c03,Ahmedabad,2021,3,3,2021-01-01,2021-03-31,32643,248540.0,2548070.0,251100.0,2550630.0,72.55868698081547,23.033820085921082,1.0,16.66046142578125,0.07441878318786621,0.21659401059150696,0.007419477216899395,-0.27934110164642334,0.12481583654880524,True,tiles\Ahmedabad\2021\Ahmedabad_r03_c03.tif,18.0,0.0,"POLYGON ((72.571376 23.02246, 72.570962 23.045565, 72.545996 23.045179, 72.546414 23.022075, 72.571376 23.02246))"
Ahmedabad_r03_c04,Ahmedabad,2021,3,4,2021-01-01,2021-03-31,32643,251100.0,2548070.0,253660.0,2550630.0,72.58365080137713,23.034203548488286,1.0,16.244461059570312,0.09752994775772095,0.12212410569190979,0.04960687458515167,-0.22224359214305878,0.11716993153095245,True,tiles\Ahmedabad\2021\Ahmedabad_r03_c04.tif,18.0,0.0,"POLYGON ((72.596338 23.022841, 72.595928 23.045947, 72.570962 23.045565, 72.571376 23.02246, 72.596338 23.022841))"
Ahmedabad_r03_c05,Ahmedabad,2021,3,5,2021-01-01,2021-03-31,32643,253660.0,2548070.0,256220.0,2550630.0,72.60861515342383,23.034583077954743,1.0,15.810760498046875,0.1216244101524353,0.18229642510414124,0.04563874751329422,-0.29998600482940674,0.12302638590335846,True,tiles\Ahmedabad\2021\Ahmedabad_r03_c05.tif,18.0,0.0,"POLYGON ((72.6213 23.023219, 72.620895 23.046324, 72.595928 23.045947, 72.596338 23.022841, 72.6213 23.023219))"
Ahmedabad_r03_c06,Ahmedabad,2021,3,6,2021-01-01,2021-03-31,32643,256220.0,2548070.0,258780.0,2550630.0,72.63358003148242,23.034958673982548,1.0,15.808990478515625,0.1217227578163147,0.13644784688949585,0.04876633360981941,-0.26054877042770386,0.14467623829841614,True,tiles\Ahmedabad\2021\Ahmedabad_r03_c06.tif,18.0,0.0,"POLYGON ((72.646263 23.023592, 72.645862 23.046698, 72.620895 23.046324, 72.6213 23.023219, 72.646263 23.023592))"
Ahmedabad_r03_c07,Ahmedabad,2021,3,7,2021-01-01,2021-03-31,32643,258780.0,2548070.0,261340.0,2550630.0,72.65854543007917,23.035330336237315,1.0,15.925643920898438,0.11524200439453125,0.13118594884872437,0.049156300723552704,-0.26035916805267334,0.15633776783943176,True,tiles\Ahmedabad\2021\Ahmedabad_r03_c07.tif,18.0,0.0,"POLYGON ((72.671227 23.023962, 72.67083 23.047068, 72.645862 23.046698, 72.646263 23.023592, 72.671227 23.023962))"
Ahmedabad_r04_c00,Ahmedabad,2021,4,0,2021-01-01,2021-03-31,32643,240860.0,2545510.0,243420.0,2548070.0,72.4842276712177,23.009542940544343,1.0,17.716644287109375,0.015742003917694092,0.31594720482826233,0.02387957274913788,-0.41630518436431885,0.11164680123329163,True,tiles\Ahmedabad\2021\Ahmedabad_r04_c00.tif,18.0,0.0,"POLYGON ((72.49692 22.998189, 72.496493 23.021293, 72.471533 23.020896, 72.471964 22.997793, 72.49692 22.998189))"
Ahmedabad_r04_c01,Ahmedabad,2021,4,1,2021-01-01,2021-03-31,32643,243420.0,2545510.0,245980.0,2548070.0,72.50918562025105,23.009937759322803,1.0,16.919509887695312,0.060027241706848145,0.23205885291099548,0.007020361255854368,-0.2990872263908386,0.13082343339920044,True,tiles\Ahmedabad\2021\Ahmedabad_r04_c01.tif,18.0,0.0,"POLYGON ((72.521876 22.998582, 72.521454 23.021686, 72.496493 23.021293, 72.49692 22.998189, 72.521876 22.998582))"
Ahmedabad_r04_c02,Ahmedabad,2021,4,2,2021-01-01,2021-03-31,32643,245980.0,2545510.0,248540.0,2548070.0,72.53414411676907,23.010328650420007,1.0,16.621932983398438,0.07655930519104004,0.17018084228038788,0.027764014899730682,-0.2645759880542755,0.14702162146568298,True,tiles\Ahmedabad\2021\Ahmedabad_r04_c02.tif,18.0,0.0,"POLYGON ((72.546832 22.998971, 72.546414 23.022075, 72.521454 23.021686, 72.521876 22.998582, 72.546832 22.998971))"
Ahmedabad_r04_c03,Ahmedabad,2021,4,3,2021-01-01,2021-03-31,32643,248540.0,2545510.0,251100.0,2548070.0,72.55910315530484,23.01071561348808,1.0,16.202362060546875,0.0998687744140625,0.1686388999223709,0.02542351931333542,-0.24994361400604248,0.1334896683692932,True,tiles\Ahmedabad\2021\Ahmedabad_r04_c03.tif,18.0,0.0,"POLYGON ((72.57179 22.999355, 72.571376 23.02246, 72.546414 23.022075, 72.546832 22.998971, 72.57179 22.999355))"
Ahmedabad_r04_c04,Ahmedabad,2021,4,4,2021-01-01,2021-03-31,32643,251100.0,2545510.0,253660.0,2548070.0,72.58406273039077,23.011098648182596,1.0,16.08099365234375,0.10661149024963379,0.13524854183197021,0.04475860670208931,-0.23584330081939697,0.1196337342262268,True,tiles\Ahmedabad\2021\Ahmedabad_r04_c04.tif,18.0,0.0,"POLYGON ((72.596747 22.999736, 72.596338 23.022841, 72.571376 23.02246, 72.57179 22.999355, 72.596747 22.999736))"
Ahmedabad_r04_c05,Ahmedabad,2021,4,5,2021-01-01,2021-03-31,32643,253660.0,2545510.0,256220.0,2548070.0,72.60902283655864,23.011477754162645,1.0,15.304611206054688,0.14974379539489746,0.17500868439674377,0.0280072633177042,-0.25975656509399414,0.11978469789028168,True,tiles\Ahmedabad\2021\Ahmedabad_r04_c05.tif,18.0,0.0,"POLYGON ((72.621706 23.000113, 72.6213 23.023219, 72.596338 23.022841, 72.596747 22.999736, 72.621706 23.000113))"
Ahmedabad_r04_c06,Ahmedabad,2021,4,6,2021-01-01,2021-03-31,32643,256220.0,2545510.0,258780.0,2548070.0,72.63398346833942,23.011852931090786,1.0,15.008682250976562,0.16618430614471436,0.1263941377401352,0.05651583522558212,-0.2624545693397522,0.1351599097251892,True,tiles\Ahmedabad\2021\Ahmedabad_r04_c06.tif,18.0,0.0,"POLYGON ((72.646664 23.000486, 72.646263 23.023592, 72.6213 23.023219, 72.621706 23.000113, 72.646664 23.000486))"
Ahmedabad_r04_c07,Ahmedabad,2021,4,7,2021-01-01,2021-03-31,32643,258780.0,2545510.0,261340.0,2548070.0,72.65894462026354,23.01222417863303,1.0,15.3519287109375,0.1471150517463684,0.14845100045204163,0.054825492203235626,-0.2887895703315735,0.14387142658233643,True,tiles\Ahmedabad\2021\Ahmedabad_r04_c07.tif,18.0,0.0,"POLYGON ((72.671624 23.000855, 72.671227 23.023962, 72.646263 23.023592, 72.646664 23.000486, 72.671624 23.000855))"
Ahmedabad_r05_c00,Ahmedabad,2021,5,0,2021-01-01,2021-03-31,32643,240860.0,2542950.0,243420.0,2545510.0,72.48465602672333,22.986439703104118,1.0,17.593292236328125,0.022594869136810303,0.29070690274238586,0.03542199730873108,-0.40549999475479126,0.11770643293857574,True,tiles\Ahmedabad\2021\Ahmedabad_r05_c00.tif,18.0,0.0,"POLYGON ((72.497346 22.975086, 72.49692 22.998189, 72.471964 22.997793, 72.472394 22.97469, 72.497346 22.975086))"
Ahmedabad_r05_c01,Ahmedabad,2021,5,1,2021-01-01,2021-03-31,32643,243420.0,2542950.0,245980.0,2545510.0,72.50960973698126,22.986834080999284,1.0,16.969009399414062,0.05727726221084595,0.1797744482755661,0.04474565386772156,-0.29789334535598755,0.14018140733242035,True,tiles\Ahmedabad\2021\Ahmedabad_r05_c01.tif,18.0,0.0,"POLYGON ((72.522298 22.975478, 72.521876 22.998582, 72.49692 22.998189, 72.497346 22.975086, 72.522298 22.975478))"
Ahmedabad_r05_c02,Ahmedabad,2021,5,2,2021-01-01,2021-03-31,32643,245980.0,2542950.0,248540.0,2545510.0,72.53456399430905,22.987224535596674,1.0,16.681137084960938,0.07327014207839966,0.2732278108596802,-0.004739910364151001,-0.3308066427707672,0.11872802674770355,True,tiles\Ahmedabad\2021\Ahmedabad_r05_c02.tif,18.0,0.0,"POLYGON ((72.54725 22.975866, 72.546832 22.998971, 72.521876 22.998582, 72.522298 22.975478, 72.54725 22.975866))"
Ahmedabad_r05_c03,Ahmedabad,2021,5,3,2021-01-01,2021-03-31,32643,248540.0,2542950.0,251100.0,2545510.0,72.55951879324388,22.98761106654883,1.0,16.2265625,0.09852433204650879,0.23387885093688965,0.0043180156499147415,-0.2830010950565338,0.1081959456205368,True,tiles\Ahmedabad\2021\Ahmedabad_r05_c03.tif,18.0,0.0,"POLYGON ((72.572203 22.976251, 72.57179 22.999355, 72.546832 22.998971, 72.54725 22.975866, 72.572203 22.976251))"
Ahmedabad_r05_c04,Ahmedabad,2021,5,4,2021-01-01,2021-03-31,32643,251100.0,2542950.0,253660.0,2545510.0,72.58447412832238,22.98799367351184,1.0,15.991653442382812,0.11157482862472534,0.1350225806236267,0.037082597613334656,-0.23300360143184662,0.12465478479862213,True,tiles\Ahmedabad\2021\Ahmedabad_r05_c04.tif,18.0,0.0,"POLYGON ((72.597156 22.976631, 72.596747 22.999736, 72.57179 22.999355, 72.572203 22.976251, 72.597156 22.976631))"
Ahmedabad_r05_c05,Ahmedabad,2021,5,5,2021-01-01,2021-03-31,32643,253660.0,2542950.0,256220.0,2545510.0,72.60942999408036,22.988372356145213,1.0,15.914794921875,0.1158447265625,0.1257699579000473,0.04574281722307205,-0.24425670504570007,0.15108469128608704,True,tiles\Ahmedabad\2021\Ahmedabad_r05_c05.tif,18.0,0.0,"POLYGON ((72.62211 22.977008, 72.621706 23.000113, 72.596747 22.999736, 72.597156 22.976631, 72.62211 22.977008))"
Ahmedabad_r05_c06,Ahmedabad,2021,5,6,2021-01-01,2021-03-31,32643,256220.0,2542950.0,258780.0,2545510.0,72.63438638505295,22.98874711411195,1.0,15.415512084960938,0.14358264207839966,0.14563146233558655,0.05196315795183182,-0.27929937839508057,0.14136740565299988,True,tiles\Ahmedabad\2021\Ahmedabad_r05_c06.tif,18.0,0.0,"POLYGON ((72.647065 22.97738, 72.646664 23.000486, 72.621706 23.000113, 72.62211 22.977008, 72.647065 22.97738))"
Ahmedabad_r05_c07,Ahmedabad,2021,5,7,2021-01-01,2021-03-31,32643,258780.0,2542950.0,261340.0,2545510.0,72.65934329577473,22.989117947078547,1.0,14.97760009765625,0.1679111123085022,0.23193472623825073,0.029701566323637962,-0.34012025594711304,0.13263659179210663,True,tiles\Ahmedabad\2021\Ahmedabad_r05_c07.tif,18.0,0.0,"POLYGON ((72.67202 22.977749, 72.671624 23.000855, 72.646664 23.000486, 72.647065 22.97738, 72.67202 22.977749))"
Ahmedabad_r06_c00,Ahmedabad,2021,6,0,2021-01-01,2021-03-31,32643,240860.0,2540390.0,243420.0,2542950.0,72.48508382969689,22.963336390788708,1.0,17.891815185546875,0.006010293960571289,0.4137091636657715,-0.07382215559482574,-0.39085298776626587,0.09343644976615906,True,tiles\Ahmedabad\2021\Ahmedabad_r06_c00.tif,18.0,0.0,"POLYGON ((72.497771 22.951982, 72.497346 22.975086, 72.472394 22.97469, 72.472824 22.951587, 72.497771 22.951982))"
Ahmedabad_r06_c01,Ahmedabad,2021,6,1,2021-01-01,2021-03-31,32643,243420.0,2540390.0,245980.0,2542950.0,72.51003330664145,22.963730327945854,1.0,16.9129638671875,0.0603908896446228,0.356438010931015,-0.0341920480132103,-0.3698563575744629,0.09852748364210129,True,tiles\Ahmedabad\2021\Ahmedabad_r06_c01.tif,18.0,0.0,"POLYGON ((72.522719 22.952374, 72.522298 22.975478, 72.497346 22.975086, 72.497771 22.951982, 72.522719 22.952374))"
Ahmedabad_r06_c02,Ahmedabad,2021,6,2,2021-01-01,2021-03-31,32643,245980.0,2540390.0,248540.0,2542950.0,72.53498333024176,22.96412034618724,1.0,15.898040771484375,0.1167755126953125,0.3878210186958313,-0.022295048460364342,-0.42131507396698,0.09524843096733093,True,tiles\Ahmedabad\2021\Ahmedabad_r06_c02.tif,18.0,0.0,"POLYGON ((72.547667 22.952762, 72.54725 22.975866, 72.522298 22.975478, 72.522719 22.952374, 72.547667 22.952762))"
Ahmedabad_r06_c03,Ahmedabad,2021,6,3,2021-01-01,2021-03-31,32643,248540.0,2540390.0,251100.0,2542950.0,72.55993389503918,22.964506445165902,1.0,16.062911987304688,0.10761600732803345,0.21927985548973083,0.05799165368080139,-0.3551549017429352,0.11233136057853699,True,tiles\Ahmedabad\2021\Ahmedabad_r06_c03.tif,18.0,0.0,"POLYGON ((72.572616 22.953146, 72.572203 22.976251, 72.54725 22.975866, 72.547667 22.952762, 72.572616 22.953146))"
Ahmedabad_r06_c04,Ahmedabad,2021,6,4,2021-01-01,2021-03-31,32643,251100.0,2540390.0,253660.0,2542950.0,72.58488499557438,22.964888624538354,1.0,15.858795166015625,0.11895585060119629,0.1629650890827179,0.07231167703866959,-0.31615737080574036,0.12606438994407654,True,tiles\Ahmedabad\2021\Ahmedabad_r06_c04.tif,18.0,0.0,"POLYGON ((72.597565 22.953526, 72.597156 22.976631, 72.572203 22.976251, 72.572616 22.953146, 72.597565 22.953526))"
Ahmedabad_r06_c05,Ahmedabad,2021,6,5,2021-01-01,2021-03-31,32643,253660.0,2540390.0,256220.0,2542950.0,72.60983662638728,22.965266883964564,1.0,15.80078125,0.12217879295349121,0.14701396226882935,0.05499113351106644,-0.28201770782470703,0.149042010307312,True,tiles\Ahmedabad\2021\Ahmedabad_r06_c05.tif,18.0,0.0,"POLYGON ((72.622515 22.953902, 72.62211 22.977008, 72.597156 22.976631, 72.597565 22.953526, 72.622515 22.953902))"
Ahmedabad_r06_c06,Ahmedabad,2021,6,6,2021-01-01,2021-03-31,32643,256220.0,2540390.0,258780.0,2542950.0,72.63478878201721,22.965641223107994,1.0,16.19525146484375,0.10026383399963379,0.18605458736419678,0.058683399111032486,-0.3234484791755676,0.1141451895236969,True,tiles\Ahmedabad\2021\Ahmedabad_r06_c06.tif,18.0,0.0,"POLYGON ((72.647465 22.954274, 72.647065 22.97738, 72.62211 22.977008, 72.622515 22.953902, 72.647465 22.954274))"
Ahmedabad_r06_c07,Ahmedabad,2021,6,7,2021-01-01,2021-03-31,32643,258780.0,2540390.0,261340.0,2542950.0,72.6597414570028,22.96601164163559,1.0,15.93505859375,0.1147189736366272,0.29913330078125,0.024576876312494278,-0.3967253565788269,0.1040598601102829,True,tiles\Ahmedabad\2021\Ahmedabad_r06_c07.tif,18.0,0.0,"POLYGON ((72.672416 22.954642, 72.67202 22.977749, 72.647065 22.97738, 72.647465 22.954274, 72.672416 22.954642))"
Ahmedabad_r07_c00,Ahmedabad,2021,7,0,2021-01-01,2021-03-31,32643,240860.0,2537830.0,243420.0,2540390.0,72.4855110805566,22.94023300366133,1.0,17.627792358398438,0.020678222179412842,0.450608491897583,-0.12206090241670609,-0.34544432163238525,0.07655508071184158,True,tiles\Ahmedabad\2021\Ahmedabad_r07_c00.tif,18.0,0.0,"POLYGON ((72.498196 22.928879, 72.497771 22.951982, 72.472824 22.951587, 72.473253 22.928483, 72.498196 22.928879))"
Ahmedabad_r07_c01,Ahmedabad,2021,7,1,2021-01-01,2021-03-31,32643,243420.0,2537830.0,245980.0,2540390.0,72.51045632964575,22.940626500225505,1.0,16.928939819335938,0.05950331687927246,0.47978144884109497,-0.10143323987722397,-0.41795143485069275,0.0787828341126442,True,tiles\Ahmedabad\2021\Ahmedabad_r07_c01.tif,18.0,0.0,"POLYGON ((72.523139 22.92927, 72.522719 22.952374, 72.497771 22.951982, 72.498196 22.928879, 72.523139 22.92927))"
Ahmedabad_r07_c02,Ahmedabad,2021,7,2,2021-01-01,2021-03-31,32643,245980.0,2537830.0,248540.0,2540390.0,72.53540212497725,22.941016082254517,1.0,15.995040893554688,0.11138659715652466,0.4048275351524353,-0.0632297471165657,-0.380102276802063,0.0810408741235733,True,tiles\Ahmedabad\2021\Ahmedabad_r07_c02.tif,18.0,0.0,"POLYGON ((72.548083 22.929657, 72.547667 22.952762, 72.522719 22.952374, 72.523139 22.92927, 72.548083 22.929657))"
Ahmedabad_r07_c03,Ahmedabad,2021,7,3,2021-01-01,2021-03-31,32643,248540.0,2537830.0,251100.0,2540390.0,72.56034846109658,22.941401749401862,1.0,15.706085205078125,0.1274397373199463,0.2887805104255676,0.05148516967892647,-0.41807278990745544,0.10709050297737122,True,tiles\Ahmedabad\2021\Ahmedabad_r07_c03.tif,18.0,0.0,"POLYGON ((72.573028 22.930041, 72.572616 22.953146, 72.547667 22.952762, 72.548083 22.929657, 72.573028 22.930041))"
Ahmedabad_r07_c04,Ahmedabad,2021,7,4,2021-01-01,2021-03-31,32643,251100.0,2537830.0,253660.0,2540390.0,72.58529533254848,22.94178350132451,1.0,15.961929321289062,0.11322617530822754,0.32802724838256836,-0.04536166787147522,-0.32644888758659363,0.10155365616083145,True,tiles\Ahmedabad\2021\Ahmedabad_r07_c04.tif,18.0,0.0,"POLYGON ((72.597973 22.93042, 72.597565 22.953526, 72.572616 22.953146, 72.573028 22.930041, 72.597973 22.93042))"
Ahmedabad_r07_c05,Ahmedabad,2021,7,5,2021-01-01,2021-03-31,32643,253660.0,2537830.0,256220.0,2540390.0,72.61024273387703,22.94216133768289,1.0,16.000518798828125,0.11108231544494629,0.3762446343898773,-0.06798349320888519,-0.35296058654785156,0.10037703812122345,True,tiles\Ahmedabad\2021\Ahmedabad_r07_c05.tif,18.0,0.0,"POLYGON ((72.622918 22.930796, 72.622515 22.953902, 72.597565 22.953526, 72.597973 22.93042, 72.622918 22.930796))"
Ahmedabad_r07_c06,Ahmedabad,2021,7,6,2021-01-01,2021-03-31,32643,256220.0,2537830.0,258780.0,2540390.0,72.63519065962564,22.942535258140907,1.0,16.10107421875,0.1054958701133728,0.289225697517395,0.03502946346998215,-0.4039921760559082,0.10677773505449295,True,tiles\Ahmedabad\2021\Ahmedabad_r07_c06.tif,18.0,0.0,"POLYGON ((72.647864 22.931168, 72.647465 22.954274, 72.622515 22.953902, 72.622918 22.930796, 72.647864 22.931168))"
Ahmedabad_r07_c07,Ahmedabad,2021,7,7,2021-01-01,2021-03-31,32643,258780.0,2537830.0,261340.0,2540390.0,72.66013910433708,22.94290526236592,1.0,16.181060791015625,0.1010521650314331,0.34473785758018494,0.02356058359146118,-0.44476091861724854,0.10435877740383148,True,tiles\Ahmedabad\2021\Ahmedabad_r07_c07.tif,18.0,0.0,"POLYGON ((72.672811 22.931536, 72.672416 22.954642, 72.647465 22.954274, 72.647864 22.931168, 72.672811 22.931536))"
Ahmedabad_r00_c00,Ahmedabad,2022,0,0,2022-01-01,2022-03-31,32643,240860.0,2555750.0,243420.0,2558310.0,72.48250871548521,23.101955140290002,1.0,15.171875,0.1571180820465088,0.28646954894065857,0.05376017093658447,-0.41175687313079834,0.11324119567871094,True,tiles\Ahmedabad\2022\Ahmedabad_r00_c00.tif,18.0,0.0001065,"POLYGON ((72.49521 23.090603, 72.494782 23.113706, 72.469805 23.113307, 72.470238 23.090204, 72.49521 23.090603))"
Ahmedabad_r00_c01,Ahmedabad,2022,0,1,2022-01-01,2022-03-31,32643,243420.0,2555750.0,245980.0,2558310.0,72.5074836743236,23.102351724058632,1.0,14.92425537109375,0.1708747148513794,0.3403099775314331,0.049585260450839996,-0.4704824388027191,0.103000208735466,True,tiles\Ahmedabad\2022\Ahmedabad_r00_c01.tif,18.0,0.0001065,"POLYGON ((72.520183 23.090997, 72.519759 23.1141, 72.494782 23.113706, 72.49521 23.090603, 72.520183 23.090997))"
Ahmedabad_r00_c02,Ahmedabad,2022,0,2,2022-01-01,2022-03-31,32643,245980.0,2555750.0,248540.0,2558310.0,72.53245918231286,23.102744362597736,1.0,15.987396240234375,0.11181133985519409,0.24100938439369202,0.04004210606217384,-0.3527013659477234,0.13196200132369995,True,tiles\Ahmedabad\2022\Ahmedabad_r00_c02.tif,18.0,0.0001065,"POLYGON ((72.545157 23.091387, 72.544737 23.114491, 72.519759 23.1141, 72.520183 23.090997, 72.545157 23.091387))"
Ahmedabad_r00_c03,Ahmedabad,2022,0,3,2022-01-01,2022-03-31,32643,248540.0,2555750.0,251100.0,2558310.0,72.55743523396953,23.10313305555759,1.0,15.530166625976562,0.13721299171447754,0.23000609874725342,0.03787275403738022,-0.34480586647987366,0.13585293292999268,True,tiles\Ahmedabad\2022\Ahmedabad_r00_c03.tif,18.0,0.0001065,"POLYGON ((72.570131 23.091774, 72.569715 23.114878, 72.544737 23.114491, 72.545157 23.091387, 72.570131 23.091774))"
Ahmedabad_r00_c04,Ahmedabad,2022,0,4,2022-01-01,2022-03-31,32643,251100.0,2555750.0,253660.0,2558310.0,72.58241182380942,23.103517802591934,1.0,15.606719970703125,0.1329600214958191,0.20047567784786224,0.025958646088838577,-0.29615309834480286,0.14688390493392944,True,tiles\Ahmedabad\2022\Ahmedabad_r00_c04.tif,18.0,0.0001065,"POLYGON ((72.595106 23.092156, 72.594694 23.115261, 72.569715 23.114878, 72.570131 23.091774, 72.595106 23.092156))"
Ahmedabad_r00_c05,Ahmedabad,2022,0,5,2022-01-01,2022-03-31,32643,253660.0,2555750.0,256220.0,2558310.0,72.60738894634775,23.10389860335805,1.0,15.365142822265625,0.1463809609413147,0.29318928718566895,-0.003778744488954544,-0.3595016896724701,0.12072406709194183,True,tiles\Ahmedabad\2022\Ahmedabad_r00_c05.tif,18.0,0.0001065,"POLYGON ((72.620081 23.092535, 72.619674 23.11564, 72.594694 23.115261, 72.595106 23.092156, 72.620081 23.092535))"
Ahmedabad_r00_c06,Ahmedabad,2022,0,6,2022-01-01,2022-03-31,32643,256220.0,2555750.0,258780.0,2558310.0,72.63236659609893,23.10427545751668,1.0,14.92669677734375,0.1707390546798706,0.3404310643672943,0.02293817698955536,-0.4278486669063568,0.09711503982543945,True,tiles\Ahmedabad\2022\Ahmedabad_r00_c06.tif,18.0,0.0001065,"POLYGON ((72.645057 23.09291, 72.644654 23.116015, 72.619674 23.11564, 72.620081 23.092535, 72.645057 23.09291))"
Ahmedabad_r00_c07,Ahmedabad,2022,0,7,2022-01-01,2022-03-31,32643,258780.0,2555750.0,261340.0,2558310.0,72.65734476757675,23.10464836473209,1.0,14.40618896484375,0.1996561884880066,0.27486997842788696,0.02870033122599125,-0.3642107844352722,0.11254085600376129,True,tiles\Ahmedabad\2022\Ahmedabad_r00_c07.tif,18.0,0.0001065,"POLYGON ((72.670033 23.09328, 72.669635 23.116387, 72.644654 23.116015, 72.645057 23.09291, 72.670033 23.09328))"
Ahmedabad_r01_c00,Ahmedabad,2022,1,0,2022-01-01,2022-03-31,32643,240860.0,2553190.0,243420.0,2555750.0,72.48293928531551,23.07885220298212,1.0,15.413619995117188,0.14368778467178345,0.3671434819698334,0.014940417371690273,-0.44841840863227844,0.10045969486236572,True,tiles\Ahmedabad\2022\Ahmedabad_r01_c00.tif,18.0,0.0001065,"POLYGON ((72.495639 23.067499, 72.49521 23.090603, 72.470238 23.090204, 72.47067 23.067101, 72.495639 23.067499))"
Ahmedabad_r01_c01,Ahmedabad,2022,1,1,2022-01-01,2022-03-31,32643,243420.0,2553190.0,245980.0,2555750.0,72.50790998348886,23.07924834528423,1.0,15.429367065429688,0.14281296730041504,0.26758676767349243,0.026371339336037636,-0.36231729388237,0.12903082370758057,True,tiles\Ahmedabad\2022\Ahmedabad_r01_c01.tif,18.0,0.0001065,"POLYGON ((72.520607 23.067893, 72.520183 23.090997, 72.49521 23.090603, 72.495639 23.067499, 72.520607 23.067893))"
Ahmedabad_r01_c02,Ahmedabad,2022,1,2,2022-01-01,2022-03-31,32643,245980.0,2553190.0,248540.0,2555750.0,72.53288123039547,23.07964054674605,1.0,16.106124877929688,0.10521531105041504,0.19404175877571106,0.03255254030227661,-0.29487180709838867,0.14404816925525665,True,tiles\Ahmedabad\2022\Ahmedabad_r01_c02.tif,18.0,0.0001065,"POLYGON ((72.545577 23.068283, 72.545157 23.091387, 72.520183 23.090997, 72.520607 23.067893, 72.545577 23.068283))"
Ahmedabad_r01_c03,Ahmedabad,2022,1,3,2022-01-01,2022-03-31,32643,248540.0,2553190.0,251100.0,2555750.0,72.55785302055604,23.080028807018305,1.0,15.129791259765625,0.1594560146331787,0.13906830549240112,0.03737345710396767,-0.24957290291786194,0.17041462659835815,True,tiles\Ahmedabad\2022\Ahmedabad_r01_c03.tif,18.0,0.0001065,"POLYGON ((72.570547 23.068669, 72.570131 23.091774, 72.545157 23.091387, 72.545577 23.068283, 72.570547 23.068669))"
Ahmedabad_r01_c04,Ahmedabad,2022,1,4,2022-01-01,2022-03-31,32643,251100.0,2553190.0,253660.0,2555750.0,72.58282534849057,23.080413125755214,1.0,15.383544921875,0.1453586220741272,0.19319657981395721,0.02915535494685173,-0.2895222008228302,0.13582707941532135,True,tiles\Ahmedabad\2022\Ahmedabad_r01_c04.tif,18.0,0.0001065,"POLYGON ((72.595517 23.069052, 72.595106 23.092156, 72.570131 23.091774, 72.570547 23.068669, 72.595517 23.069052))"
Ahmedabad_r01_c05,Ahmedabad,2022,1,5,2022-01-01,2022-03-31,32643,253660.0,2553190.0,256220.0,2555750.0,72.60779820871835,23.080793502614494,1.0,14.87127685546875,0.1738179326057434,0.36034688353538513,-0.033229563385248184,-0.3626706600189209,0.08398444950580597,True,tiles\Ahmedabad\2022\Ahmedabad_r01_c05.tif,18.0,0.0001065,"POLYGON ((72.620488 23.06943, 72.620081 23.092535, 72.595106 23.092156, 72.595517 23.069052, 72.620488 23.06943))"
Ahmedabad_r01_c06,Ahmedabad,2022,1,6,2022-01-01,2022-03-31,32643,256220.0,2553190.0,258780.0,2555750.0,72.63277159575802,23.081169937257354,1.0,14.653900146484375,0.1858944296836853,0.2315538376569748,0.04200388863682747,-0.33493706583976746,0.1243320107460022,True,tiles\Ahmedabad\2022\Ahmedabad_r01_c06.tif,18.0,0.0001065,"POLYGON ((72.64546 23.069804, 72.645057 23.09291, 72.620081 23.092535, 72.620488 23.06943, 72.64546 23.069804))"
Ahmedabad_r01_c07,Ahmedabad,2022,1,7,2022-01-01,2022-03-31,32643,258780.0,2553190.0,261340.0,2555750.0,72.65774550412745,23.081542429348488,1.0,14.500228881835938,0.19443172216415405,0.18081876635551453,0.05479066073894501,-0.31005457043647766,0.1345638930797577,True,tiles\Ahmedabad\2022\Ahmedabad_r01_c07.tif,18.0,0.0001065,"POLYGON ((72.670432 23.070174, 72.670033 23.09328, 72.645057 23.09291, 72.64546 23.069804, 72.670432 23.070174))"
Ahmedabad_r02_c00,Ahmedabad,2022,2,0,2022-01-01,2022-03-31,32643,240860.0,2550630.0,243420.0,2553190.0,72.48336930093376,23.05574919054648,1.0,15.227630615234375,0.1540205478668213,0.2997092604637146,0.028631925582885742,-0.3990265727043152,0.11411106586456299,True,tiles\Ahmedabad\2022\Ahmedabad_r02_c00.tif,18.0,0.0001065,"POLYGON ((72.496066 23.044396, 72.495639 23.067499, 72.47067 23.067101, 72.471102 23.043999, 72.496066 23.044396))"
Ahmedabad_r02_c01,Ahmedabad,2022,2,1,2022-01-01,2022-03-31,32643,243420.0,2550630.0,245980.0,2553190.0,72.50833574392071,23.0561448915282,1.0,15.378250122070312,0.14565277099609375,0.255329966545105,0.010105123743414879,-0.3298414349555969,0.12613382935523987,True,tiles\Ahmedabad\2022\Ahmedabad_r02_c01.tif,18.0,0.0001065,"POLYGON ((72.521031 23.04479, 72.520607 23.067893, 72.495639 23.067499, 72.496066 23.044396, 72.521031 23.04479))"
Ahmedabad_r02_c02,Ahmedabad,2022,2,2,2022-01-01,2022-03-31,32643,245980.0,2550630.0,248540.0,2553190.0,72.53330273522398,23.05653665605741,1.0,15.359222412109375,0.1467098593711853,0.16971445083618164,0.01834789663553238,-0.24892657995224,0.15259459614753723,True,tiles\Ahmedabad\2022\Ahmedabad_r02_c02.tif,18.0,0.0001065,"POLYGON ((72.545996 23.045179, 72.545577 23.068283, 72.520607 23.067893, 72.521031 23.04479, 72.545996 23.045179))"
Ahmedabad_r02_c03,Ahmedabad,2022,2,3,2022-01-01,2022-03-31,32643,248540.0,2550630.0,251100.0,2553190.0,72.55827026936849,23.05692448378532,1.0,14.663864135742188,0.18534088134765625,0.15895944833755493,0.02453298307955265,-0.24448540806770325,0.14961457252502441,True,tiles\Ahmedabad\2022\Ahmedabad_r02_c03.tif,18.0,0.0001065,"POLYGON ((72.570962 23.045565, 72.570547 23.068669, 72.545577 23.068283, 72.545996 23.045179, 72.570962 23.045565))"
Ahmedabad_r02_c04,Ahmedabad,2022,2,4,2022-01-01,2022-03-31,32643,251100.0,2550630.0,253660.0,2553190.0,72.58323834087832,23.05730837436658,1.0,15.080429077148438,0.16219836473464966,0.19065600633621216,0.02755529060959816,-0.2710057497024536,0.10787507146596909,True,tiles\Ahmedabad\2022\Ahmedabad_r02_c04.tif,18.0,0.0001065,"POLYGON ((72.595928 23.045947, 72.595517 23.069052, 72.570547 23.068669, 72.570962 23.045565, 72.595928 23.045947))"
Ahmedabad_r02_c05,Ahmedabad,2022,2,5,2022-01-01,2022-03-31,32643,253660.0,2550630.0,256220.0,2553190.0,72.60820694427692,23.057688327459378,1.0,15.025238037109375,0.1652645468711853,0.2482074499130249,0.018032127991318703,-0.3262760043144226,0.11790568381547928,True,tiles\Ahmedabad\2022\Ahmedabad_r02_c05.tif,18.0,0.0001065,"POLYGON ((72.620895 23.046324, 72.620488 23.06943, 72.595517 23.069052, 72.595928 23.045947, 72.620895 23.046324))"
Ahmedabad_r02_c06,Ahmedabad,2022,2,6,2022-01-01,2022-03-31,32643,256220.0,2550630.0,258780.0,2553190.0,72.63317607408713,23.058064342725363,1.0,15.188949584960938,0.15616947412490845,0.13860031962394714,0.06941510736942291,-0.2873745560646057,0.14148341119289398,True,tiles\Ahmedabad\2022\Ahmedabad_r02_c06.tif,18.0,0.0001065,"POLYGON ((72.645862 23.046698, 72.64546 23.069804, 72.620488 23.06943, 72.620895 23.046324, 72.645862 23.046698))"
Ahmedabad_r02_c07,Ahmedabad,2022,2,7,2022-01-01,2022-03-31,32643,258780.0,2550630.0,261340.0,2553190.0,72.65814572483094,23.058436419829686,1.0,15.14434814453125,0.1586472988128662,0.15594714879989624,0.02499210089445114,-0.2527667284011841,0.1699467897415161,True,tiles\Ahmedabad\2022\Ahmedabad_r02_c07.tif,18.0,0.0001065,"POLYGON ((72.67083 23.047068, 72.670432 23.070174, 72.64546 23.069804, 72.645862 23.046698, 72.67083 23.047068))"
Ahmedabad_r03_c00,Ahmedabad,2022,3,0,2022-01-01,2022-03-31,32643,240860.0,2548070.0,243420.0,2550630.0,72.48379876276105,23.032646103046183,1.0,14.906936645507812,0.17183685302734375,0.27050355076789856,0.018367905169725418,-0.35847243666648865,0.12438476830720901,True,tiles\Ahmedabad\2022\Ahmedabad_r03_c00.tif,18.0,0.0001065,"POLYGON ((72.496493 23.021293, 72.496066 23.044396, 72.471102 23.043999, 72.471533 23.020896, 72.496493 23.021293))"
Ahmedabad_r03_c01,Ahmedabad,2022,3,1,2022-01-01,2022-03-31,32643,243420.0,2548070.0,245980.0,2550630.0,72.50876095603603,23.033041362853417,1.0,15.256454467773438,0.15241920948028564,0.2799047827720642,-0.012053299695253372,-0.3192979693412781,0.11919474601745605,True,tiles\Ahmedabad\2022\Ahmedabad_r03_c01.tif,18.0,0.0001065,"POLYGON ((72.521454 23.021686, 72.521031 23.04479, 72.496066 23.044396, 72.496493 23.021293, 72.521454 23.021686))"
Ahmedabad_r03_c02,Ahmedabad,2022,3,2,2022-01-01,2022-03-31,32643,245980.0,2548070.0,248540.0,2550630.0,72.53372369721114,23.0334326905945,1.0,14.864303588867188,0.17420536279678345,0.23897333443164825,0.004527994431555271,-0.2984415888786316,0.1308935433626175,True,tiles\Ahmedabad\2022\Ahmedabad_r03_c02.tif,18.0,0.0001065,"POLYGON ((72.546414 23.022075, 72.545996 23.045179, 72.521031 23.04479, 72.521454 23.021686, 72.546414 23.022075))"
Ahmedabad_r03_c03,Ahmedabad,2022,3,3,2022-01-01,2022-03-31,32643,248540.0,2548070.0,251100.0,2550630.0,72.55868698081547,23.033820085921082,1.0,15.4884033203125,0.1395331621170044,0.225264310836792,-0.0023469466250389814,-0.27029913663864136,0.1276129186153412,True,tiles\Ahmedabad\2022\Ahmedabad_r03_c03.tif,18.0,0.0001065,"POLYGON ((72.571376 23.02246, 72.570962 23.045565, 72.545996 23.045179, 72.546414 23.022075, 72.571376 23.02246))"
Ahmedabad_r03_c04,Ahmedabad,2022,3,4,2022-01-01,2022-03-31,32643,251100.0,2548070.0,253660.0,2550630.0,72.58365080137713,23.034203548488286,1.0,15.80096435546875,0.1221686601638794,0.12777039408683777,0.05412092059850693,-0.24197080731391907,0.11929680407047272,True,tiles\Ahmedabad\2022\Ahmedabad_r03_c04.tif,18.0,0.0001065,"POLYGON ((72.596338 23.022841, 72.595928 23.045947, 72.570962 23.045565, 72.571376 23.02246, 72.596338 23.022841))"
Ahmedabad_r03_c05,Ahmedabad,2022,3,5,2022-01-01,2022-03-31,32643,253660.0,2548070.0,256220.0,2550630.0,72.60861515342383,23.034583077954743,1.0,15.403472900390625,0.1442515254020691,0.1843983680009842,0.04172509163618088,-0.29283618927001953,0.12524522840976715,True,tiles\Ahmedabad\2022\Ahmedabad_r03_c05.tif,18.0,0.0001065,"POLYGON ((72.6213 23.023219, 72.620895 23.046324, 72.595928 23.045947, 72.596338 23.022841, 72.6213 23.023219))"
Ahmedabad_r03_c06,Ahmedabad,2022,3,6,2022-01-01,2022-03-31,32643,256220.0,2548070.0,258780.0,2550630.0,72.63358003148242,23.034958673982548,1.0,15.253692626953125,0.1525726318359375,0.13964852690696716,0.04750760272145271,-0.2595925033092499,0.1479354351758957,True,tiles\Ahmedabad\2022\Ahmedabad_r03_c06.tif,18.0,0.0001065,"POLYGON ((72.646263 23.023592, 72.645862 23.046698, 72.620895 23.046324, 72.6213 23.023219, 72.646263 23.023592))"
Ahmedabad_r03_c07,Ahmedabad,2022,3,7,2022-01-01,2022-03-31,32643,258780.0,2548070.0,261340.0,2550630.0,72.65854543007917,23.035330336237315,1.0,15.875808715820312,0.11801064014434814,0.13065670430660248,0.04540877416729927,-0.250879168510437,0.1584915816783905,True,tiles\Ahmedabad\2022\Ahmedabad_r03_c07.tif,18.0,0.0001065,"POLYGON ((72.671227 23.023962, 72.67083 23.047068, 72.645862 23.046698, 72.646263 23.023592, 72.671227 23.023962))"
Ahmedabad_r04_c00,Ahmedabad,2022,4,0,2022-01-01,2022-03-31,32643,240860.0,2545510.0,243420.0,2548070.0,72.4842276712177,23.009542940544343,1.0,14.262237548828125,0.2076534628868103,0.3112039566040039,0.03596125543117523,-0.42119860649108887,0.11128312349319458,True,tiles\Ahmedabad\2022\Ahmedabad_r04_c00.tif,18.0,0.0001065,"POLYGON ((72.49692 22.998189, 72.496493 23.021293, 72.471533 23.020896, 72.471964 22.997793, 72.49692 22.998189))"
Ahmedabad_r04_c01,Ahmedabad,2022,4,1,2022-01-01,2022-03-31,32643,243420.0,2545510.0,245980.0,2548070.0,72.50918562025105,23.009937759322803,1.0,15.318084716796875,0.1489952802658081,0.23414167761802673,0.007970436476171017,-0.2981101870536804,0.13170072436332703,True,tiles\Ahmedabad\2022\Ahmedabad_r04_c01.tif,18.0,0.0001065,"POLYGON ((72.521876 22.998582, 72.521454 23.021686, 72.496493 23.021293, 72.49692 22.998189, 72.521876 22.998582))"
Ahmedabad_r04_c02,Ahmedabad,2022,4,2,2022-01-01,2022-03-31,32643,245980.0,2545510.0,248540.0,2548070.0,72.53414411676907,23.010328650420007,1.0,15.489151000976562,0.13949161767959595,0.17502515017986298,0.020720098167657852,-0.2563355565071106,0.1493491530418396,True,tiles\Ahmedabad\2022\Ahmedabad_r04_c02.tif,18.0,0.0001065,"POLYGON ((72.546832 22.998971, 72.546414 23.022075, 72.521454 23.021686, 72.521876 22.998582, 72.546832 22.998971))"
Ahmedabad_r04_c03,Ahmedabad,2022,4,3,2022-01-01,2022-03-31,32643,248540.0,2545510.0,251100.0,2548070.0,72.55910315530484,23.01071561348808,1.0,15.88958740234375,0.1172451376914978,0.17573776841163635,0.019994407892227173,-0.24796804785728455,0.13595092296600342,True,tiles\Ahmedabad\2022\Ahmedabad_r04_c03.tif,18.0,0.0001065,"POLYGON ((72.57179 22.999355, 72.571376 23.02246, 72.546414 23.022075, 72.546832 22.998971, 72.57179 22.999355))"
Ahmedabad_r04_c04,Ahmedabad,2022,4,4,2022-01-01,2022-03-31,32643,251100.0,2545510.0,253660.0,2548070.0,72.58406273039077,23.011098648182596,1.0,15.772994995117188,0.12372249364852905,0.14369386434555054,0.04495500773191452,-0.24733313918113708,0.1217539981007576,True,tiles\Ahmedabad\2022\Ahmedabad_r04_c04.tif,18.0,0.0001065,"POLYGON ((72.596747 22.999736, 72.596338 23.022841, 72.571376 23.02246, 72.57179 22.999355, 72.596747 22.999736))"
Ahmedabad_r04_c05,Ahmedabad,2022,4,5,2022-01-01,2022-03-31,32643,253660.0,2545510.0,256220.0,2548070.0,72.60902283655864,23.011477754162645,1.0,15.67633056640625,0.1290927529335022,0.1786210536956787,0.023333633318543434,-0.2542300522327423,0.12270420044660568,True,tiles\Ahmedabad\2022\Ahmedabad_r04_c05.tif,18.0,0.0001065,"POLYGON ((72.621706 23.000113, 72.6213 23.023219, 72.596338 23.022841, 72.596747 22.999736, 72.621706 23.000113))"
Ahmedabad_r04_c06,Ahmedabad,2022,4,6,2022-01-01,2022-03-31,32643,256220.0,2545510.0,258780.0,2548070.0,72.63398346833942,23.011852931090786,1.0,15.6090087890625,0.1328328251838684,0.125551238656044,0.055540796369314194,-0.25677528977394104,0.13716177642345428,True,tiles\Ahmedabad\2022\Ahmedabad_r04_c06.tif,18.0,0.0001065,"POLYGON ((72.646664 23.000486, 72.646263 23.023592, 72.6213 23.023219, 72.621706 23.000113, 72.646664 23.000486))"
Ahmedabad_r04_c07,Ahmedabad,2022,4,7,2022-01-01,2022-03-31,32643,258780.0,2545510.0,261340.0,2548070.0,72.65894462026354,23.01222417863303,1.0,16.579391479492188,0.07892268896102905,0.15154913067817688,0.04844725877046585,-0.2784495949745178,0.14350712299346924,True,tiles\Ahmedabad\2022\Ahmedabad_r04_c07.tif,18.0,0.0001065,"POLYGON ((72.671624 23.000855, 72.671227 23.023962, 72.646263 23.023592, 72.646664 23.000486, 72.671624 23.000855))"
Ahmedabad_r05_c00,Ahmedabad,2022,5,0,2022-01-01,2022-03-31,32643,240860.0,2542950.0,243420.0,2545510.0,72.48465602672333,22.986439703104118,1.0,14.390213012695312,0.20054370164871216,0.2981078028678894,0.04079757258296013,-0.4121693968772888,0.11513231694698334,True,tiles\Ahmedabad\2022\Ahmedabad_r05_c00.tif,18.0,0.0001065,"POLYGON ((72.497346 22.975086, 72.49692 22.998189, 72.471964 22.997793, 72.472394 22.97469, 72.497346 22.975086))"
Ahmedabad_r05_c01,Ahmedabad,2022,5,1,2022-01-01,2022-03-31,32643,243420.0,2542950.0,245980.0,2545510.0,72.50960973698126,22.986834080999284,1.0,14.962921142578125,0.1687266230583191,0.18447931110858917,0.042040757834911346,-0.295789897441864,0.1424541175365448,True,tiles\Ahmedabad\2022\Ahmedabad_r05_c01.tif,18.0,0.0001065,"POLYGON ((72.522298 22.975478, 72.521876 22.998582, 72.49692 22.998189, 72.497346 22.975086, 72.522298 22.975478))"
Ahmedabad_r05_c02,Ahmedabad,2022,5,2,2022-01-01,2022-03-31,32643,245980.0,2542950.0,248540.0,2545510.0,72.53456399430905,22.987224535596674,1.0,15.428253173828125,0.1428748369216919,0.2741398215293884,-0.001633165404200554,-0.3289569020271301,0.12083504348993301,True,tiles\Ahmedabad\2022\Ahmedabad_r05_c02.tif,18.0,0.0001065,"POLYGON ((72.54725 22.975866, 72.546832 22.998971, 72.521876 22.998582, 72.522298 22.975478, 72.54725 22.975866))"
Ahmedabad_r05_c03,Ahmedabad,2022,5,3,2022-01-01,2022-03-31,32643,248540.0,2542950.0,251100.0,2545510.0,72.55951879324388,22.98761106654883,1.0,15.667922973632812,0.12955981492996216,0.24625232815742493,0.014101015403866768,-0.30423790216445923,0.11116282641887665,True,tiles\Ahmedabad\2022\Ahmedabad_r05_c03.tif,18.0,0.0001065,"POLYGON ((72.572203 22.976251, 72.57179 22.999355, 72.546832 22.998971, 72.54725 22.975866, 72.572203 22.976251))"
Ahmedabad_r05_c04,Ahmedabad,2022,5,4,2022-01-01,2022-03-31,32643,251100.0,2542950.0,253660.0,2545510.0,72.58447412832238,22.98799367351184,1.0,15.593185424804688,0.13371193408966064,0.16037309169769287,0.04725412651896477,-0.27661776542663574,0.13383245468139648,True,tiles\Ahmedabad\2022\Ahmedabad_r05_c04.tif,18.0,0.0001065,"POLYGON ((72.597156 22.976631, 72.596747 22.999736, 72.57179 22.999355, 72.572203 22.976251, 72.597156 22.976631))"
Ahmedabad_r05_c05,Ahmedabad,2022,5,5,2022-01-01,2022-03-31,32643,253660.0,2542950.0,256220.0,2545510.0,72.60942999408036,22.988372356145213,1.0,15.89471435546875,0.11696028709411621,0.12297610938549042,0.04131442308425903,-0.23198658227920532,0.1528445929288864,True,tiles\Ahmedabad\2022\Ahmedabad_r05_c05.tif,18.0,0.0001065,"POLYGON ((72.62211 22.977008, 72.621706 23.000113, 72.596747 22.999736, 72.597156 22.976631, 72.62211 22.977008))"
Ahmedabad_r05_c06,Ahmedabad,2022,5,6,2022-01-01,2022-03-31,32643,256220.0,2542950.0,258780.0,2545510.0,72.63438638505295,22.98874711411195,1.0,15.604782104492188,0.13306766748428345,0.14591488242149353,0.046814389526844025,-0.2690555453300476,0.14214596152305603,True,tiles\Ahmedabad\2022\Ahmedabad_r05_c06.tif,18.0,0.0001065,"POLYGON ((72.647065 22.97738, 72.646664 23.000486, 72.621706 23.000113, 72.62211 22.977008, 72.647065 22.97738))"
Ahmedabad_r05_c07,Ahmedabad,2022,5,7,2022-01-01,2022-03-31,32643,258780.0,2542950.0,261340.0,2545510.0,72.65934329577473,22.989117947078547,1.0,16.02716064453125,0.10960221290588379,0.2190144807100296,0.03347896784543991,-0.3284810781478882,0.13223007321357727,True,tiles\Ahmedabad\2022\Ahmedabad_r05_c07.tif,18.0,0.0001065,"POLYGON ((72.67202 22.977749, 72.671624 23.000855, 72.646664 23.000486, 72.647065 22.97738, 72.67202 22.977749))"
Ahmedabad_r06_c00,Ahmedabad,2022,6,0,2022-01-01,2022-03-31,32643,240860.0,2540390.0,243420.0,2542950.0,72.48508382969689,22.963336390788708,1.0,14.2911376953125,0.2060478925704956,0.42105209827423096,-0.06992489099502563,-0.39265987277030945,0.09395106136798859,True,tiles\Ahmedabad\2022\Ahmedabad_r06_c00.tif,18.0,0.0001065,"POLYGON ((72.497771 22.951982, 72.497346 22.975086, 72.472394 22.97469, 72.472824 22.951587, 72.497771 22.951982))"
Ahmedabad_r06_c01,Ahmedabad,2022,6,1,2022-01-01,2022-03-31,32643,243420.0,2540390.0,245980.0,2542950.0,72.51003330664145,22.963730327945854,1.0,14.933700561523438,0.17034995555877686,0.4026916027069092,-0.05595576763153076,-0.38520514965057373,0.09752461314201355,True,tiles\Ahmedabad\2022\Ahmedabad_r06_c01.tif,18.0,0.0001065,"POLYGON ((72.522719 22.952374, 72.522298 22.975478, 72.497346 22.975086, 72.497771 22.951982, 72.522719 22.952374))"
Ahmedabad_r06_c02,Ahmedabad,2022,6,2,2022-01-01,2022-03-31,32643,245980.0,2540390.0,248540.0,2542950.0,72.53498333024176,22.96412034618724,1.0,16.113250732421875,0.1048194169998169,0.38806629180908203,-0.014011193998157978,-0.42244982719421387,0.09503412246704102,True,tiles\Ahmedabad\2022\Ahmedabad_r06_c02.tif,18.0,0.0001065,"POLYGON ((72.547667 22.952762, 72.54725 22.975866, 72.522298 22.975478, 72.522719 22.952374, 72.547667 22.952762))"
Ahmedabad_r06_c03,Ahmedabad,2022,6,3,2022-01-01,2022-03-31,32643,248540.0,2540390.0,251100.0,2542950.0,72.55993389503918,22.964506445165902,1.0,16.057510375976562,0.10791611671447754,0.22260227799415588,0.05829726904630661,-0.3523672819137573,0.1128002256155014,True,tiles\Ahmedabad\2022\Ahmedabad_r06_c03.tif,18.0,0.0001065,"POLYGON ((72.572616 22.953146, 72.572203 22.976251, 72.54725 22.975866, 72.547667 22.952762, 72.572616 22.953146))"
Ahmedabad_r06_c04,Ahmedabad,2022,6,4,2022-01-01,2022-03-31,32643,251100.0,2540390.0,253660.0,2542950.0,72.58488499557438,22.964888624538354,1.0,15.941421508789062,0.11436545848846436,0.16663610935211182,0.06784838438034058,-0.31178784370422363,0.12682798504829407,True,tiles\Ahmedabad\2022\Ahmedabad_r06_c04.tif,18.0,0.0001065,"POLYGON ((72.597565 22.953526, 72.597156 22.976631, 72.572203 22.976251, 72.572616 22.953146, 72.597565 22.953526))"
Ahmedabad_r06_c05,Ahmedabad,2022,6,5,2022-01-01,2022-03-31,32643,253660.0,2540390.0,256220.0,2542950.0,72.60983662638728,22.965266883964564,1.0,15.912033081054688,0.11599814891815186,0.145300954580307,0.050168998539447784,-0.2726302742958069,0.14994306862354279,True,tiles\Ahmedabad\2022\Ahmedabad_r06_c05.tif,18.0,0.0001065,"POLYGON ((72.622515 22.953902, 72.62211 22.977008, 72.597156 22.976631, 72.597565 22.953526, 72.622515 22.953902))"
Ahmedabad_r06_c06,Ahmedabad,2022,6,6,2022-01-01,2022-03-31,32643,256220.0,2540390.0,258780.0,2542950.0,72.63478878201721,22.965641223107994,1.0,15.851791381835938,0.11934494972229004,0.18409474194049835,0.0552297942340374,-0.31462356448173523,0.1195770651102066,True,tiles\Ahmedabad\2022\Ahmedabad_r06_c06.tif,18.0,0.0001065,"POLYGON ((72.647465 22.954274, 72.647065 22.97738, 72.62211 22.977008, 72.622515 22.953902, 72.647465 22.954274))"
Ahmedabad_r06_c07,Ahmedabad,2022,6,7,2022-01-01,2022-03-31,32643,258780.0,2540390.0,261340.0,2542950.0,72.6597414570028,22.96601164163559,1.0,15.622879028320312,0.13206225633621216,0.2971577048301697,0.02636130154132843,-0.3939026892185211,0.10361716151237488,True,tiles\Ahmedabad\2022\Ahmedabad_r06_c07.tif,18.0,0.0001065,"POLYGON ((72.672416 22.954642, 72.67202 22.977749, 72.647065 22.97738, 72.647465 22.954274, 72.672416 22.954642))"
Ahmedabad_r07_c00,Ahmedabad,2022,7,0,2022-01-01,2022-03-31,32643,240860.0,2537830.0,243420.0,2540390.0,72.4855110805566,22.94023300366133,1.0,14.625320434570312,0.18748217821121216,0.431297242641449,-0.10086821019649506,-0.3503080904483795,0.08154642581939697,True,tiles\Ahmedabad\2022\Ahmedabad_r07_c00.tif,18.0,0.0001065,"POLYGON ((72.498196 22.928879, 72.497771 22.951982, 72.472824 22.951587, 72.473253 22.928483, 72.498196 22.928879))"
Ahmedabad_r07_c01,Ahmedabad,2022,7,1,2022-01-01,2022-03-31,32643,243420.0,2537830.0,245980.0,2540390.0,72.51045632964575,22.940626500225505,1.0,14.735198974609375,0.1813778281211853,0.4797661304473877,-0.09444500505924225,-0.41413915157318115,0.08258995413780212,True,tiles\Ahmedabad\2022\Ahmedabad_r07_c01.tif,18.0,0.0001065,"POLYGON ((72.523139 22.92927, 72.522719 22.952374, 72.497771 22.951982, 72.498196 22.928879, 72.523139 22.92927))"
Ahmedabad_r07_c02,Ahmedabad,2022,7,2,2022-01-01,2022-03-31,32643,245980.0,2537830.0,248540.0,2540390.0,72.53540212497725,22.941016082254517,1.0,15.717941284179688,0.12678104639053345,0.4215989112854004,-0.06050373241305351,-0.39736199378967285,0.08394805341959,True,tiles\Ahmedabad\2022\Ahmedabad_r07_c02.tif,18.0,0.0001065,"POLYGON ((72.548083 22.929657, 72.547667 22.952762, 72.522719 22.952374, 72.523139 22.92927, 72.548083 22.929657))"
Ahmedabad_r07_c03,Ahmedabad,2022,7,3,2022-01-01,2022-03-31,32643,248540.0,2537830.0,251100.0,2540390.0,72.56034846109658,22.941401749401862,1.0,16.153594970703125,0.1025780439376831,0.29046887159347534,0.051757778972387314,-0.4138680100440979,0.10843174159526825,True,tiles\Ahmedabad\2022\Ahmedabad_r07_c03.tif,18.0,0.0001065,"POLYGON ((72.573028 22.930041, 72.572616 22.953146, 72.547667 22.952762, 72.548083 22.929657, 72.573028 22.930041))"
Ahmedabad_r07_c04,Ahmedabad,2022,7,4,2022-01-01,2022-03-31,32643,251100.0,2537830.0,253660.0,2540390.0,72.58529533254848,22.94178350132451,1.0,15.91802978515625,0.1156650185585022,0.29164934158325195,-0.02579253911972046,-0.3130650520324707,0.10765962302684784,True,tiles\Ahmedabad\2022\Ahmedabad_r07_c04.tif,18.0,0.0001065,"POLYGON ((72.597973 22.93042, 72.597565 22.953526, 72.572616 22.953146, 72.573028 22.930041, 72.597973 22.93042))"
Ahmedabad_r07_c05,Ahmedabad,2022,7,5,2022-01-01,2022-03-31,32643,253660.0,2537830.0,256220.0,2540390.0,72.61024273387703,22.94216133768289,1.0,15.960296630859375,0.11331683397293091,0.3204893469810486,-0.029132168740034103,-0.3469712436199188,0.10793078690767288,True,tiles\Ahmedabad\2022\Ahmedabad_r07_c05.tif,18.0,0.0001065,"POLYGON ((72.622918 22.930796, 72.622515 22.953902, 72.597565 22.953526, 72.597973 22.93042, 72.622918 22.930796))"
Ahmedabad_r07_c06,Ahmedabad,2022,7,6,2022-01-01,2022-03-31,32643,256220.0,2537830.0,258780.0,2540390.0,72.63519065962564,22.942535258140907,1.0,15.947006225585938,0.11405521631240845,0.2767183780670166,0.04152701050043106,-0.3971814513206482,0.10966340452432632,True,tiles\Ahmedabad\2022\Ahmedabad_r07_c06.tif,18.0,0.0001065,"POLYGON ((72.647864 22.931168, 72.647465 22.954274, 72.622515 22.953902, 72.622918 22.930796, 72.647864 22.931168))"
Ahmedabad_r07_c07,Ahmedabad,2022,7,7,2022-01-01,2022-03-31,32643,258780.0,2537830.0,261340.0,2540390.0,72.66013910433708,22.94290526236592,1.0,15.9169921875,0.11572265625,0.3350330591201782,0.03271394595503807,-0.4422970414161682,0.1047142967581749,True,tiles\Ahmedabad\2022\Ahmedabad_r07_c07.tif,18.0,0.0001065,"POLYGON ((72.672811 22.931536, 72.672416 22.954642, 72.647465 22.954274, 72.647864 22.931168, 72.672811 22.931536))"
Ahmedabad_r00_c00,Ahmedabad,2023,0,0,2023-01-01,2023-03-31,32643,240860.0,2555750.0,243420.0,2558310.0,72.48250871548521,23.101955140290002,1.0,16.856048583984375,0.0635528564453125,0.270635187625885,0.0389273539185524,-0.38559356331825256,0.11935492604970932,True,tiles\Ahmedabad\2023\Ahmedabad_r00_c00.tif,18.0,0.0,"POLYGON ((72.49521 23.090603, 72.494782 23.113706, 72.469805 23.113307, 72.470238 23.090204, 72.49521 23.090603))"
Ahmedabad_r00_c01,Ahmedabad,2023,0,1,2023-01-01,2023-03-31,32643,243420.0,2555750.0,245980.0,2558310.0,72.5074836743236,23.102351724058632,1.0,16.747772216796875,0.0695682168006897,0.35140448808670044,0.01258702389895916,-0.44393405318260193,0.10424412786960602,True,tiles\Ahmedabad\2023\Ahmedabad_r00_c01.tif,18.0,0.0,"POLYGON ((72.520183 23.090997, 72.519759 23.1141, 72.494782 23.113706, 72.49521 23.090603, 72.520183 23.090997))"
Ahmedabad_r00_c02,Ahmedabad,2023,0,2,2023-01-01,2023-03-31,32643,245980.0,2555750.0,248540.0,2558310.0,72.53245918231286,23.102744362597736,1.0,16.769638061523438,0.06835341453552246,0.24340660870075226,0.02537170797586441,-0.3414144814014435,0.13202282786369324,True,tiles\Ahmedabad\2023\Ahmedabad_r00_c02.tif,18.0,0.0,"POLYGON ((72.545157 23.091387, 72.544737 23.114491, 72.519759 23.1141, 72.520183 23.090997, 72.545157 23.091387))"
Ahmedabad_r00_c03,Ahmedabad,2023,0,3,2023-01-01,2023-03-31,32643,248540.0,2555750.0,251100.0,2558310.0,72.55743523396953,23.10313305555759,1.0,16.908035278320312,0.06066471338272095,0.21277357637882233,0.034647684544324875,-0.33192527294158936,0.14665861427783966,True,tiles\Ahmedabad\2023\Ahmedabad_r00_c03.tif,18.0,0.0,"POLYGON ((72.570131 23.091774, 72.569715 23.114878, 72.544737 23.114491, 72.545157 23.091387, 72.570131 23.091774))"
Ahmedabad_r00_c04,Ahmedabad,2023,0,4,2023-01-01,2023-03-31,32643,251100.0,2555750.0,253660.0,2558310.0,72.58241182380942,23.103517802591934,1.0,16.68585205078125,0.07300823926925659,0.20423713326454163,0.018639322370290756,-0.29348284006118774,0.14638099074363708,True,tiles\Ahmedabad\2023\Ahmedabad_r00_c04.tif,18.0,0.0,"POLYGON ((72.595106 23.092156, 72.594694 23.115261, 72.569715 23.114878, 72.570131 23.091774, 72.595106 23.092156))"
Ahmedabad_r00_c05,Ahmedabad,2023,0,5,2023-01-01,2023-03-31,32643,253660.0,2555750.0,256220.0,2558310.0,72.60738894634775,23.10389860335805,1.0,16.616378784179688,0.07686781883239746,0.28824061155319214,-0.010213475674390793,-0.3538901209831238,0.12128310650587082,True,tiles\Ahmedabad\2023\Ahmedabad_r00_c05.tif,18.0,0.0,"POLYGON ((72.620081 23.092535, 72.619674 23.11564, 72.594694 23.115261, 72.595106 23.092156, 72.620081 23.092535))"
Ahmedabad_r00_c06,Ahmedabad,2023,0,6,2023-01-01,2023-03-31,32643,256220.0,2555750.0,258780.0,2558310.0,72.63236659609893,23.10427545751668,1.0,16.659683227539062,0.07446205615997314,0.32170844078063965,0.015143338590860367,-0.41496628522872925,0.10291146486997604,True,tiles\Ahmedabad\2023\Ahmedabad_r00_c06.tif,18.0,0.0,"POLYGON ((72.645057 23.09291, 72.644654 23.116015, 72.619674 23.11564, 72.620081 23.092535, 72.645057 23.09291))"
Ahmedabad_r00_c07,Ahmedabad,2023,0,7,2023-01-01,2023-03-31,32643,258780.0,2555750.0,261340.0,2558310.0,72.65734476757675,23.10464836473209,1.0,16.566970825195312,0.07961273193359375,0.25703126192092896,0.020233433693647385,-0.34082114696502686,0.11372633278369904,True,tiles\Ahmedabad\2023\Ahmedabad_r00_c07.tif,18.0,0.0,"POLYGON ((72.670033 23.09328, 72.669635 23.116387, 72.644654 23.116015, 72.645057 23.09291, 72.670033 23.09328))"
Ahmedabad_r01_c00,Ahmedabad,2023,1,0,2023-01-01,2023-03-31,32643,240860.0,2553190.0,243420.0,2555750.0,72.48293928531551,23.07885220298212,1.0,16.941452026367188,0.058808207511901855,0.37960660457611084,-0.014268471859395504,-0.4346715211868286,0.09969961643218994,True,tiles\Ahmedabad\2023\Ahmedabad_r01_c00.tif,18.0,0.0,"POLYGON ((72.495639 23.067499, 72.49521 23.090603, 72.470238 23.090204, 72.47067 23.067101, 72.495639 23.067499))"
Ahmedabad_r01_c01,Ahmedabad,2023,1,1,2023-01-01,2023-03-31,32643,243420.0,2553190.0,245980.0,2555750.0,72.50790998348886,23.07924834528423,1.0,16.796783447265625,0.0668453574180603,0.27916741371154785,0.0064057856798172,-0.3541395664215088,0.12754808366298676,True,tiles\Ahmedabad\2023\Ahmedabad_r01_c01.tif,18.0,0.0,"POLYGON ((72.520607 23.067893, 72.520183 23.090997, 72.49521 23.090603, 72.495639 23.067499, 72.520607 23.067893))"
Ahmedabad_r01_c02,Ahmedabad,2023,1,2,2023-01-01,2023-03-31,32643,245980.0,2553190.0,248540.0,2555750.0,72.53288123039547,23.07964054674605,1.0,16.784622192382812,0.06752097606658936,0.19805103540420532,0.022307317703962326,-0.2900112569332123,0.1436261683702469,True,tiles\Ahmedabad\2023\Ahmedabad_r01_c02.tif,18.0,0.0,"POLYGON ((72.545577 23.068283, 72.545157 23.091387, 72.520183 23.090997, 72.520607 23.067893, 72.545577 23.068283))"
Ahmedabad_r01_c03,Ahmedabad,2023,1,3,2023-01-01,2023-03-31,32643,248540.0,2553190.0,251100.0,2555750.0,72.55785302055604,23.080028807018305,1.0,16.82293701171875,0.0653923749923706,0.14154115319252014,0.03314667195081711,-0.24628975987434387,0.16948625445365906,True,tiles\Ahmedabad\2023\Ahmedabad_r01_c03.tif,18.0,0.0,"POLYGON ((72.570547 23.068669, 72.570131 23.091774, 72.545157 23.091387, 72.545577 23.068283, 72.570547 23.068669))"
Ahmedabad_r01_c04,Ahmedabad,2023,1,4,2023-01-01,2023-03-31,32643,251100.0,2553190.0,253660.0,2555750.0,72.58282534849057,23.080413125755214,1.0,16.871826171875,0.0626763105392456,0.2012304961681366,0.022507082670927048,-0.29193997383117676,0.13440868258476257,True,tiles\Ahmedabad\2023\Ahmedabad_r01_c04.tif,18.0,0.0,"POLYGON ((72.595517 23.069052, 72.595106 23.092156, 72.570131 23.091774, 72.570547 23.068669, 72.595517 23.069052))"
Ahmedabad_r01_c05,Ahmedabad,2023,1,5,2023-01-01,2023-03-31,32643,253660.0,2553190.0,256220.0,2555750.0,72.60779820871835,23.080793502614494,1.0,16.474014282226562,0.08477699756622314,0.26449477672576904,-0.007650803774595261,-0.2880660891532898,0.09494931250810623,True,tiles\Ahmedabad\2023\Ahmedabad_r01_c05.tif,18.0,0.0,"POLYGON ((72.620488 23.06943, 72.620081 23.092535, 72.595106 23.092156, 72.595517 23.069052, 72.620488 23.06943))"
Ahmedabad_r01_c06,Ahmedabad,2023,1,6,2023-01-01,2023-03-31,32643,256220.0,2553190.0,258780.0,2555750.0,72.63277159575802,23.081169937257354,1.0,16.681472778320312,0.07325148582458496,0.17653575539588928,0.04935293644666672,-0.29076436161994934,0.12949809432029724,True,tiles\Ahmedabad\2023\Ahmedabad_r01_c06.tif,18.0,0.0,"POLYGON ((72.64546 23.069804, 72.645057 23.09291, 72.620081 23.092535, 72.620488 23.06943, 72.64546 23.069804))"
Ahmedabad_r01_c07,Ahmedabad,2023,1,7,2023-01-01,2023-03-31,32643,258780.0,2553190.0,261340.0,2555750.0,72.65774550412745,23.081542429348488,1.0,16.58795166015625,0.07844710350036621,0.1786627471446991,0.04912824556231499,-0.30206212401390076,0.13634741306304932,True,tiles\Ahmedabad\2023\Ahmedabad_r01_c07.tif,18.0,0.0,"POLYGON ((72.670432 23.070174, 72.670033 23.09328, 72.645057 23.09291, 72.64546 23.069804, 72.670432 23.070174))"
Ahmedabad_r02_c00,Ahmedabad,2023,2,0,2023-01-01,2023-03-31,32643,240860.0,2550630.0,243420.0,2553190.0,72.48336930093376,23.05574919054648,1.0,16.996719360351562,0.05573779344558716,0.30801546573638916,0.007438911125063896,-0.38898351788520813,0.11237631738185883,True,tiles\Ahmedabad\2023\Ahmedabad_r02_c00.tif,18.0,0.0,"POLYGON ((72.496066 23.044396, 72.495639 23.067499, 72.47067 23.067101, 72.471102 23.043999, 72.496066 23.044396))"
Ahmedabad_r02_c01,Ahmedabad,2023,2,1,2023-01-01,2023-03-31,32643,243420.0,2550630.0,245980.0,2553190.0,72.50833574392071,23.0561448915282,1.0,16.847930908203125,0.0640038251876831,0.2639163136482239,-0.002830325160175562,-0.3295555114746094,0.12523630261421204,True,tiles\Ahmedabad\2023\Ahmedabad_r02_c01.tif,18.0,0.0,"POLYGON ((72.521031 23.04479, 72.520607 23.067893, 72.495639 23.067499, 72.496066 23.044396, 72.521031 23.04479))"
Ahmedabad_r02_c02,Ahmedabad,2023,2,2,2023-01-01,2023-03-31,32643,245980.0,2550630.0,248540.0,2553190.0,72.53330273522398,23.05653665605741,1.0,16.739181518554688,0.07004547119140625,0.17071233689785004,0.015598278492689133,-0.24752852320671082,0.15105611085891724,True,tiles\Ahmedabad\2023\Ahmedabad_r02_c02.tif,18.0,0.0,"POLYGON ((72.545996 23.045179, 72.545577 23.068283, 72.520607 23.067893, 72.521031 23.04479, 72.545996 23.045179))"
Ahmedabad_r02_c03,Ahmedabad,2023,2,3,2023-01-01,2023-03-31,32643,248540.0,2550630.0,251100.0,2553190.0,72.55827026936849,23.05692448378532,1.0,16.586624145507812,0.07852089405059814,0.16246482729911804,0.022061627358198166,-0.2441413700580597,0.1493990570306778,True,tiles\Ahmedabad\2023\Ahmedabad_r02_c03.tif,18.0,0.0,"POLYGON ((72.570962 23.045565, 72.570547 23.068669, 72.545577 23.068283, 72.545996 23.045179, 72.570962 23.045565))"
Ahmedabad_r02_c04,Ahmedabad,2023,2,4,2023-01-01,2023-03-31,32643,251100.0,2550630.0,253660.0,2553190.0,72.58323834087832,23.05730837436658,1.0,16.709732055664062,0.07168155908584595,0.14925453066825867,0.021771501749753952,-0.20411399006843567,0.11354789137840271,True,tiles\Ahmedabad\2023\Ahmedabad_r02_c04.tif,18.0,0.0,"POLYGON ((72.595928 23.045947, 72.595517 23.069052, 72.570547 23.068669, 72.570962 23.045565, 72.595928 23.045947))"
Ahmedabad_r02_c05,Ahmedabad,2023,2,5,2023-01-01,2023-03-31,32643,253660.0,2550630.0,256220.0,2553190.0,72.60820694427692,23.057688327459378,1.0,16.923660278320312,0.05979663133621216,0.2434586137533188,0.014623085036873817,-0.31790927052497864,0.1183708906173706,True,tiles\Ahmedabad\2023\Ahmedabad_r02_c05.tif,18.0,0.0,"POLYGON ((72.620895 23.046324, 72.620488 23.06943, 72.595517 23.069052, 72.595928 23.045947, 72.620895 23.046324))"
Ahmedabad_r02_c06,Ahmedabad,2023,2,6,2023-01-01,2023-03-31,32643,256220.0,2550630.0,258780.0,2553190.0,72.63317607408713,23.058064342725363,1.0,16.829208374023438,0.06504398584365845,0.14065375924110413,0.06427598744630814,-0.2826322317123413,0.14230433106422424,True,tiles\Ahmedabad\2023\Ahmedabad_r02_c06.tif,18.0,0.0,"POLYGON ((72.645862 23.046698, 72.64546 23.069804, 72.620488 23.06943, 72.620895 23.046324, 72.645862 23.046698))"
Ahmedabad_r02_c07,Ahmedabad,2023,2,7,2023-01-01,2023-03-31,32643,258780.0,2550630.0,261340.0,2553190.0,72.65814572483094,23.058436419829686,1.0,16.373687744140625,0.0903506875038147,0.15403597056865692,0.021522991359233856,-0.24566663801670074,0.17233072221279144,True,tiles\Ahmedabad\2023\Ahmedabad_r02_c07.tif,18.0,0.0,"POLYGON ((72.67083 23.047068, 72.670432 23.070174, 72.64546 23.069804, 72.645862 23.046698, 72.67083 23.047068))"
Ahmedabad_r03_c00,Ahmedabad,2023,3,0,2023-01-01,2023-03-31,32643,240860.0,2548070.0,243420.0,2550630.0,72.48379876276105,23.032646103046183,1.0,16.88720703125,0.061821818351745605,0.27413642406463623,-0.0015769393648952246,-0.34199821949005127,0.12369594722986221,True,tiles\Ahmedabad\2023\Ahmedabad_r03_c00.tif,18.0,0.0,"POLYGON ((72.496493 23.021293, 72.496066 23.044396, 72.471102 23.043999, 72.471533 23.020896, 72.496493 23.021293))"
Ahmedabad_r03_c01,Ahmedabad,2023,3,1,2023-01-01,2023-03-31,32643,243420.0,2548070.0,245980.0,2550630.0,72.50876095603603,23.033041362853417,1.0,16.626190185546875,0.07632279396057129,0.27945905923843384,-0.018871517851948738,-0.31521350145339966,0.11757025122642517,True,tiles\Ahmedabad\2023\Ahmedabad_r03_c01.tif,18.0,0.0,"POLYGON ((72.521454 23.021686, 72.521031 23.04479, 72.496066 23.044396, 72.496493 23.021293, 72.521454 23.021686))"
Ahmedabad_r03_c02,Ahmedabad,2023,3,2,2023-01-01,2023-03-31,32643,245980.0,2548070.0,248540.0,2550630.0,72.53372369721114,23.0334326905945,1.0,16.401443481445312,0.08880871534347534,0.2387416511774063,0.0007776517886668444,-0.29724541306495667,0.12913212180137634,True,tiles\Ahmedabad\2023\Ahmedabad_r03_c02.tif,18.0,0.0,"POLYGON ((72.546414 23.022075, 72.545996 23.045179, 72.521031 23.04479, 72.521454 23.021686, 72.546414 23.022075))"
Ahmedabad_r03_c03,Ahmedabad,2023,3,3,2023-01-01,2023-03-31,32643,248540.0,2548070.0,251100.0,2550630.0,72.55868698081547,23.033820085921082,1.0,16.255828857421875,0.09689837694168091,0.22781717777252197,-0.001401569345034659,-0.2759309709072113,0.12532876431941986,True,tiles\Ahmedabad\2023\Ahmedabad_r03_c03.tif,18.0,0.0,"POLYGON ((72.571376 23.02246, 72.570962 23.045565, 72.545996 23.045179, 72.546414 23.022075, 72.571376 23.02246))"
Ahmedabad_r03_c04,Ahmedabad,2023,3,4,2023-01-01,2023-03-31,32643,251100.0,2548070.0,253660.0,2550630.0,72.58365080137713,23.034203548488286,1.0,16.734649658203125,0.0702972412109375,0.11876325309276581,0.04349839687347412,-0.20464535057544708,0.11777610331773758,True,tiles\Ahmedabad\2023\Ahmedabad_r03_c04.tif,18.0,0.0,"POLYGON ((72.596338 23.022841, 72.595928 23.045947, 72.570962 23.045565, 72.571376 23.02246, 72.596338 23.022841))"
Ahmedabad_r03_c05,Ahmedabad,2023,3,5,2023-01-01,2023-03-31,32643,253660.0,2548070.0,256220.0,2550630.0,72.60861515342383,23.034583077954743,1.0,16.844253540039062,0.06420814990997314,0.18302001059055328,0.042016029357910156,-0.29286009073257446,0.1255662441253662,True,tiles\Ahmedabad\2023\Ahmedabad_r03_c05.tif,18.0,0.0,"POLYGON ((72.6213 23.023219, 72.620895 23.046324, 72.595928 23.045947, 72.596338 23.022841, 72.6213 23.023219))"
Ahmedabad_r03_c06,Ahmedabad,2023,3,6,2023-01-01,2023-03-31,32643,256220.0,2548070.0,258780.0,2550630.0,72.63358003148242,23.034958673982548,1.0,16.805252075195312,0.06637489795684814,0.14093045890331268,0.038609497249126434,-0.2458036243915558,0.14978113770484924,True,tiles\Ahmedabad\2023\Ahmedabad_r03_c06.tif,18.0,0.0,"POLYGON ((72.646263 23.023592, 72.645862 23.046698, 72.620895 23.046324, 72.6213 23.023219, 72.646263 23.023592))"
Ahmedabad_r03_c07,Ahmedabad,2023,3,7,2023-01-01,2023-03-31,32643,258780.0,2548070.0,261340.0,2550630.0,72.65854543007917,23.035330336237315,1.0,16.644317626953125,0.07531571388244629,0.1347758173942566,0.03997299075126648,-0.24544677138328552,0.15986187756061554,True,tiles\Ahmedabad\2023\Ahmedabad_r03_c07.tif,18.0,0.0,"POLYGON ((72.671227 23.023962, 72.67083 23.047068, 72.645862 23.046698, 72.646263 23.023592, 72.671227 23.023962))"
Ahmedabad_r04_c00,Ahmedabad,2023,4,0,2023-01-01,2023-03-31,32643,240860.0,2545510.0,243420.0,2548070.0,72.4842276712177,23.009542940544343,1.0,16.714019775390625,0.07144331932067871,0.326494038105011,0.008690647780895233,-0.4119802713394165,0.11018310487270355,True,tiles\Ahmedabad\2023\Ahmedabad_r04_c00.tif,18.0,0.0,"POLYGON ((72.49692 22.998189, 72.496493 23.021293, 72.471533 23.020896, 72.471964 22.997793, 72.49692 22.998189))"
Ahmedabad_r04_c01,Ahmedabad,2023,4,1,2023-01-01,2023-03-31,32643,243420.0,2545510.0,245980.0,2548070.0,72.50918562025105,23.009937759322803,1.0,16.728897094726562,0.07061684131622314,0.23668935894966125,-0.0014909892342984676,-0.29032793641090393,0.12903502583503723,True,tiles\Ahmedabad\2023\Ahmedabad_r04_c01.tif,18.0,0.0,"POLYGON ((72.521876 22.998582, 72.521454 23.021686, 72.496493 23.021293, 72.49692 22.998189, 72.521876 22.998582))"
Ahmedabad_r04_c02,Ahmedabad,2023,4,2,2023-01-01,2023-03-31,32643,245980.0,2545510.0,248540.0,2548070.0,72.53414411676907,23.010328650420007,1.0,16.78778076171875,0.0673454999923706,0.17742383480072021,0.018779300153255463,-0.25571274757385254,0.14623728394508362,True,tiles\Ahmedabad\2023\Ahmedabad_r04_c02.tif,18.0,0.0,"POLYGON ((72.546832 22.998971, 72.546414 23.022075, 72.521454 23.021686, 72.521876 22.998582, 72.546832 22.998971))"
Ahmedabad_r04_c03,Ahmedabad,2023,4,3,2023-01-01,2023-03-31,32643,248540.0,2545510.0,251100.0,2548070.0,72.55910315530484,23.01071561348808,1.0,16.8629150390625,0.06317138671875,0.17799876630306244,0.017222899943590164,-0.24400387704372406,0.13398052752017975,True,tiles\Ahmedabad\2023\Ahmedabad_r04_c03.tif,18.0,0.0,"POLYGON ((72.57179 22.999355, 72.571376 23.02246, 72.546414 23.022075, 72.546832 22.998971, 72.57179 22.999355))"
Ahmedabad_r04_c04,Ahmedabad,2023,4,4,2023-01-01,2023-03-31,32643,251100.0,2545510.0,253660.0,2548070.0,72.58406273039077,23.011098648182596,1.0,16.885391235351562,0.06192272901535034,0.14265407621860504,0.03827204927802086,-0.2289845496416092,0.12045040726661682,True,tiles\Ahmedabad\2023\Ahmedabad_r04_c04.tif,18.0,0.0,"POLYGON ((72.596747 22.999736, 72.596338 23.022841, 72.571376 23.02246, 72.57179 22.999355, 72.596747 22.999736))"
Ahmedabad_r04_c05,Ahmedabad,2023,4,5,2023-01-01,2023-03-31,32643,253660.0,2545510.0,256220.0,2548070.0,72.60902283655864,23.011477754162645,1.0,16.923995971679688,0.05977797508239746,0.16662058234214783,0.03716141730546951,-0.25480127334594727,0.1214531809091568,True,tiles\Ahmedabad\2023\Ahmedabad_r04_c05.tif,18.0,0.0,"POLYGON ((72.621706 23.000113, 72.6213 23.023219, 72.596338 23.022841, 72.596747 22.999736, 72.621706 23.000113))"
Ahmedabad_r04_c06,Ahmedabad,2023,4,6,2023-01-01,2023-03-31,32643,256220.0,2545510.0,258780.0,2548070.0,72.63398346833942,23.011852931090786,1.0,16.66070556640625,0.0744052529335022,0.12969113886356354,0.053755223751068115,-0.2556350529193878,0.13844656944274902,True,tiles\Ahmedabad\2023\Ahmedabad_r04_c06.tif,18.0,0.0,"POLYGON ((72.646664 23.000486, 72.646263 23.023592, 72.6213 23.023219, 72.621706 23.000113, 72.646664 23.000486))"
Ahmedabad_r04_c07,Ahmedabad,2023,4,7,2023-01-01,2023-03-31,32643,258780.0,2545510.0,261340.0,2548070.0,72.65894462026354,23.01222417863303,1.0,16.415634155273438,0.08802032470703125,0.15864916145801544,0.04361984506249428,-0.2770615220069885,0.1448846459388733,True,tiles\Ahmedabad\2023\Ahmedabad_r04_c07.tif,18.0,0.0,"POLYGON ((72.671624 23.000855, 72.671227 23.023962, 72.646263 23.023592, 72.646664 23.000486, 72.671624 23.000855))"
Ahmedabad_r05_c00,Ahmedabad,2023,5,0,2023-01-01,2023-03-31,32643,240860.0,2542950.0,243420.0,2545510.0,72.48465602672333,22.986439703104118,1.0,16.491500854492188,0.08380550146102905,0.2944762408733368,0.024112891405820847,-0.3997492790222168,0.11809679120779037,True,tiles\Ahmedabad\2023\Ahmedabad_r05_c00.tif,18.0,0.0,"POLYGON ((72.497346 22.975086, 72.49692 22.998189, 72.471964 22.997793, 72.472394 22.97469, 72.497346 22.975086))"
Ahmedabad_r05_c01,Ahmedabad,2023,5,1,2023-01-01,2023-03-31,32643,243420.0,2542950.0,245980.0,2545510.0,72.50960973698126,22.986834080999284,1.0,16.438125610351562,0.08677077293395996,0.19048580527305603,0.030179865658283234,-0.2895962595939636,0.14068648219108582,True,tiles\Ahmedabad\2023\Ahmedabad_r05_c01.tif,18.0,0.0,"POLYGON ((72.522298 22.975478, 72.521876 22.998582, 72.49692 22.998189, 72.497346 22.975086, 72.522298 22.975478))"
Ahmedabad_r05_c02,Ahmedabad,2023,5,2,2023-01-01,2023-03-31,32643,245980.0,2542950.0,248540.0,2545510.0,72.53456399430905,22.987224535596674,1.0,16.714401245117188,0.07142215967178345,0.2675521969795227,-0.0020951014012098312,-0.3246133029460907,0.1197252944111824,True,tiles\Ahmedabad\2023\Ahmedabad_r05_c02.tif,18.0,0.0,"POLYGON ((72.54725 22.975866, 72.546832 22.998971, 72.521876 22.998582, 72.522298 22.975478, 72.54725 22.975866))"
Ahmedabad_r05_c03,Ahmedabad,2023,5,3,2023-01-01,2023-03-31,32643,248540.0,2542950.0,251100.0,2545510.0,72.55951879324388,22.98761106654883,1.0,16.671432495117188,0.07380932569503784,0.24381200969219208,0.008724943734705448,-0.2930612564086914,0.10946930944919586,True,tiles\Ahmedabad\2023\Ahmedabad_r05_c03.tif,18.0,0.0,"POLYGON ((72.572203 22.976251, 72.57179 22.999355, 72.546832 22.998971, 72.54725 22.975866, 72.572203 22.976251))"
Ahmedabad_r05_c04,Ahmedabad,2023,5,4,2023-01-01,2023-03-31,32643,251100.0,2542950.0,253660.0,2545510.0,72.58447412832238,22.98799367351184,1.0,16.776779174804688,0.06795668601989746,0.15661583840847015,0.04885103553533554,-0.26954540610313416,0.13342374563217163,True,tiles\Ahmedabad\2023\Ahmedabad_r05_c04.tif,18.0,0.0,"POLYGON ((72.597156 22.976631, 72.596747 22.999736, 72.57179 22.999355, 72.572203 22.976251, 72.597156 22.976631))"
Ahmedabad_r05_c05,Ahmedabad,2023,5,5,2023-01-01,2023-03-31,32643,253660.0,2542950.0,256220.0,2545510.0,72.60942999408036,22.988372356145213,1.0,17.075881958007812,0.05133986473083496,0.1263507604598999,0.038270581513643265,-0.23016846179962158,0.15436290204524994,True,tiles\Ahmedabad\2023\Ahmedabad_r05_c05.tif,18.0,0.0,"POLYGON ((72.62211 22.977008, 72.621706 23.000113, 72.596747 22.999736, 72.597156 22.976631, 72.62211 22.977008))"
Ahmedabad_r05_c06,Ahmedabad,2023,5,6,2023-01-01,2023-03-31,32643,256220.0,2542950.0,258780.0,2545510.0,72.63438638505295,22.98874711411195,1.0,16.916961669921875,0.0601688027381897,0.15369148552417755,0.041405677795410156,-0.26683175563812256,0.14468427002429962,True,tiles\Ahmedabad\2023\Ahmedabad_r05_c06.tif,18.0,0.0,"POLYGON ((72.647065 22.97738, 72.646664 23.000486, 72.621706 23.000113, 72.62211 22.977008, 72.647065 22.97738))"
Ahmedabad_r05_c07,Ahmedabad,2023,5,7,2023-01-01,2023-03-31,32643,258780.0,2542950.0,261340.0,2545510.0,72.65934329577473,22.989117947078547,1.0,16.653533935546875,0.07480365037918091,0.22006964683532715,0.032241713255643845,-0.3274729251861572,0.1360393762588501,True,tiles\Ahmedabad\2023\Ahmedabad_r05_c07.tif,18.0,0.0,"POLYGON ((72.67202 22.977749, 72.671624 23.000855, 72.646664 23.000486, 72.647065 22.97738, 72.67202 22.977749))"
Ahmedabad_r06_c00,Ahmedabad,2023,6,0,2023-01-01,2023-03-31,32643,240860.0,2540390.0,243420.0,2542950.0,72.48508382969689,22.963336390788708,1.0,16.392593383789062,0.08930039405822754,0.42344436049461365,-0.07957424968481064,-0.3897970914840698,0.09211187809705734,True,tiles\Ahmedabad\2023\Ahmedabad_r06_c00.tif,18.0,0.0,"POLYGON ((72.497771 22.951982, 72.497346 22.975086, 72.472394 22.97469, 72.472824 22.951587, 72.497771 22.951982))"
Ahmedabad_r06_c01,Ahmedabad,2023,6,1,2023-01-01,2023-03-31,32643,243420.0,2540390.0,245980.0,2542950.0,72.51003330664145,22.963730327945854,1.0,16.592880249023438,0.07817333936691284,0.3829687237739563,-0.06775752454996109,-0.3525785803794861,0.09566331654787064,True,tiles\Ahmedabad\2023\Ahmedabad_r06_c01.tif,18.0,0.0,"POLYGON ((72.522719 22.952374, 72.522298 22.975478, 72.497346 22.975086, 72.497771 22.951982, 72.522719 22.952374))"
Ahmedabad_r06_c02,Ahmedabad,2023,6,2,2023-01-01,2023-03-31,32643,245980.0,2540390.0,248540.0,2542950.0,72.53498333024176,22.96412034618724,1.0,16.452194213867188,0.08598923683166504,0.3768852949142456,-0.01496991515159607,-0.41904959082603455,0.09549857676029205,True,tiles\Ahmedabad\2023\Ahmedabad_r06_c02.tif,18.0,0.0,"POLYGON ((72.547667 22.952762, 72.54725 22.975866, 72.522298 22.975478, 72.522719 22.952374, 72.547667 22.952762))"
Ahmedabad_r06_c03,Ahmedabad,2023,6,3,2023-01-01,2023-03-31,32643,248540.0,2540390.0,251100.0,2542950.0,72.55993389503918,22.964506445165902,1.0,17.066192626953125,0.05187821388244629,0.21807338297367096,0.06371507048606873,-0.3579941391944885,0.11400019377470016,True,tiles\Ahmedabad\2023\Ahmedabad_r06_c03.tif,18.0,0.0,"POLYGON ((72.572616 22.953146, 72.572203 22.976251, 72.54725 22.975866, 72.547667 22.952762, 72.572616 22.953146))"
Ahmedabad_r06_c04,Ahmedabad,2023,6,4,2023-01-01,2023-03-31,32643,251100.0,2540390.0,253660.0,2542950.0,72.58488499557438,22.964888624538354,1.0,16.822555541992188,0.06541359424591064,0.172078937292099,0.0696597546339035,-0.31732624769210815,0.12839564681053162,True,tiles\Ahmedabad\2023\Ahmedabad_r06_c04.tif,18.0,0.0,"POLYGON ((72.597565 22.953526, 72.597156 22.976631, 72.572203 22.976251, 72.572616 22.953146, 72.597565 22.953526))"
Ahmedabad_r06_c05,Ahmedabad,2023,6,5,2023-01-01,2023-03-31,32643,253660.0,2540390.0,256220.0,2542950.0,72.60983662638728,22.965266883964564,1.0,17.448379516601562,0.03064560890197754,0.1511920541524887,0.0453178733587265,-0.267575740814209,0.15295809507369995,True,tiles\Ahmedabad\2023\Ahmedabad_r06_c05.tif,18.0,0.0,"POLYGON ((72.622515 22.953902, 72.62211 22.977008, 72.597156 22.976631, 72.597565 22.953526, 72.622515 22.953902))"
Ahmedabad_r06_c06,Ahmedabad,2023,6,6,2023-01-01,2023-03-31,32643,256220.0,2540390.0,258780.0,2542950.0,72.63478878201721,22.965641223107994,1.0,17.37310791015625,0.034827351570129395,0.19193881750106812,0.04966726899147034,-0.30937716364860535,0.12329625338315964,True,tiles\Ahmedabad\2023\Ahmedabad_r06_c06.tif,18.0,0.0,"POLYGON ((72.647465 22.954274, 72.647065 22.97738, 72.62211 22.977008, 72.622515 22.953902, 72.647465 22.954274))"
Ahmedabad_r06_c07,Ahmedabad,2023,6,7,2023-01-01,2023-03-31,32643,258780.0,2540390.0,261340.0,2542950.0,72.6597414570028,22.96601164163559,1.0,16.421112060546875,0.0877159833908081,0.3133023977279663,0.01607697829604149,-0.396032452583313,0.10531443357467651,True,tiles\Ahmedabad\2023\Ahmedabad_r06_c07.tif,18.0,0.0,"POLYGON ((72.672416 22.954642, 72.67202 22.977749, 72.647065 22.97738, 72.647465 22.954274, 72.672416 22.954642))"
Ahmedabad_r07_c00,Ahmedabad,2023,7,0,2023-01-01,2023-03-31,32643,240860.0,2537830.0,243420.0,2540390.0,72.4855110805566,22.94023300366133,1.0,16.448501586914062,0.08619433641433716,0.43545812368392944,-0.1344446986913681,-0.3176671266555786,0.07733936607837677,True,tiles\Ahmedabad\2023\Ahmedabad_r07_c00.tif,18.0,0.0,"POLYGON ((72.498196 22.928879, 72.497771 22.951982, 72.472824 22.951587, 72.473253 22.928483, 72.498196 22.928879))"
Ahmedabad_r07_c01,Ahmedabad,2023,7,1,2023-01-01,2023-03-31,32643,243420.0,2537830.0,245980.0,2540390.0,72.51045632964575,22.940626500225505,1.0,16.659988403320312,0.07444506883621216,0.4686315655708313,-0.1033514067530632,-0.4029749035835266,0.08204411715269089,True,tiles\Ahmedabad\2023\Ahmedabad_r07_c01.tif,18.0,0.0,"POLYGON ((72.523139 22.92927, 72.522719 22.952374, 72.497771 22.951982, 72.498196 22.928879, 72.523139 22.92927))"
Ahmedabad_r07_c02,Ahmedabad,2023,7,2,2023-01-01,2023-03-31,32643,245980.0,2537830.0,248540.0,2540390.0,72.53540212497725,22.941016082254517,1.0,16.517562866210938,0.08235764503479004,0.3797359764575958,-0.061364222317934036,-0.3532763421535492,0.08294118940830231,True,tiles\Ahmedabad\2023\Ahmedabad_r07_c02.tif,18.0,0.0,"POLYGON ((72.548083 22.929657, 72.547667 22.952762, 72.522719 22.952374, 72.523139 22.92927, 72.548083 22.929657))"
Ahmedabad_r07_c03,Ahmedabad,2023,7,3,2023-01-01,2023-03-31,32643,248540.0,2537830.0,251100.0,2540390.0,72.56034846109658,22.941401749401862,1.0,16.7879638671875,0.06733536720275879,0.28853094577789307,0.042866457253694534,-0.408071905374527,0.11140553653240204,True,tiles\Ahmedabad\2023\Ahmedabad_r07_c03.tif,18.0,0.0,"POLYGON ((72.573028 22.930041, 72.572616 22.953146, 72.547667 22.952762, 72.548083 22.929657, 72.573028 22.930041))"
Ahmedabad_r07_c04,Ahmedabad,2023,7,4,2023-01-01,2023-03-31,32643,251100.0,2537830.0,253660.0,2540390.0,72.58529533254848,22.94178350132451,1.0,17.127304077148438,0.04848313331604004,0.27203744649887085,0.01545286551117897,-0.3496425151824951,0.12063828855752945,True,tiles\Ahmedabad\2023\Ahmedabad_r07_c04.tif,18.0,0.0,"POLYGON ((72.597973 22.93042, 72.597565 22.953526, 72.572616 22.953146, 72.573028 22.930041, 72.597973 22.93042))"
Ahmedabad_r07_c05,Ahmedabad,2023,7,5,2023-01-01,2023-03-31,32643,253660.0,2537830.0,256220.0,2540390.0,72.61024273387703,22.94216133768289,1.0,17.472412109375,0.02931046485900879,0.30325743556022644,0.007147855591028929,-0.3768517076969147,0.119065061211586,True,tiles\Ahmedabad\2023\Ahmedabad_r07_c05.tif,18.0,0.0,"POLYGON ((72.622918 22.930796, 72.622515 22.953902, 72.597565 22.953526, 72.597973 22.93042, 72.622918 22.930796))"
Ahmedabad_r07_c06,Ahmedabad,2023,7,6,2023-01-01,2023-03-31,32643,256220.0,2537830.0,258780.0,2540390.0,72.63519065962564,22.942535258140907,1.0,17.583663940429688,0.023129761219024658,0.2824828624725342,0.029835693538188934,-0.3880963623523712,0.11345173418521881,True,tiles\Ahmedabad\2023\Ahmedabad_r07_c06.tif,18.0,0.0,"POLYGON ((72.647864 22.931168, 72.647465 22.954274, 72.622515 22.953902, 72.622918 22.930796, 72.647864 22.931168))"
Ahmedabad_r07_c07,Ahmedabad,2023,7,7,2023-01-01,2023-03-31,32643,258780.0,2537830.0,261340.0,2540390.0,72.66013910433708,22.94290526236592,1.0,17.3388671875,0.03672957420349121,0.3359941840171814,0.01933158189058304,-0.4303871691226959,0.10903821140527725,True,tiles\Ahmedabad\2023\Ahmedabad_r07_c07.tif,18.0,0.0,"POLYGON ((72.672811 22.931536, 72.672416 22.954642, 72.647465 22.954274, 72.647864 22.931168, 72.672811 22.931536))"
Ahmedabad_r00_c00,Ahmedabad,2024,0,0,2024-01-01,2024-03-31,32643,240860.0,2555750.0,243420.0,2558310.0,72.48250871548521,23.101955140290002,1.0,13.67132568359375,0.19580435752868652,0.2896357774734497,0.0470382422208786,-0.404599666595459,0.12170623242855072,True,tiles\Ahmedabad\2024\Ahmedabad_r00_c00.tif,17.0,15.16,"POLYGON ((72.49521 23.090603, 72.494782 23.113706, 72.469805 23.113307, 72.470238 23.090204, 72.49521 23.090603))"
Ahmedabad_r00_c01,Ahmedabad,2024,0,1,2024-01-01,2024-03-31,32643,243420.0,2555750.0,245980.0,2558310.0,72.5074836743236,23.102351724058632,1.0,14.56048583984375,0.14350080490112305,0.3698580265045166,0.024118751287460327,-0.4621325135231018,0.10600753873586655,True,tiles\Ahmedabad\2024\Ahmedabad_r00_c01.tif,17.0,15.16,"POLYGON ((72.520183 23.090997, 72.519759 23.1141, 72.494782 23.113706, 72.49521 23.090603, 72.520183 23.090997))"
Ahmedabad_r00_c02,Ahmedabad,2024,0,2,2024-01-01,2024-03-31,32643,245980.0,2555750.0,248540.0,2558310.0,72.53245918231286,23.102744362597736,1.0,14.607711791992188,0.14072281122207642,0.2512029707431793,0.021592970937490463,-0.3377651274204254,0.13626134395599365,True,tiles\Ahmedabad\2024\Ahmedabad_r00_c02.tif,17.0,15.16,"POLYGON ((72.545157 23.091387, 72.544737 23.114491, 72.519759 23.1141, 72.520183 23.090997, 72.545157 23.091387))"
Ahmedabad_r00_c03,Ahmedabad,2024,0,3,2024-01-01,2024-03-31,32643,248540.0,2555750.0,251100.0,2558310.0,72.55743523396953,23.10313305555759,1.0,14.223602294921875,0.1633175015449524,0.21796762943267822,0.031835898756980896,-0.326462060213089,0.15254828333854675,True,tiles\Ahmedabad\2024\Ahmedabad_r00_c03.tif,17.0,15.16,"POLYGON ((72.570131 23.091774, 72.569715 23.114878, 72.544737 23.114491, 72.545157 23.091387, 72.570131 23.091774))"
Ahmedabad_r00_c04,Ahmedabad,2024,0,4,2024-01-01,2024-03-31,32643,251100.0,2555750.0,253660.0,2558310.0,72.58241182380942,23.103517802591934,1.0,13.983062744140625,0.17746686935424805,0.20641878247261047,0.02354901097714901,-0.2957078516483307,0.15373848378658295,True,tiles\Ahmedabad\2024\Ahmedabad_r00_c04.tif,17.0,15.16,"POLYGON ((72.595106 23.092156, 72.594694 23.115261, 72.569715 23.114878, 72.570131 23.091774, 72.595106 23.092156))"
Ahmedabad_r00_c05,Ahmedabad,2024,0,5,2024-01-01,2024-03-31,32643,253660.0,2555750.0,256220.0,2558310.0,72.60738894634775,23.10389860335805,1.0,14.7227783203125,0.1339542269706726,0.2865094542503357,-0.00010177493095397949,-0.35300779342651367,0.12579163908958435,True,tiles\Ahmedabad\2024\Ahmedabad_r00_c05.tif,17.0,15.16,"POLYGON ((72.620081 23.092535, 72.619674 23.11564, 72.594694 23.115261, 72.595106 23.092156, 72.620081 23.092535))"
Ahmedabad_r00_c06,Ahmedabad,2024,0,6,2024-01-01,2024-03-31,32643,256220.0,2555750.0,258780.0,2558310.0,72.63236659609893,23.10427545751668,1.0,13.92431640625,0.18092256784439087,0.34242600202560425,0.020799869671463966,-0.4280153810977936,0.10502465069293976,True,tiles\Ahmedabad\2024\Ahmedabad_r00_c06.tif,17.0,15.16,"POLYGON ((72.645057 23.09291, 72.644654 23.116015, 72.619674 23.11564, 72.620081 23.092535, 72.645057 23.09291))"
Ahmedabad_r00_c07,Ahmedabad,2024,0,7,2024-01-01,2024-03-31,32643,258780.0,2555750.0,261340.0,2558310.0,72.65734476757675,23.10464836473209,1.0,14.921035766601562,0.12229204177856445,0.28859734535217285,0.019650055095553398,-0.35939931869506836,0.1150473803281784,True,tiles\Ahmedabad\2024\Ahmedabad_r00_c07.tif,17.0,15.16,"POLYGON ((72.670033 23.09328, 72.669635 23.116387, 72.644654 23.116015, 72.645057 23.09291, 72.670033 23.09328))"
Ahmedabad_r01_c00,Ahmedabad,2024,1,0,2024-01-01,2024-03-31,32643,240860.0,2553190.0,243420.0,2555750.0,72.48293928531551,23.07885220298212,1.0,13.197402954101562,0.22368216514587402,0.3745531439781189,0.007530785631388426,-0.4431391656398773,0.10488169640302658,True,tiles\Ahmedabad\2024\Ahmedabad_r01_c00.tif,17.0,15.16,"POLYGON ((72.495639 23.067499, 72.49521 23.090603, 72.470238 23.090204, 72.47067 23.067101, 72.495639 23.067499))"
Ahmedabad_r01_c01,Ahmedabad,2024,1,1,2024-01-01,2024-03-31,32643,243420.0,2553190.0,245980.0,2555750.0,72.50790998348886,23.07924834528423,1.0,13.638626098632812,0.19772785902023315,0.2886982560157776,0.009917915798723698,-0.358031690120697,0.12814763188362122,True,tiles\Ahmedabad\2024\Ahmedabad_r01_c01.tif,17.0,15.16,"POLYGON ((72.520607 23.067893, 72.520183 23.090997, 72.49521 23.090603, 72.495639 23.067499, 72.520607 23.067893))"
Ahmedabad_r01_c02,Ahmedabad,2024,1,2,2024-01-01,2024-03-31,32643,245980.0,2553190.0,248540.0,2555750.0,72.53288123039547,23.07964054674605,1.0,14.49530029296875,0.14733529090881348,0.200107142329216,0.022518090903759003,-0.2867814600467682,0.14895698428153992,True,tiles\Ahmedabad\2024\Ahmedabad_r01_c02.tif,17.0,15.16,"POLYGON ((72.545577 23.068283, 72.545157 23.091387, 72.520183 23.090997, 72.520607 23.067893, 72.545577 23.068283))"
Ahmedabad_r01_c03,Ahmedabad,2024,1,3,2024-01-01,2024-03-31,32643,248540.0,2553190.0,251100.0,2555750.0,72.55785302055604,23.080028807018305,1.0,13.580001831054688,0.20117634534835815,0.13830886781215668,0.03720898553729057,-0.24269232153892517,0.17589323222637177,True,tiles\Ahmedabad\2024\Ahmedabad_r01_c03.tif,17.0,15.16,"POLYGON ((72.570547 23.068669, 72.570131 23.091774, 72.545157 23.091387, 72.545577 23.068283, 72.570547 23.068669))"
Ahmedabad_r01_c04,Ahmedabad,2024,1,4,2024-01-01,2024-03-31,32643,251100.0,2553190.0,253660.0,2555750.0,72.58282534849057,23.080413125755214,1.0,14.902664184570312,0.12337267398834229,0.19563156366348267,0.02906939387321472,-0.2890050411224365,0.14283111691474915,True,tiles\Ahmedabad\2024\Ahmedabad_r01_c04.tif,17.0,15.16,"POLYGON ((72.595517 23.069052, 72.595106 23.092156, 72.570131 23.091774, 72.570547 23.068669, 72.595517 23.069052))"
Ahmedabad_r01_c05,Ahmedabad,2024,1,5,2024-01-01,2024-03-31,32643,253660.0,2553190.0,256220.0,2555750.0,72.60779820871835,23.080793502614494,1.0,14.393630981445312,0.15331584215164185,0.2822383642196655,0.005589580163359642,-0.30347496271133423,0.0962517112493515,True,tiles\Ahmedabad\2024\Ahmedabad_r01_c05.tif,17.0,15.16,"POLYGON ((72.620488 23.06943, 72.620081 23.092535, 72.595106 23.092156, 72.595517 23.069052, 72.620488 23.06943))"
Ahmedabad_r01_c06,Ahmedabad,2024,1,6,2024-01-01,2024-03-31,32643,256220.0,2553190.0,258780.0,2555750.0,72.63277159575802,23.081169937257354,1.0,14.577255249023438,0.1425144076347351,0.2001357078552246,0.055859215557575226,-0.30833882093429565,0.1332653909921646,True,tiles\Ahmedabad\2024\Ahmedabad_r01_c06.tif,17.0,15.16,"POLYGON ((72.64546 23.069804, 72.645057 23.09291, 72.620081 23.092535, 72.620488 23.06943, 72.64546 23.069804))"
Ahmedabad_r01_c07,Ahmedabad,2024,1,7,2024-01-01,2024-03-31,32643,258780.0,2553190.0,261340.0,2555750.0,72.65774550412745,23.081542429348488,1.0,15.139511108398438,0.10944050550460815,0.18022559583187103,0.05411664769053459,-0.3024577498435974,0.14107868075370789,True,tiles\Ahmedabad\2024\Ahmedabad_r01_c07.tif,17.0,15.16,"POLYGON ((72.670432 23.070174, 72.670033 23.09328, 72.645057 23.09291, 72.64546 23.069804, 72.670432 23.070174))"
Ahmedabad_r02_c00,Ahmedabad,2024,2,0,2024-01-01,2024-03-31,32643,240860.0,2550630.0,243420.0,2553190.0,72.48336930093376,23.05574919054648,1.0,13.183074951171875,0.22452497482299805,0.3001580834388733,0.02133394032716751,-0.3881736397743225,0.11789989471435547,True,tiles\Ahmedabad\2024\Ahmedabad_r02_c00.tif,17.0,15.16,"POLYGON ((72.496066 23.044396, 72.495639 23.067499, 72.47067 23.067101, 72.471102 23.043999, 72.496066 23.044396))"
Ahmedabad_r02_c01,Ahmedabad,2024,2,1,2024-01-01,2024-03-31,32643,243420.0,2550630.0,245980.0,2553190.0,72.50833574392071,23.0561448915282,1.0,13.946990966796875,0.17958879470825195,0.2664427161216736,0.0042248014360666275,-0.33387741446495056,0.12935961782932281,True,tiles\Ahmedabad\2024\Ahmedabad_r02_c01.tif,17.0,15.16,"POLYGON ((72.521031 23.04479, 72.520607 23.067893, 72.495639 23.067499, 72.496066 23.044396, 72.521031 23.04479))"
Ahmedabad_r02_c02,Ahmedabad,2024,2,2,2024-01-01,2024-03-31,32643,245980.0,2550630.0,248540.0,2553190.0,72.53330273522398,23.05653665605741,1.0,13.631500244140625,0.19814705848693848,0.1712314933538437,0.016594519838690758,-0.24700109660625458,0.1584296077489853,True,tiles\Ahmedabad\2024\Ahmedabad_r02_c02.tif,17.0,15.16,"POLYGON ((72.545996 23.045179, 72.545577 23.068283, 72.520607 23.067893, 72.521031 23.04479, 72.545996 23.045179))"
Ahmedabad_r02_c03,Ahmedabad,2024,2,3,2024-01-01,2024-03-31,32643,248540.0,2550630.0,251100.0,2553190.0,72.55827026936849,23.05692448378532,1.0,13.064788818359375,0.23148298263549805,0.16299034655094147,0.02326170541346073,-0.2444121539592743,0.15557822585105896,True,tiles\Ahmedabad\2024\Ahmedabad_r02_c03.tif,17.0,15.16,"POLYGON ((72.570962 23.045565, 72.570547 23.068669, 72.545577 23.068283, 72.545996 23.045179, 72.570962 23.045565))"
Ahmedabad_r02_c04,Ahmedabad,2024,2,4,2024-01-01,2024-03-31,32643,251100.0,2550630.0,253660.0,2553190.0,72.58323834087832,23.05730837436658,1.0,14.31982421875,0.15765738487243652,0.156402587890625,0.04219016432762146,-0.2263634204864502,0.1184319481253624,True,tiles\Ahmedabad\2024\Ahmedabad_r02_c04.tif,17.0,15.16,"POLYGON ((72.595928 23.045947, 72.595517 23.069052, 72.570547 23.068669, 72.570962 23.045565, 72.595928 23.045947))"
Ahmedabad_r02_c05,Ahmedabad,2024,2,5,2024-01-01,2024-03-31,32643,253660.0,2550630.0,256220.0,2553190.0,72.60820694427692,23.057688327459378,1.0,14.380294799804688,0.15410029888153076,0.24964101612567902,0.016731752082705498,-0.3208180069923401,0.12558528780937195,True,tiles\Ahmedabad\2024\Ahmedabad_r02_c05.tif,17.0,15.16,"POLYGON ((72.620895 23.046324, 72.620488 23.06943, 72.595517 23.069052, 72.595928 23.045947, 72.620895 23.046324))"
Ahmedabad_r02_c06,Ahmedabad,2024,2,6,2024-01-01,2024-03-31,32643,256220.0,2550630.0,258780.0,2553190.0,72.63317607408713,23.058064342725363,1.0,14.745468139648438,0.13261950016021729,0.13849186897277832,0.06908629089593887,-0.2814010977745056,0.15116047859191895,True,tiles\Ahmedabad\2024\Ahmedabad_r02_c06.tif,17.0,15.16,"POLYGON ((72.645862 23.046698, 72.64546 23.069804, 72.620488 23.06943, 72.620895 23.046324, 72.645862 23.046698))"
Ahmedabad_r02_c07,Ahmedabad,2024,2,7,2024-01-01,2024-03-31,32643,258780.0,2550630.0,261340.0,2553190.0,72.65814572483094,23.058436419829686,1.0,15.181716918945312,0.10695785284042358,0.1462407261133194,0.027639612555503845,-0.24187323451042175,0.1806667596101761,True,tiles\Ahmedabad\2024\Ahmedabad_r02_c07.tif,17.0,15.16,"POLYGON ((72.67083 23.047068, 72.670432 23.070174, 72.64546 23.069804, 72.645862 23.046698, 72.67083 23.047068))"
Ahmedabad_r03_c00,Ahmedabad,2024,3,0,2024-01-01,2024-03-31,32643,240860.0,2548070.0,243420.0,2550630.0,72.48379876276105,23.032646103046183,1.0,13.411956787109375,0.21106135845184326,0.2792556583881378,3.2896874472498894e-05,-0.34209901094436646,0.12662342190742493,True,tiles\Ahmedabad\2024\Ahmedabad_r03_c00.tif,17.0,15.16,"POLYGON ((72.496493 23.021293, 72.496066 23.044396, 72.471102 23.043999, 72.471533 23.020896, 72.496493 23.021293))"
Ahmedabad_r03_c01,Ahmedabad,2024,3,1,2024-01-01,2024-03-31,32643,243420.0,2548070.0,245980.0,2550630.0,72.50876095603603,23.033041362853417,1.0,13.633575439453125,0.19802498817443848,0.28433501720428467,-0.022053373977541924,-0.3117750883102417,0.12126020342111588,True,tiles\Ahmedabad\2024\Ahmedabad_r03_c01.tif,17.0,15.16,"POLYGON ((72.521454 23.021686, 72.521031 23.04479, 72.496066 23.044396, 72.496493 23.021293, 72.521454 23.021686))"
Ahmedabad_r03_c02,Ahmedabad,2024,3,2,2024-01-01,2024-03-31,32643,245980.0,2548070.0,248540.0,2550630.0,72.53372369721114,23.0334326905945,1.0,12.882232666015625,0.24222159385681152,0.2455613762140274,-0.0005137466359883547,-0.2995097041130066,0.1333577036857605,True,tiles\Ahmedabad\2024\Ahmedabad_r03_c02.tif,17.0,15.16,"POLYGON ((72.546414 23.022075, 72.545996 23.045179, 72.521031 23.04479, 72.521454 23.021686, 72.546414 23.022075))"
Ahmedabad_r03_c03,Ahmedabad,2024,3,3,2024-01-01,2024-03-31,32643,248540.0,2548070.0,251100.0,2550630.0,72.55868698081547,23.033820085921082,1.0,12.1077880859375,0.2877771854400635,0.23445087671279907,-0.0018704398535192013,-0.27996882796287537,0.13007432222366333,True,tiles\Ahmedabad\2024\Ahmedabad_r03_c03.tif,17.0,15.16,"POLYGON ((72.571376 23.02246, 72.570962 23.045565, 72.545996 23.045179, 72.546414 23.022075, 72.571376 23.02246))"
Ahmedabad_r03_c04,Ahmedabad,2024,3,4,2024-01-01,2024-03-31,32643,251100.0,2548070.0,253660.0,2550630.0,72.58365080137713,23.034203548488286,1.0,13.707626342773438,0.19366902112960815,0.11874356120824814,0.056654199957847595,-0.21531431376934052,0.12404489517211914,True,tiles\Ahmedabad\2024\Ahmedabad_r03_c04.tif,17.0,15.16,"POLYGON ((72.596338 23.022841, 72.595928 23.045947, 72.570962 23.045565, 72.571376 23.02246, 72.596338 23.022841))"
Ahmedabad_r03_c05,Ahmedabad,2024,3,5,2024-01-01,2024-03-31,32643,253660.0,2548070.0,256220.0,2550630.0,72.60861515342383,23.034583077954743,1.0,14.283523559570312,0.1597927212715149,0.1821879744529724,0.043777450919151306,-0.29064059257507324,0.13297730684280396,True,tiles\Ahmedabad\2024\Ahmedabad_r03_c05.tif,17.0,15.16,"POLYGON ((72.6213 23.023219, 72.620895 23.046324, 72.595928 23.045947, 72.596338 23.022841, 72.6213 23.023219))"
Ahmedabad_r03_c06,Ahmedabad,2024,3,6,2024-01-01,2024-03-31,32643,256220.0,2548070.0,258780.0,2550630.0,72.63358003148242,23.034958673982548,1.0,14.73651123046875,0.13314640522003174,0.13362286984920502,0.04508264362812042,-0.2432679682970047,0.15967419743537903,True,tiles\Ahmedabad\2024\Ahmedabad_r03_c06.tif,17.0,15.16,"POLYGON ((72.646263 23.023592, 72.645862 23.046698, 72.620895 23.046324, 72.6213 23.023219, 72.646263 23.023592))"
Ahmedabad_r03_c07,Ahmedabad,2024,3,7,2024-01-01,2024-03-31,32643,258780.0,2548070.0,261340.0,2550630.0,72.65854543007917,23.035330336237315,1.0,14.389617919921875,0.1535518765449524,0.12593278288841248,0.04184296727180481,-0.23611104488372803,0.16874712705612183,True,tiles\Ahmedabad\2024\Ahmedabad_r03_c07.tif,17.0,15.16,"POLYGON ((72.671227 23.023962, 72.67083 23.047068, 72.645862 23.046698, 72.646263 23.023592, 72.671227 23.023962))"
Ahmedabad_r04_c00,Ahmedabad,2024,4,0,2024-01-01,2024-03-31,32643,240860.0,2545510.0,243420.0,2548070.0,72.4842276712177,23.009542940544343,1.0,13.883514404296875,0.18332266807556152,0.32801830768585205,0.01735430583357811,-0.4134098291397095,0.11360611766576767,True,tiles\Ahmedabad\2024\Ahmedabad_r04_c00.tif,17.0,15.16,"POLYGON ((72.49692 22.998189, 72.496493 23.021293, 72.471533 23.020896, 72.471964 22.997793, 72.49692 22.998189))"
Ahmedabad_r04_c01,Ahmedabad,2024,4,1,2024-01-01,2024-03-31,32643,243420.0,2545510.0,245980.0,2548070.0,72.50918562025105,23.009937759322803,1.0,13.650375366210938,0.1970367431640625,0.23808002471923828,-0.0024539711885154247,-0.2873196005821228,0.13379153609275818,True,tiles\Ahmedabad\2024\Ahmedabad_r04_c01.tif,17.0,15.16,"POLYGON ((72.521876 22.998582, 72.521454 23.021686, 72.496493 23.021293, 72.49692 22.998189, 72.521876 22.998582))"
Ahmedabad_r04_c02,Ahmedabad,2024,4,2,2024-01-01,2024-03-31,32643,245980.0,2545510.0,248540.0,2548070.0,72.53414411676907,23.010328650420007,1.0,12.629608154296875,0.25708186626434326,0.1762758046388626,0.024525439366698265,-0.2603559195995331,0.15234224498271942,True,tiles\Ahmedabad\2024\Ahmedabad_r04_c02.tif,17.0,15.16,"POLYGON ((72.546832 22.998971, 72.546414 23.022075, 72.521454 23.021686, 72.521876 22.998582, 72.546832 22.998971))"
Ahmedabad_r04_c03,Ahmedabad,2024,4,3,2024-01-01,2024-03-31,32643,248540.0,2545510.0,251100.0,2548070.0,72.55910315530484,23.01071561348808,1.0,12.977874755859375,0.23659563064575195,0.17687883973121643,0.026762396097183228,-0.25164371728897095,0.14010165631771088,True,tiles\Ahmedabad\2024\Ahmedabad_r04_c03.tif,17.0,15.16,"POLYGON ((72.57179 22.999355, 72.571376 23.02246, 72.546414 23.022075, 72.546832 22.998971, 72.57179 22.999355))"
Ahmedabad_r04_c04,Ahmedabad,2024,4,4,2024-01-01,2024-03-31,32643,251100.0,2545510.0,253660.0,2548070.0,72.58406273039077,23.011098648182596,1.0,14.312911987304688,0.15806400775909424,0.13981883227825165,0.05241643637418747,-0.23921015858650208,0.12591786682605743,True,tiles\Ahmedabad\2024\Ahmedabad_r04_c04.tif,17.0,15.16,"POLYGON ((72.596747 22.999736, 72.596338 23.022841, 72.571376 23.02246, 72.57179 22.999355, 72.596747 22.999736))"
Ahmedabad_r04_c05,Ahmedabad,2024,4,5,2024-01-01,2024-03-31,32643,253660.0,2545510.0,256220.0,2548070.0,72.60902283655864,23.011477754162645,1.0,14.2225341796875,0.16338032484054565,0.1610998809337616,0.042431123554706573,-0.25383907556533813,0.12833628058433533,True,tiles\Ahmedabad\2024\Ahmedabad_r04_c05.tif,17.0,15.16,"POLYGON ((72.621706 23.000113, 72.6213 23.023219, 72.596338 23.022841, 72.596747 22.999736, 72.621706 23.000113))"
Ahmedabad_r04_c06,Ahmedabad,2024,4,6,2024-01-01,2024-03-31,32643,256220.0,2545510.0,258780.0,2548070.0,72.63398346833942,23.011852931090786,1.0,14.309555053710938,0.1582614779472351,0.12120482325553894,0.05797555297613144,-0.25200480222702026,0.14469511806964874,True,tiles\Ahmedabad\2024\Ahmedabad_r04_c06.tif,17.0,15.16,"POLYGON ((72.646664 23.000486, 72.646263 23.023592, 72.6213 23.023219, 72.621706 23.000113, 72.646664 23.000486))"
Ahmedabad_r04_c07,Ahmedabad,2024,4,7,2024-01-01,2024-03-31,32643,258780.0,2545510.0,261340.0,2548070.0,72.65894462026354,23.01222417863303,1.0,13.934829711914062,0.18030411005020142,0.15048374235630035,0.04872097074985504,-0.2736712396144867,0.1492367684841156,True,tiles\Ahmedabad\2024\Ahmedabad_r04_c07.tif,17.0,15.16,"POLYGON ((72.671624 23.000855, 72.671227 23.023962, 72.646263 23.023592, 72.646664 23.000486, 72.671624 23.000855))"
Ahmedabad_r05_c00,Ahmedabad,2024,5,0,2024-01-01,2024-03-31,32643,240860.0,2542950.0,243420.0,2545510.0,72.48465602672333,22.986439703104118,1.0,14.049072265625,0.173583984375,0.2767971158027649,0.04015640914440155,-0.38897329568862915,0.12313893437385559,True,tiles\Ahmedabad\2024\Ahmedabad_r05_c00.tif,17.0,15.16,"POLYGON ((72.497346 22.975086, 72.49692 22.998189, 72.471964 22.997793, 72.472394 22.97469, 72.497346 22.975086))"
Ahmedabad_r05_c01,Ahmedabad,2024,5,1,2024-01-01,2024-03-31,32643,243420.0,2542950.0,245980.0,2545510.0,72.50960973698126,22.986834080999284,1.0,13.526046752929688,0.20435017347335815,0.18523278832435608,0.03342452645301819,-0.283825159072876,0.14619582891464233,True,tiles\Ahmedabad\2024\Ahmedabad_r05_c01.tif,17.0,15.16,"POLYGON ((72.522298 22.975478, 72.521876 22.998582, 72.49692 22.998189, 72.497346 22.975086, 72.522298 22.975478))"
Ahmedabad_r05_c02,Ahmedabad,2024,5,2,2024-01-01,2024-03-31,32643,245980.0,2542950.0,248540.0,2545510.0,72.53456399430905,22.987224535596674,1.0,13.410049438476562,0.21117353439331055,0.270128458738327,0.004138492047786713,-0.3310666084289551,0.12262570858001709,True,tiles\Ahmedabad\2024\Ahmedabad_r05_c02.tif,17.0,15.16,"POLYGON ((72.54725 22.975866, 72.546832 22.998971, 72.521876 22.998582, 72.522298 22.975478, 72.54725 22.975866))"
Ahmedabad_r05_c03,Ahmedabad,2024,5,3,2024-01-01,2024-03-31,32643,248540.0,2542950.0,251100.0,2545510.0,72.55951879324388,22.98761106654883,1.0,13.631973266601562,0.19811922311782837,0.23213666677474976,0.02946157567203045,-0.30252423882484436,0.11312901973724365,True,tiles\Ahmedabad\2024\Ahmedabad_r05_c03.tif,17.0,15.16,"POLYGON ((72.572203 22.976251, 72.57179 22.999355, 72.546832 22.998971, 72.54725 22.975866, 72.572203 22.976251))"
Ahmedabad_r05_c04,Ahmedabad,2024,5,4,2024-01-01,2024-03-31,32643,251100.0,2542950.0,253660.0,2545510.0,72.58447412832238,22.98799367351184,1.0,14.083663940429688,0.17154920101165771,0.15990962088108063,0.053595997393131256,-0.2776082754135132,0.13847526907920837,True,tiles\Ahmedabad\2024\Ahmedabad_r05_c04.tif,17.0,15.16,"POLYGON ((72.597156 22.976631, 72.596747 22.999736, 72.57179 22.999355, 72.572203 22.976251, 72.597156 22.976631))"
Ahmedabad_r05_c05,Ahmedabad,2024,5,5,2024-01-01,2024-03-31,32643,253660.0,2542950.0,256220.0,2545510.0,72.60942999408036,22.988372356145213,1.0,13.977447509765625,0.17779719829559326,0.1178734228014946,0.04215369373559952,-0.22611938416957855,0.1573827564716339,True,tiles\Ahmedabad\2024\Ahmedabad_r05_c05.tif,17.0,15.16,"POLYGON ((72.62211 22.977008, 72.621706 23.000113, 72.596747 22.999736, 72.597156 22.976631, 72.62211 22.977008))"
Ahmedabad_r05_c06,Ahmedabad,2024,5,6,2024-01-01,2024-03-31,32643,256220.0,2542950.0,258780.0,2545510.0,72.63438638505295,22.98874711411195,1.0,14.526321411132812,0.1455104947090149,0.1386532038450241,0.04943934082984924,-0.26342183351516724,0.1483076959848404,True,tiles\Ahmedabad\2024\Ahmedabad_r05_c06.tif,17.0,15.16,"POLYGON ((72.647065 22.97738, 72.646664 23.000486, 72.621706 23.000113, 72.62211 22.977008, 72.647065 22.97738))"
Ahmedabad_r05_c07,Ahmedabad,2024,5,7,2024-01-01,2024-03-31,32643,258780.0,2542950.0,261340.0,2545510.0,72.65934329577473,22.989117947078547,1.0,14.172378540039062,0.16633069515228271,0.21266865730285645,0.033663060516119,-0.31961995363235474,0.13783907890319824,True,tiles\Ahmedabad\2024\Ahmedabad_r05_c07.tif,17.0,15.16,"POLYGON ((72.67202 22.977749, 72.671624 23.000855, 72.646664 23.000486, 72.647065 22.97738, 72.67202 22.977749))"
Ahmedabad_r06_c00,Ahmedabad,2024,6,0,2024-01-01,2024-03-31,32643,240860.0,2540390.0,243420.0,2542950.0,72.48508382969689,22.963336390788708,1.0,13.037841796875,0.23306810855865479,0.39269083738327026,-0.0550139956176281,-0.383558452129364,0.10063998401165009,True,tiles\Ahmedabad\2024\Ahmedabad_r06_c00.tif,17.0,15.16,"POLYGON ((72.497771 22.951982, 72.497346 22.975086, 72.472394 22.97469, 72.472824 22.951587, 72.497771 22.951982))"
Ahmedabad_r06_c01,Ahmedabad,2024,6,1,2024-01-01,2024-03-31,32643,243420.0,2540390.0,245980.0,2542950.0,72.51003330664145,22.963730327945854,1.0,13.364181518554688,0.21387165784835815,0.38923826813697815,-0.06204037368297577,-0.3602980971336365,0.09904549270868301,True,tiles\Ahmedabad\2024\Ahmedabad_r06_c01.tif,17.0,15.16,"POLYGON ((72.522719 22.952374, 72.522298 22.975478, 72.497346 22.975086, 72.497771 22.951982, 72.522719 22.952374))"
Ahmedabad_r06_c02,Ahmedabad,2024,6,2,2024-01-01,2024-03-31,32643,245980.0,2540390.0,248540.0,2542950.0,72.53498333024176,22.96412034618724,1.0,13.762130737304688,0.1904628872871399,0.3660653233528137,0.0017337468452751637,-0.4159642457962036,0.09785620868206024,True,tiles\Ahmedabad\2024\Ahmedabad_r06_c02.tif,17.0,15.16,"POLYGON ((72.547667 22.952762, 72.54725 22.975866, 72.522298 22.975478, 72.522719 22.952374, 72.547667 22.952762))"
Ahmedabad_r06_c03,Ahmedabad,2024,6,3,2024-01-01,2024-03-31,32643,248540.0,2540390.0,251100.0,2542950.0,72.55993389503918,22.964506445165902,1.0,13.640090942382812,0.19764173030853271,0.21674326062202454,0.07374224811792374,-0.3625127375125885,0.11521579325199127,True,tiles\Ahmedabad\2024\Ahmedabad_r06_c03.tif,17.0,15.16,"POLYGON ((72.572616 22.953146, 72.572203 22.976251, 72.54725 22.975866, 72.547667 22.952762, 72.572616 22.953146))"
Ahmedabad_r06_c04,Ahmedabad,2024,6,4,2024-01-01,2024-03-31,32643,251100.0,2540390.0,253660.0,2542950.0,72.58488499557438,22.964888624538354,1.0,14.349227905273438,0.15592777729034424,0.1639895737171173,0.07408671826124191,-0.31387707591056824,0.13024857640266418,True,tiles\Ahmedabad\2024\Ahmedabad_r06_c04.tif,17.0,15.16,"POLYGON ((72.597565 22.953526, 72.597156 22.976631, 72.572203 22.976251, 72.572616 22.953146, 72.597565 22.953526))"
Ahmedabad_r06_c05,Ahmedabad,2024,6,5,2024-01-01,2024-03-31,32643,253660.0,2540390.0,256220.0,2542950.0,72.60983662638728,22.965266883964564,1.0,14.362380981445312,0.1551540493965149,0.1385158747434616,0.05338776111602783,-0.26549941301345825,0.15542131662368774,True,tiles\Ahmedabad\2024\Ahmedabad_r06_c05.tif,17.0,15.16,"POLYGON ((72.622515 22.953902, 72.62211 22.977008, 72.597156 22.976631, 72.597565 22.953526, 72.622515 22.953902))"
Ahmedabad_r06_c06,Ahmedabad,2024,6,6,2024-01-01,2024-03-31,32643,256220.0,2540390.0,258780.0,2542950.0,72.63478878201721,22.965641223107994,1.0,14.310928344726562,0.15818071365356445,0.17298676073551178,0.05937449261546135,-0.3055019974708557,0.12206397205591202,True,tiles\Ahmedabad\2024\Ahmedabad_r06_c06.tif,17.0,15.16,"POLYGON ((72.647465 22.954274, 72.647065 22.97738, 72.62211 22.977008, 72.622515 22.953902, 72.647465 22.954274))"
Ahmedabad_r06_c07,Ahmedabad,2024,6,7,2024-01-01,2024-03-31,32643,258780.0,2540390.0,261340.0,2542950.0,72.6597414570028,22.96601164163559,1.0,14.468643188476562,0.14890336990356445,0.30478739738464355,0.02459976263344288,-0.3930177092552185,0.10616322606801987,True,tiles\Ahmedabad\2024\Ahmedabad_r06_c07.tif,17.0,15.16,"POLYGON ((72.672416 22.954642, 72.67202 22.977749, 72.647065 22.97738, 72.647465 22.954274, 72.672416 22.954642))"
Ahmedabad_r07_c00,Ahmedabad,2024,7,0,2024-01-01,2024-03-31,32643,240860.0,2537830.0,243420.0,2540390.0,72.4855110805566,22.94023300366133,1.0,13.199005126953125,0.22358793020248413,0.463295042514801,-0.11784892529249191,-0.358603835105896,0.08039902150630951,True,tiles\Ahmedabad\2024\Ahmedabad_r07_c00.tif,17.0,15.16,"POLYGON ((72.498196 22.928879, 72.497771 22.951982, 72.472824 22.951587, 72.473253 22.928483, 72.498196 22.928879))"
Ahmedabad_r07_c01,Ahmedabad,2024,7,1,2024-01-01,2024-03-31,32643,243420.0,2537830.0,245980.0,2540390.0,72.51045632964575,22.940626500225505,1.0,13.839385986328125,0.18591845035552979,0.4527944028377533,-0.08554679900407791,-0.3940209150314331,0.08871684968471527,True,tiles\Ahmedabad\2024\Ahmedabad_r07_c01.tif,17.0,15.16,"POLYGON ((72.523139 22.92927, 72.522719 22.952374, 72.497771 22.951982, 72.498196 22.928879, 72.523139 22.92927))"
Ahmedabad_r07_c02,Ahmedabad,2024,7,2,2024-01-01,2024-03-31,32643,245980.0,2537830.0,248540.0,2540390.0,72.53540212497725,22.941016082254517,1.0,13.38299560546875,0.21276497840881348,0.4099608063697815,-0.06807634234428406,-0.36778712272644043,0.08535516262054443,True,tiles\Ahmedabad\2024\Ahmedabad_r07_c02.tif,17.0,15.16,"POLYGON ((72.548083 22.929657, 72.547667 22.952762, 72.522719 22.952374, 72.523139 22.92927, 72.548083 22.929657))"
Ahmedabad_r07_c03,Ahmedabad,2024,7,3,2024-01-01,2024-03-31,32643,248540.0,2537830.0,251100.0,2540390.0,72.56034846109658,22.941401749401862,1.0,14.233901977539062,0.16271162033081055,0.270232617855072,0.046892113983631134,-0.3919298052787781,0.11563185602426529,True,tiles\Ahmedabad\2024\Ahmedabad_r07_c03.tif,17.0,15.16,"POLYGON ((72.573028 22.930041, 72.572616 22.953146, 72.547667 22.952762, 72.548083 22.929657, 72.573028 22.930041))"
Ahmedabad_r07_c04,Ahmedabad,2024,7,4,2024-01-01,2024-03-31,32643,251100.0,2537830.0,253660.0,2540390.0,72.58529533254848,22.94178350132451,1.0,14.474929809570312,0.14853352308273315,0.25656551122665405,0.020858027040958405,-0.33983278274536133,0.12199212610721588,True,tiles\Ahmedabad\2024\Ahmedabad_r07_c04.tif,17.0,15.16,"POLYGON ((72.597973 22.93042, 72.597565 22.953526, 72.572616 22.953146, 72.573028 22.930041, 72.597973 22.93042))"
Ahmedabad_r07_c05,Ahmedabad,2024,7,5,2024-01-01,2024-03-31,32643,253660.0,2537830.0,256220.0,2540390.0,72.61024273387703,22.94216133768289,1.0,14.781524658203125,0.13049852848052979,0.2914634346961975,0.00872102566063404,-0.3614952266216278,0.12069417536258698,True,tiles\Ahmedabad\2024\Ahmedabad_r07_c05.tif,17.0,15.16,"POLYGON ((72.622918 22.930796, 72.622515 22.953902, 72.597565 22.953526, 72.597973 22.93042, 72.622918 22.930796))"
Ahmedabad_r07_c06,Ahmedabad,2024,7,6,2024-01-01,2024-03-31,32643,256220.0,2537830.0,258780.0,2540390.0,72.63519065962564,22.942535258140907,1.0,14.440170288085938,0.15057820081710815,0.26458418369293213,0.04028763994574547,-0.3781355917453766,0.11730813980102539,True,tiles\Ahmedabad\2024\Ahmedabad_r07_c06.tif,17.0,15.16,"POLYGON ((72.647864 22.931168, 72.647465 22.954274, 72.622515 22.953902, 72.622918 22.930796, 72.647864 22.931168))"
Ahmedabad_r07_c07,Ahmedabad,2024,7,7,2024-01-01,2024-03-31,32643,258780.0,2537830.0,261340.0,2540390.0,72.66013910433708,22.94290526236592,1.0,14.484039306640625,0.1479976773262024,0.3257298469543457,0.030112486332654953,-0.4272060990333557,0.1124749630689621,True,tiles\Ahmedabad\2024\Ahmedabad_r07_c07.tif,17.0,15.16,"POLYGON ((72.672811 22.931536, 72.672416 22.954642, 72.647465 22.954274, 72.647864 22.931168, 72.672811 22.931536))"
Ahmedabad_r00_c00,Ahmedabad,2025,0,0,2025-01-01,2025-03-31,32643,240860.0,2555750.0,243420.0,2558310.0,72.48250871548521,23.101955140290002,1.0,17.523345947265625,0.026480793952941895,0.2851960062980652,0.03732703626155853,-0.3983876705169678,0.11755582690238953,True,tiles\Ahmedabad\2025\Ahmedabad_r00_c00.tif,18.0,0.000219,"POLYGON ((72.49521 23.090603, 72.494782 23.113706, 72.469805 23.113307, 72.470238 23.090204, 72.49521 23.090603))"
Ahmedabad_r00_c01,Ahmedabad,2025,0,1,2025-01-01,2025-03-31,32643,243420.0,2555750.0,245980.0,2558310.0,72.5074836743236,23.102351724058632,1.0,17.977615356445312,0.00124359130859375,0.3571152985095978,0.009847474284470081,-0.4467434287071228,0.1067492887377739,True,tiles\Ahmedabad\2025\Ahmedabad_r00_c01.tif,18.0,0.000219,"POLYGON ((72.520183 23.090997, 72.519759 23.1141, 72.494782 23.113706, 72.49521 23.090603, 72.520183 23.090997))"
Ahmedabad_r00_c02,Ahmedabad,2025,0,2,2025-01-01,2025-03-31,32643,245980.0,2555750.0,248540.0,2558310.0,72.53245918231286,23.102744362597736,1.0,17.995315551757812,0.00026023387908935547,0.2395418882369995,0.022795237600803375,-0.3354156017303467,0.13197940587997437,True,tiles\Ahmedabad\2025\Ahmedabad_r00_c02.tif,18.0,0.000219,"POLYGON ((72.545157 23.091387, 72.544737 23.114491, 72.519759 23.1141, 72.520183 23.090997, 72.545157 23.091387))"
Ahmedabad_r00_c03,Ahmedabad,2025,0,3,2025-01-01,2025-03-31,32643,248540.0,2555750.0,251100.0,2558310.0,72.55743523396953,23.10313305555759,1.0,18.0,0.0,0.2158128321170807,0.029170911759138107,-0.32525771856307983,0.1413368135690689,True,tiles\Ahmedabad\2025\Ahmedabad_r00_c03.tif,18.0,0.000219,"POLYGON ((72.570131 23.091774, 72.569715 23.114878, 72.544737 23.114491, 72.545157 23.091387, 72.570131 23.091774))"
Ahmedabad_r00_c04,Ahmedabad,2025,0,4,2025-01-01,2025-03-31,32643,251100.0,2555750.0,253660.0,2558310.0,72.58241182380942,23.103517802591934,1.0,18.0,0.0,0.20392827689647675,0.019437488168478012,-0.29456180334091187,0.14621520042419434,True,tiles\Ahmedabad\2025\Ahmedabad_r00_c04.tif,18.0,0.000219,"POLYGON ((72.595106 23.092156, 72.594694 23.115261, 72.569715 23.114878, 72.570131 23.091774, 72.595106 23.092156))"
Ahmedabad_r00_c05,Ahmedabad,2025,0,5,2025-01-01,2025-03-31,32643,253660.0,2555750.0,256220.0,2558310.0,72.60738894634775,23.10389860335805,1.0,18.0,0.0,0.27878665924072266,-0.0037562455981969833,-0.3450581729412079,0.12058733403682709,True,tiles\Ahmedabad\2025\Ahmedabad_r00_c05.tif,18.0,0.000219,"POLYGON ((72.620081 23.092535, 72.619674 23.11564, 72.594694 23.115261, 72.595106 23.092156, 72.620081 23.092535))"
Ahmedabad_r00_c06,Ahmedabad,2025,0,6,2025-01-01,2025-03-31,32643,256220.0,2555750.0,258780.0,2558310.0,72.63236659609893,23.10427545751668,1.0,17.844879150390625,0.008617818355560303,0.34784913063049316,-0.006774900946766138,-0.4069788455963135,0.10147643089294434,True,tiles\Ahmedabad\2025\Ahmedabad_r00_c06.tif,18.0,0.000219,"POLYGON ((72.645057 23.09291, 72.644654 23.116015, 72.619674 23.11564, 72.620081 23.092535, 72.645057 23.09291))"
Ahmedabad_r00_c07,Ahmedabad,2025,0,7,2025-01-01,2025-03-31,32643,258780.0,2555750.0,261340.0,2558310.0,72.65734476757675,23.10464836473209,1.0,18.0,0.0,0.2751513123512268,0.011837639845907688,-0.3431497812271118,0.11248218268156052,True,tiles\Ahmedabad\2025\Ahmedabad_r00_c07.tif,18.0,0.000219,"POLYGON ((72.670033 23.09328, 72.669635 23.116387, 72.644654 23.116015, 72.645057 23.09291, 72.670033 23.09328))"
Ahmedabad_r01_c00,Ahmedabad,2025,1,0,2025-01-01,2025-03-31,32643,240860.0,2553190.0,243420.0,2555750.0,72.48293928531551,23.07885220298212,1.0,17.721145629882812,0.015491902828216553,0.3580942153930664,0.0008282666094601154,-0.43170204758644104,0.1069585457444191,True,tiles\Ahmedabad\2025\Ahmedabad_r01_c00.tif,18.0,0.000219,"POLYGON ((72.495639 23.067499, 72.49521 23.090603, 72.470238 23.090204, 72.47067 23.067101, 72.495639 23.067499))"
Ahmedabad_r01_c01,Ahmedabad,2025,1,1,2025-01-01,2025-03-31,32643,243420.0,2553190.0,245980.0,2555750.0,72.50790998348886,23.07924834528423,1.0,17.994140625,0.0003255009651184082,0.28353920578956604,0.000895502045750618,-0.3509647846221924,0.1244242787361145,True,tiles\Ahmedabad\2025\Ahmedabad_r01_c01.tif,18.0,0.000219,"POLYGON ((72.520607 23.067893, 72.520183 23.090997, 72.49521 23.090603, 72.495639 23.067499, 72.520607 23.067893))"
Ahmedabad_r01_c02,Ahmedabad,2025,1,2,2025-01-01,2025-03-31,32643,245980.0,2553190.0,248540.0,2555750.0,72.53288123039547,23.07964054674605,1.0,17.994583129882812,0.00030094385147094727,0.20247885584831238,0.022069064900279045,-0.2934960126876831,0.14000727236270905,True,tiles\Ahmedabad\2025\Ahmedabad_r01_c02.tif,18.0,0.000219,"POLYGON ((72.545577 23.068283, 72.545157 23.091387, 72.520183 23.090997, 72.520607 23.067893, 72.545577 23.068283))"
Ahmedabad_r01_c03,Ahmedabad,2025,1,3,2025-01-01,2025-03-31,32643,248540.0,2553190.0,251100.0,2555750.0,72.55785302055604,23.080028807018305,1.0,18.0,0.0,0.14172686636447906,0.033420294523239136,-0.24467404186725616,0.1652289777994156,True,tiles\Ahmedabad\2025\Ahmedabad_r01_c03.tif,18.0,0.000219,"POLYGON ((72.570547 23.068669, 72.570131 23.091774, 72.545157 23.091387, 72.545577 23.068283, 72.570547 23.068669))"
Ahmedabad_r01_c04,Ahmedabad,2025,1,4,2025-01-01,2025-03-31,32643,251100.0,2553190.0,253660.0,2555750.0,72.58282534849057,23.080413125755214,1.0,18.0,0.0,0.18756332993507385,0.031493447721004486,-0.2905595302581787,0.13700443506240845,True,tiles\Ahmedabad\2025\Ahmedabad_r01_c04.tif,18.0,0.000219,"POLYGON ((72.595517 23.069052, 72.595106 23.092156, 72.570131 23.091774, 72.570547 23.068669, 72.595517 23.069052))"
Ahmedabad_r01_c05,Ahmedabad,2025,1,5,2025-01-01,2025-03-31,32643,253660.0,2553190.0,256220.0,2555750.0,72.60779820871835,23.080793502614494,1.0,17.99981689453125,1.0192394256591797e-05,0.26445120573043823,-0.005089682526886463,-0.28781241178512573,0.09814420342445374,True,tiles\Ahmedabad\2025\Ahmedabad_r01_c05.tif,18.0,0.000219,"POLYGON ((72.620488 23.06943, 72.620081 23.092535, 72.595106 23.092156, 72.595517 23.069052, 72.620488 23.06943))"
Ahmedabad_r01_c06,Ahmedabad,2025,1,6,2025-01-01,2025-03-31,32643,256220.0,2553190.0,258780.0,2555750.0,72.63277159575802,23.081169937257354,1.0,17.571929931640625,0.023781657218933105,0.189909890294075,0.0482737198472023,-0.29812175035476685,0.12683016061782837,True,tiles\Ahmedabad\2025\Ahmedabad_r01_c06.tif,18.0,0.000219,"POLYGON ((72.64546 23.069804, 72.645057 23.09291, 72.620081 23.092535, 72.620488 23.06943, 72.64546 23.069804))"
Ahmedabad_r01_c07,Ahmedabad,2025,1,7,2025-01-01,2025-03-31,32643,258780.0,2553190.0,261340.0,2555750.0,72.65774550412745,23.081542429348488,1.0,17.986770629882812,0.0007349848747253418,0.17602397501468658,0.049370892345905304,-0.3023214340209961,0.1352107971906662,True,tiles\Ahmedabad\2025\Ahmedabad_r01_c07.tif,18.0,0.000219,"POLYGON ((72.670432 23.070174, 72.670033 23.09328, 72.645057 23.09291, 72.64546 23.069804, 72.670432 23.070174))"
Ahmedabad_r02_c00,Ahmedabad,2025,2,0,2025-01-01,2025-03-31,32643,240860.0,2550630.0,243420.0,2553190.0,72.48336930093376,23.05574919054648,1.0,17.989517211914062,0.0005823969841003418,0.29716745018959045,0.009706317447125912,-0.37710052728652954,0.11510734260082245,True,tiles\Ahmedabad\2025\Ahmedabad_r02_c00.tif,18.0,0.000219,"POLYGON ((72.496066 23.044396, 72.495639 23.067499, 72.47067 23.067101, 72.471102 23.043999, 72.496066 23.044396))"
Ahmedabad_r02_c01,Ahmedabad,2025,2,1,2025-01-01,2025-03-31,32643,243420.0,2550630.0,245980.0,2553190.0,72.50833574392071,23.0561448915282,1.0,17.991775512695312,0.00045692920684814453,0.25625911355018616,0.00640135770663619,-0.3324815630912781,0.12499238550662994,True,tiles\Ahmedabad\2025\Ahmedabad_r02_c01.tif,18.0,0.000219,"POLYGON ((72.521031 23.04479, 72.520607 23.067893, 72.495639 23.067499, 72.496066 23.044396, 72.521031 23.04479))"
Ahmedabad_r02_c02,Ahmedabad,2025,2,2,2025-01-01,2025-03-31,32643,245980.0,2550630.0,248540.0,2553190.0,72.53330273522398,23.05653665605741,1.0,17.732818603515625,0.014843404293060303,0.1728276014328003,0.018728360533714294,-0.2548062205314636,0.14825469255447388,True,tiles\Ahmedabad\2025\Ahmedabad_r02_c02.tif,18.0,0.000219,"POLYGON ((72.545996 23.045179, 72.545577 23.068283, 72.520607 23.067893, 72.521031 23.04479, 72.545996 23.045179))"
Ahmedabad_r02_c03,Ahmedabad,2025,2,3,2025-01-01,2025-03-31,32643,248540.0,2550630.0,251100.0,2553190.0,72.55827026936849,23.05692448378532,1.0,17.88604736328125,0.006330728530883789,0.16562741994857788,0.02438346855342388,-0.25089311599731445,0.1466914415359497,True,tiles\Ahmedabad\2025\Ahmedabad_r02_c03.tif,18.0,0.000219,"POLYGON ((72.570962 23.045565, 72.570547 23.068669, 72.545577 23.068283, 72.545996 23.045179, 72.570962 23.045565))"
Ahmedabad_r02_c04,Ahmedabad,2025,2,4,2025-01-01,2025-03-31,32643,251100.0,2550630.0,253660.0,2553190.0,72.58323834087832,23.05730837436658,1.0,17.99884033203125,6.443262100219727e-05,0.161368727684021,0.029255682602524757,-0.2245403230190277,0.11233967542648315,True,tiles\Ahmedabad\2025\Ahmedabad_r02_c04.tif,18.0,0.000219,"POLYGON ((72.595928 23.045947, 72.595517 23.069052, 72.570547 23.068669, 72.570962 23.045565, 72.595928 23.045947))"
Ahmedabad_r02_c05,Ahmedabad,2025,2,5,2025-01-01,2025-03-31,32643,253660.0,2550630.0,256220.0,2553190.0,72.60820694427692,23.057688327459378,1.0,17.966644287109375,0.0018531084060668945,0.2458045482635498,0.011407282203435898,-0.31922978162765503,0.12002836167812347,True,tiles\Ahmedabad\2025\Ahmedabad_r02_c05.tif,18.0,0.000219,"POLYGON ((72.620895 23.046324, 72.620488 23.06943, 72.595517 23.069052, 72.595928 23.045947, 72.620895 23.046324))"
Ahmedabad_r02_c06,Ahmedabad,2025,2,6,2025-01-01,2025-03-31,32643,256220.0,2550630.0,258780.0,2553190.0,72.63317607408713,23.058064342725363,1.0,17.649002075195312,0.019499897956848145,0.14558635652065277,0.06188851594924927,-0.28491804003715515,0.1418686956167221,True,tiles\Ahmedabad\2025\Ahmedabad_r02_c06.tif,18.0,0.000219,"POLYGON ((72.645862 23.046698, 72.64546 23.069804, 72.620488 23.06943, 72.620895 23.046324, 72.645862 23.046698))"
Ahmedabad_r02_c07,Ahmedabad,2025,2,7,2025-01-01,2025-03-31,32643,258780.0,2550630.0,261340.0,2553190.0,72.65814572483094,23.058436419829686,1.0,17.845458984375,0.008585631847381592,0.14955061674118042,0.027807563543319702,-0.2514275014400482,0.1675630509853363,True,tiles\Ahmedabad\2025\Ahmedabad_r02_c07.tif,18.0,0.000219,"POLYGON ((72.67083 23.047068, 72.670432 23.070174, 72.64546 23.069804, 72.645862 23.046698, 72.67083 23.047068))"
Ahmedabad_r03_c00,Ahmedabad,2025,3,0,2025-01-01,2025-03-31,32643,240860.0,2548070.0,243420.0,2550630.0,72.48379876276105,23.032646103046183,1.0,17.977569580078125,0.0012461543083190918,0.2738671600818634,-0.005122127942740917,-0.3357117772102356,0.12315647304058075,True,tiles\Ahmedabad\2025\Ahmedabad_r03_c00.tif,18.0,0.000219,"POLYGON ((72.496493 23.021293, 72.496066 23.044396, 72.471102 23.043999, 72.471533 23.020896, 72.496493 23.021293))"
Ahmedabad_r03_c01,Ahmedabad,2025,3,1,2025-01-01,2025-03-31,32643,243420.0,2548070.0,245980.0,2550630.0,72.50876095603603,23.033041362853417,1.0,18.0,0.0,0.2808384895324707,-0.018019236624240875,-0.31716811656951904,0.11415740102529526,True,tiles\Ahmedabad\2025\Ahmedabad_r03_c01.tif,18.0,0.000219,"POLYGON ((72.521454 23.021686, 72.521031 23.04479, 72.496066 23.044396, 72.496493 23.021293, 72.521454 23.021686))"
Ahmedabad_r03_c02,Ahmedabad,2025,3,2,2025-01-01,2025-03-31,32643,245980.0,2548070.0,248540.0,2550630.0,72.53372369721114,23.0334326905945,1.0,17.558364868164062,0.024535298347473145,0.24630919098854065,0.001575847389176488,-0.30582520365715027,0.12578584253787994,True,tiles\Ahmedabad\2025\Ahmedabad_r03_c02.tif,18.0,0.000219,"POLYGON ((72.546414 23.022075, 72.545996 23.045179, 72.521031 23.04479, 72.521454 23.021686, 72.546414 23.022075))"
Ahmedabad_r03_c03,Ahmedabad,2025,3,3,2025-01-01,2025-03-31,32643,248540.0,2548070.0,251100.0,2550630.0,72.55868698081547,23.033820085921082,1.0,17.333114624023438,0.037049174308776855,0.2295704036951065,0.004044431261718273,-0.2840381860733032,0.12242251634597778,True,tiles\Ahmedabad\2025\Ahmedabad_r03_c03.tif,18.0,0.000219,"POLYGON ((72.571376 23.02246, 72.570962 23.045565, 72.545996 23.045179, 72.546414 23.022075, 72.571376 23.02246))"
Ahmedabad_r03_c04,Ahmedabad,2025,3,4,2025-01-01,2025-03-31,32643,251100.0,2548070.0,253660.0,2550630.0,72.58365080137713,23.034203548488286,1.0,17.9971923828125,0.00015598535537719727,0.13302701711654663,0.04797247797250748,-0.22391751408576965,0.11652743071317673,True,tiles\Ahmedabad\2025\Ahmedabad_r03_c04.tif,18.0,0.000219,"POLYGON ((72.596338 23.022841, 72.595928 23.045947, 72.570962 23.045565, 72.571376 23.02246, 72.596338 23.022841))"
Ahmedabad_r03_c05,Ahmedabad,2025,3,5,2025-01-01,2025-03-31,32643,253660.0,2548070.0,256220.0,2550630.0,72.60861515342383,23.034583077954743,1.0,17.722518920898438,0.015415608882904053,0.18310678005218506,0.037521667778491974,-0.2896357774734497,0.1275557428598404,True,tiles\Ahmedabad\2025\Ahmedabad_r03_c05.tif,18.0,0.000219,"POLYGON ((72.6213 23.023219, 72.620895 23.046324, 72.595928 23.045947, 72.596338 23.022841, 72.6213 23.023219))"
Ahmedabad_r03_c06,Ahmedabad,2025,3,6,2025-01-01,2025-03-31,32643,256220.0,2548070.0,258780.0,2550630.0,72.63358003148242,23.034958673982548,1.0,17.77911376953125,0.012271463871002197,0.14441248774528503,0.03925622999668121,-0.25329720973968506,0.14860117435455322,True,tiles\Ahmedabad\2025\Ahmedabad_r03_c06.tif,18.0,0.000219,"POLYGON ((72.646263 23.023592, 72.645862 23.046698, 72.620895 23.046324, 72.6213 23.023219, 72.646263 23.023592))"
Ahmedabad_r03_c07,Ahmedabad,2025,3,7,2025-01-01,2025-03-31,32643,258780.0,2548070.0,261340.0,2550630.0,72.65854543007917,23.035330336237315,1.0,17.996002197265625,0.00022208690643310547,0.1321730613708496,0.04133470356464386,-0.24763241410255432,0.15665844082832336,True,tiles\Ahmedabad\2025\Ahmedabad_r03_c07.tif,18.0,0.000219,"POLYGON ((72.671227 23.023962, 72.67083 23.047068, 72.645862 23.046698, 72.646263 23.023592, 72.671227 23.023962))"
Ahmedabad_r04_c00,Ahmedabad,2025,4,0,2025-01-01,2025-03-31,32643,240860.0,2545510.0,243420.0,2548070.0,72.4842276712177,23.009542940544343,1.0,18.0,0.0,0.3182608485221863,0.01136372797191143,-0.40828216075897217,0.11119537800550461,True,tiles\Ahmedabad\2025\Ahmedabad_r04_c00.tif,18.0,0.000219,"POLYGON ((72.49692 22.998189, 72.496493 23.021293, 72.471533 23.020896, 72.471964 22.997793, 72.49692 22.998189))"
Ahmedabad_r04_c01,Ahmedabad,2025,4,1,2025-01-01,2025-03-31,32643,243420.0,2545510.0,245980.0,2548070.0,72.50918562025105,23.009937759322803,1.0,18.0,0.0,0.23527467250823975,0.004012668505311012,-0.298109769821167,0.12689203023910522,True,tiles\Ahmedabad\2025\Ahmedabad_r04_c01.tif,18.0,0.000219,"POLYGON ((72.521876 22.998582, 72.521454 23.021686, 72.496493 23.021293, 72.49692 22.998189, 72.521876 22.998582))"
Ahmedabad_r04_c02,Ahmedabad,2025,4,2,2025-01-01,2025-03-31,32643,245980.0,2545510.0,248540.0,2548070.0,72.53414411676907,23.010328650420007,1.0,17.48321533203125,0.028710246086120605,0.1782352328300476,0.024227894842624664,-0.26555028557777405,0.1428866982460022,True,tiles\Ahmedabad\2025\Ahmedabad_r04_c02.tif,18.0,0.000219,"POLYGON ((72.546832 22.998971, 72.546414 23.022075, 72.521454 23.021686, 72.521876 22.998582, 72.546832 22.998971))"
Ahmedabad_r04_c03,Ahmedabad,2025,4,3,2025-01-01,2025-03-31,32643,248540.0,2545510.0,251100.0,2548070.0,72.55910315530484,23.01071561348808,1.0,17.6656494140625,0.018575012683868408,0.18085941672325134,0.026265129446983337,-0.25714361667633057,0.13093532621860504,True,tiles\Ahmedabad\2025\Ahmedabad_r04_c03.tif,18.0,0.000219,"POLYGON ((72.57179 22.999355, 72.571376 23.02246, 72.546414 23.022075, 72.546832 22.998971, 72.57179 22.999355))"
Ahmedabad_r04_c04,Ahmedabad,2025,4,4,2025-01-01,2025-03-31,32643,251100.0,2545510.0,253660.0,2548070.0,72.58406273039077,23.011098648182596,1.0,17.997039794921875,0.00016444921493530273,0.14961853623390198,0.04336486756801605,-0.2419416606426239,0.1204877644777298,True,tiles\Ahmedabad\2025\Ahmedabad_r04_c04.tif,18.0,0.000219,"POLYGON ((72.596747 22.999736, 72.596338 23.022841, 72.571376 23.02246, 72.57179 22.999355, 72.596747 22.999736))"
Ahmedabad_r04_c05,Ahmedabad,2025,4,5,2025-01-01,2025-03-31,32643,253660.0,2545510.0,256220.0,2548070.0,72.60902283655864,23.011477754162645,1.0,17.365127563476562,0.03527069091796875,0.1644148826599121,0.028906196355819702,-0.2479458451271057,0.12458771467208862,True,tiles\Ahmedabad\2025\Ahmedabad_r04_c05.tif,18.0,0.000219,"POLYGON ((72.621706 23.000113, 72.6213 23.023219, 72.596338 23.022841, 72.596747 22.999736, 72.621706 23.000113))"
Ahmedabad_r04_c06,Ahmedabad,2025,4,6,2025-01-01,2025-03-31,32643,256220.0,2545510.0,258780.0,2548070.0,72.63398346833942,23.011852931090786,1.0,17.889404296875,0.006144225597381592,0.13024187088012695,0.051965393126010895,-0.25796204805374146,0.13624882698059082,True,tiles\Ahmedabad\2025\Ahmedabad_r04_c06.tif,18.0,0.000219,"POLYGON ((72.646664 23.000486, 72.646263 23.023592, 72.6213 23.023219, 72.621706 23.000113, 72.646664 23.000486))"
Ahmedabad_r04_c07,Ahmedabad,2025,4,7,2025-01-01,2025-03-31,32643,258780.0,2545510.0,261340.0,2548070.0,72.65894462026354,23.01222417863303,1.0,18.0,0.0,0.15548250079154968,0.04206611588597298,-0.27811819314956665,0.14213284850120544,True,tiles\Ahmedabad\2025\Ahmedabad_r04_c07.tif,18.0,0.000219,"POLYGON ((72.671624 23.000855, 72.671227 23.023962, 72.646263 23.023592, 72.646664 23.000486, 72.671624 23.000855))"
Ahmedabad_r05_c00,Ahmedabad,2025,5,0,2025-01-01,2025-03-31,32643,240860.0,2542950.0,243420.0,2545510.0,72.48465602672333,22.986439703104118,1.0,18.0,0.0,0.29134848713874817,0.02193870022892952,-0.390953004360199,0.11534785479307175,True,tiles\Ahmedabad\2025\Ahmedabad_r05_c00.tif,18.0,0.000219,"POLYGON ((72.497346 22.975086, 72.49692 22.998189, 72.471964 22.997793, 72.472394 22.97469, 72.497346 22.975086))"
Ahmedabad_r05_c01,Ahmedabad,2025,5,1,2025-01-01,2025-03-31,32643,243420.0,2542950.0,245980.0,2545510.0,72.50960973698126,22.986834080999284,1.0,18.0,0.0,0.18983399868011475,0.03115890920162201,-0.29071974754333496,0.13876619935035706,True,tiles\Ahmedabad\2025\Ahmedabad_r05_c01.tif,18.0,0.000219,"POLYGON ((72.522298 22.975478, 72.521876 22.998582, 72.49692 22.998189, 72.497346 22.975086, 72.522298 22.975478))"
Ahmedabad_r05_c02,Ahmedabad,2025,5,2,2025-01-01,2025-03-31,32643,245980.0,2542950.0,248540.0,2545510.0,72.53456399430905,22.987224535596674,1.0,17.522735595703125,0.026514708995819092,0.26694124937057495,0.0014587249606847763,-0.3312872052192688,0.11833693087100983,True,tiles\Ahmedabad\2025\Ahmedabad_r05_c02.tif,18.0,0.000219,"POLYGON ((72.54725 22.975866, 72.546832 22.998971, 72.521876 22.998582, 72.522298 22.975478, 72.54725 22.975866))"
Ahmedabad_r05_c03,Ahmedabad,2025,5,3,2025-01-01,2025-03-31,32643,248540.0,2542950.0,251100.0,2545510.0,72.55951879324388,22.98761106654883,1.0,17.565292358398438,0.024150431156158447,0.24673661589622498,0.018182557076215744,-0.3066471815109253,0.10625721514225006,True,tiles\Ahmedabad\2025\Ahmedabad_r05_c03.tif,18.0,0.000219,"POLYGON ((72.572203 22.976251, 72.57179 22.999355, 72.546832 22.998971, 72.54725 22.975866, 72.572203 22.976251))"
Ahmedabad_r05_c04,Ahmedabad,2025,5,4,2025-01-01,2025-03-31,32643,251100.0,2542950.0,253660.0,2545510.0,72.58447412832238,22.98799367351184,1.0,17.985763549804688,0.0007908940315246582,0.14874908328056335,0.0587923526763916,-0.27981460094451904,0.13536889851093292,True,tiles\Ahmedabad\2025\Ahmedabad_r05_c04.tif,18.0,0.000219,"POLYGON ((72.597156 22.976631, 72.596747 22.999736, 72.57179 22.999355, 72.572203 22.976251, 72.597156 22.976631))"
Ahmedabad_r05_c05,Ahmedabad,2025,5,5,2025-01-01,2025-03-31,32643,253660.0,2542950.0,256220.0,2545510.0,72.60942999408036,22.988372356145213,1.0,17.455169677734375,0.030268371105194092,0.12584781646728516,0.040621042251586914,-0.23517096042633057,0.14732840657234192,True,tiles\Ahmedabad\2025\Ahmedabad_r05_c05.tif,18.0,0.000219,"POLYGON ((72.62211 22.977008, 72.621706 23.000113, 72.596747 22.999736, 72.597156 22.976631, 72.62211 22.977008))"
Ahmedabad_r05_c06,Ahmedabad,2025,5,6,2025-01-01,2025-03-31,32643,256220.0,2542950.0,258780.0,2545510.0,72.63438638505295,22.98874711411195,1.0,17.997802734375,0.0001220703125,0.14598166942596436,0.043629422783851624,-0.2668837308883667,0.14092354476451874,True,tiles\Ahmedabad\2025\Ahmedabad_r05_c06.tif,18.0,0.000219,"POLYGON ((72.647065 22.97738, 72.646664 23.000486, 72.621706 23.000113, 72.62211 22.977008, 72.647065 22.97738))"
Ahmedabad_r05_c07,Ahmedabad,2025,5,7,2025-01-01,2025-03-31,32643,258780.0,2542950.0,261340.0,2545510.0,72.65934329577473,22.989117947078547,1.0,17.890228271484375,0.006098449230194092,0.20840716361999512,0.029505178332328796,-0.3196668028831482,0.13602349162101746,True,tiles\Ahmedabad\2025\Ahmedabad_r05_c07.tif,18.0,0.000219,"POLYGON ((72.67202 22.977749, 72.671624 23.000855, 72.646664 23.000486, 72.647065 22.97738, 72.67202 22.977749))"
Ahmedabad_r06_c00,Ahmedabad,2025,6,0,2025-01-01,2025-03-31,32643,240860.0,2540390.0,243420.0,2542950.0,72.48508382969689,22.963336390788708,1.0,17.96319580078125,0.002044677734375,0.3737245202064514,-0.03730667382478714,-0.388943612575531,0.09882093966007233,True,tiles\Ahmedabad\2025\Ahmedabad_r06_c00.tif,18.0,0.000219,"POLYGON ((72.497771 22.951982, 72.497346 22.975086, 72.472394 22.97469, 72.472824 22.951587, 72.497771 22.951982))"
Ahmedabad_r06_c01,Ahmedabad,2025,6,1,2025-01-01,2025-03-31,32643,243420.0,2540390.0,245980.0,2542950.0,72.51003330664145,22.963730327945854,1.0,17.889862060546875,0.0061187744140625,0.3591499328613281,-0.04042036831378937,-0.36135053634643555,0.09719247370958328,True,tiles\Ahmedabad\2025\Ahmedabad_r06_c01.tif,18.0,0.000219,"POLYGON ((72.522719 22.952374, 72.522298 22.975478, 72.497346 22.975086, 72.497771 22.951982, 72.522719 22.952374))"
Ahmedabad_r06_c02,Ahmedabad,2025,6,2,2025-01-01,2025-03-31,32643,245980.0,2540390.0,248540.0,2542950.0,72.53498333024176,22.96412034618724,1.0,17.277984619140625,0.0401119589805603,0.3490103483200073,0.007759386207908392,-0.4174377918243408,0.09490811824798584,True,tiles\Ahmedabad\2025\Ahmedabad_r06_c02.tif,18.0,0.000219,"POLYGON ((72.547667 22.952762, 72.54725 22.975866, 72.522298 22.975478, 72.522719 22.952374, 72.547667 22.952762))"
Ahmedabad_r06_c03,Ahmedabad,2025,6,3,2025-01-01,2025-03-31,32643,248540.0,2540390.0,251100.0,2542950.0,72.55993389503918,22.964506445165902,1.0,17.473358154296875,0.029257893562316895,0.21457913517951965,0.0666206032037735,-0.3587517738342285,0.11240594834089279,True,tiles\Ahmedabad\2025\Ahmedabad_r06_c03.tif,18.0,0.000219,"POLYGON ((72.572616 22.953146, 72.572203 22.976251, 72.54725 22.975866, 72.547667 22.952762, 72.572616 22.953146))"
Ahmedabad_r06_c04,Ahmedabad,2025,6,4,2025-01-01,2025-03-31,32643,251100.0,2540390.0,253660.0,2542950.0,72.58488499557438,22.964888624538354,1.0,17.979446411132812,0.0011418461799621582,0.16828800737857819,0.06804900616407394,-0.3143017888069153,0.12436756491661072,True,tiles\Ahmedabad\2025\Ahmedabad_r06_c04.tif,18.0,0.000219,"POLYGON ((72.597565 22.953526, 72.597156 22.976631, 72.572203 22.976251, 72.572616 22.953146, 72.597565 22.953526))"
Ahmedabad_r06_c05,Ahmedabad,2025,6,5,2025-01-01,2025-03-31,32643,253660.0,2540390.0,256220.0,2542950.0,72.60983662638728,22.965266883964564,1.0,17.573928833007812,0.023670613765716553,0.14494715631008148,0.04873163253068924,-0.26956993341445923,0.14762447774410248,True,tiles\Ahmedabad\2025\Ahmedabad_r06_c05.tif,18.0,0.000219,"POLYGON ((72.622515 22.953902, 72.62211 22.977008, 72.597156 22.976631, 72.597565 22.953526, 72.622515 22.953902))"
Ahmedabad_r06_c06,Ahmedabad,2025,6,6,2025-01-01,2025-03-31,32643,256220.0,2540390.0,258780.0,2542950.0,72.63478878201721,22.965641223107994,1.0,17.721817016601562,0.015454590320587158,0.1782008409500122,0.053020916879177094,-0.30512696504592896,0.11752138286828995,True,tiles\Ahmedabad\2025\Ahmedabad_r06_c06.tif,18.0,0.000219,"POLYGON ((72.647465 22.954274, 72.647065 22.97738, 72.62211 22.977008, 72.622515 22.953902, 72.647465 22.954274))"
Ahmedabad_r06_c07,Ahmedabad,2025,6,7,2025-01-01,2025-03-31,32643,258780.0,2540390.0,261340.0,2542950.0,72.6597414570028,22.96601164163559,1.0,17.58465576171875,0.023074686527252197,0.29166215658187866,0.00949127972126007,-0.37462300062179565,0.10856370627880096,True,tiles\Ahmedabad\2025\Ahmedabad_r06_c07.tif,18.0,0.000219,"POLYGON ((72.672416 22.954642, 72.67202 22.977749, 72.647065 22.97738, 72.647465 22.954274, 72.672416 22.954642))"
Ahmedabad_r07_c00,Ahmedabad,2025,7,0,2025-01-01,2025-03-31,32643,240860.0,2537830.0,243420.0,2540390.0,72.4855110805566,22.94023300366133,1.0,17.776885986328125,0.012395203113555908,0.44030314683914185,-0.09893295168876648,-0.35544246435165405,0.07780999690294266,True,tiles\Ahmedabad\2025\Ahmedabad_r07_c00.tif,18.0,0.000219,"POLYGON ((72.498196 22.928879, 72.497771 22.951982, 72.472824 22.951587, 72.473253 22.928483, 72.498196 22.928879))"
Ahmedabad_r07_c01,Ahmedabad,2025,7,1,2025-01-01,2025-03-31,32643,243420.0,2537830.0,245980.0,2540390.0,72.51045632964575,22.940626500225505,1.0,17.970611572265625,0.0016326904296875,0.46208590269088745,-0.09052964299917221,-0.40335994958877563,0.08405556529760361,True,tiles\Ahmedabad\2025\Ahmedabad_r07_c01.tif,18.0,0.000219,"POLYGON ((72.523139 22.92927, 72.522719 22.952374, 72.497771 22.951982, 72.498196 22.928879, 72.523139 22.92927))"
Ahmedabad_r07_c02,Ahmedabad,2025,7,2,2025-01-01,2025-03-31,32643,245980.0,2537830.0,248540.0,2540390.0,72.53540212497725,22.941016082254517,1.0,17.429000854492188,0.031722187995910645,0.4228297173976898,-0.08410733193159103,-0.3706381022930145,0.08133149892091751,True,tiles\Ahmedabad\2025\Ahmedabad_r07_c02.tif,18.0,0.000219,"POLYGON ((72.548083 22.929657, 72.547667 22.952762, 72.522719 22.952374, 72.523139 22.92927, 72.548083 22.929657))"
Ahmedabad_r07_c03,Ahmedabad,2025,7,3,2025-01-01,2025-03-31,32643,248540.0,2537830.0,251100.0,2540390.0,72.56034846109658,22.941401749401862,1.0,17.39111328125,0.03382706642150879,0.2828802466392517,0.03755425289273262,-0.396253764629364,0.10974141955375671,True,tiles\Ahmedabad\2025\Ahmedabad_r07_c03.tif,18.0,0.000219,"POLYGON ((72.573028 22.930041, 72.572616 22.953146, 72.547667 22.952762, 72.548083 22.929657, 72.573028 22.930041))"
Ahmedabad_r07_c04,Ahmedabad,2025,7,4,2025-01-01,2025-03-31,32643,251100.0,2537830.0,253660.0,2540390.0,72.58529533254848,22.94178350132451,1.0,17.623886108398438,0.02089524269104004,0.27066704630851746,0.008113471791148186,-0.3392390012741089,0.1166946291923523,True,tiles\Ahmedabad\2025\Ahmedabad_r07_c04.tif,18.0,0.000219,"POLYGON ((72.597973 22.93042, 72.597565 22.953526, 72.572616 22.953146, 72.573028 22.930041, 72.597973 22.93042))"
Ahmedabad_r07_c05,Ahmedabad,2025,7,5,2025-01-01,2025-03-31,32643,253660.0,2537830.0,256220.0,2540390.0,72.61024273387703,22.94216133768289,1.0,17.20068359375,0.0444064736366272,0.2835422456264496,0.008930198848247528,-0.36162400245666504,0.12047044932842255,True,tiles\Ahmedabad\2025\Ahmedabad_r07_c05.tif,18.0,0.000219,"POLYGON ((72.622918 22.930796, 72.622515 22.953902, 72.597565 22.953526, 72.597973 22.93042, 72.622918 22.930796))"
Ahmedabad_r07_c06,Ahmedabad,2025,7,6,2025-01-01,2025-03-31,32643,256220.0,2537830.0,258780.0,2540390.0,72.63519065962564,22.942535258140907,1.0,17.124282836914062,0.04865097999572754,0.2606506049633026,0.02859388291835785,-0.3663756251335144,0.11596275866031647,True,tiles\Ahmedabad\2025\Ahmedabad_r07_c06.tif,18.0,0.000219,"POLYGON ((72.647864 22.931168, 72.647465 22.954274, 72.622515 22.953902, 72.622918 22.930796, 72.647864 22.931168))"
Ahmedabad_r07_c07,Ahmedabad,2025,7,7,2025-01-01,2025-03-31,32643,258780.0,2537830.0,261340.0,2540390.0,72.66013910433708,22.94290526236592,1.0,17.340988159179688,0.03661179542541504,0.3141838312149048,0.016169538721442223,-0.41095006465911865,0.11495454609394073,True,tiles\Ahmedabad\2025\Ahmedabad_r07_c07.tif,18.0,0.000219,"POLYGON ((72.672811 22.931536, 72.672416 22.954642, 72.647465 22.954274, 72.647864 22.931168, 72.672811 22.931536))"
Ahmedabad_r00_c00,Ahmedabad,2026,0,0,2026-01-01,2026-03-31,32643,240860.0,2555750.0,243420.0,2558310.0,72.48250871548521,23.101955140290002,1.0,19.205429077148438,0.08545577526092529,0.27950823307037354,0.04506939649581909,-0.39008259773254395,0.11589713394641876,True,tiles\Ahmedabad\2026\Ahmedabad_r00_c00.tif,,,"POLYGON ((72.49521 23.090603, 72.494782 23.113706, 72.469805 23.113307, 72.470238 23.090204, 72.49521 23.090603))"
Ahmedabad_r00_c01,Ahmedabad,2026,0,1,2026-01-01,2026-03-31,32643,243420.0,2555750.0,245980.0,2558310.0,72.5074836743236,23.102351724058632,1.0,19.227676391601562,0.0843963623046875,0.3404580354690552,0.02892470546066761,-0.4387442469596863,0.10563860833644867,True,tiles\Ahmedabad\2026\Ahmedabad_r00_c01.tif,,,"POLYGON ((72.520183 23.090997, 72.519759 23.1141, 72.494782 23.113706, 72.49521 23.090603, 72.520183 23.090997))"
Ahmedabad_r00_c02,Ahmedabad,2026,0,2,2026-01-01,2026-03-31,32643,245980.0,2555750.0,248540.0,2558310.0,72.53245918231286,23.102744362597736,1.0,18.984771728515625,0.0959632396697998,0.2297222912311554,0.03403940424323082,-0.3301376402378082,0.13102924823760986,True,tiles\Ahmedabad\2026\Ahmedabad_r00_c02.tif,,,"POLYGON ((72.545157 23.091387, 72.544737 23.114491, 72.519759 23.1141, 72.520183 23.090997, 72.545157 23.091387))"
Ahmedabad_r00_c03,Ahmedabad,2026,0,3,2026-01-01,2026-03-31,32643,248540.0,2555750.0,251100.0,2558310.0,72.55743523396953,23.10313305555759,1.0,18.755126953125,0.1068987250328064,0.2069578766822815,0.04686524346470833,-0.3274118900299072,0.14093998074531555,True,tiles\Ahmedabad\2026\Ahmedabad_r00_c03.tif,,,"POLYGON ((72.570131 23.091774, 72.569715 23.114878, 72.544737 23.114491, 72.545157 23.091387, 72.570131 23.091774))"
Ahmedabad_r00_c04,Ahmedabad,2026,0,4,2026-01-01,2026-03-31,32643,251100.0,2555750.0,253660.0,2558310.0,72.58241182380942,23.103517802591934,1.0,18.752761840820312,0.10701131820678711,0.19840438663959503,0.03722860664129257,-0.3000354766845703,0.1435435265302658,True,tiles\Ahmedabad\2026\Ahmedabad_r00_c04.tif,,,"POLYGON ((72.595106 23.092156, 72.594694 23.115261, 72.569715 23.114878, 72.570131 23.091774, 72.595106 23.092156))"
Ahmedabad_r00_c05,Ahmedabad,2026,0,5,2026-01-01,2026-03-31,32643,253660.0,2555750.0,256220.0,2558310.0,72.60738894634775,23.10389860335805,1.0,18.448898315429688,0.12148106098175049,0.27268970012664795,0.015294045209884644,-0.35130882263183594,0.12151259183883667,True,tiles\Ahmedabad\2026\Ahmedabad_r00_c05.tif,,,"POLYGON ((72.620081 23.092535, 72.619674 23.11564, 72.594694 23.115261, 72.595106 23.092156, 72.620081 23.092535))"
Ahmedabad_r00_c06,Ahmedabad,2026,0,6,2026-01-01,2026-03-31,32643,256220.0,2555750.0,258780.0,2558310.0,72.63236659609893,23.10427545751668,1.0,18.277679443359375,0.1296343207359314,0.3309217393398285,0.02601127326488495,-0.41559505462646484,0.10124102979898453,True,tiles\Ahmedabad\2026\Ahmedabad_r00_c06.tif,,,"POLYGON ((72.645057 23.09291, 72.644654 23.116015, 72.619674 23.11564, 72.620081 23.092535, 72.645057 23.09291))"
Ahmedabad_r00_c07,Ahmedabad,2026,0,7,2026-01-01,2026-03-31,32643,258780.0,2555750.0,261340.0,2558310.0,72.65734476757675,23.10464836473209,1.0,18.0,0.1428571343421936,0.24000340700149536,0.04791015014052391,-0.3417831063270569,0.11476761102676392,True,tiles\Ahmedabad\2026\Ahmedabad_r00_c07.tif,,,"POLYGON ((72.670033 23.09328, 72.669635 23.116387, 72.644654 23.116015, 72.645057 23.09291, 72.670033 23.09328))"
Ahmedabad_r01_c00,Ahmedabad,2026,1,0,2026-01-01,2026-03-31,32643,240860.0,2553190.0,243420.0,2555750.0,72.48293928531551,23.07885220298212,1.0,18.697174072265625,0.10965836048126221,0.32915109395980835,0.024014221504330635,-0.4199264645576477,0.11002852022647858,True,tiles\Ahmedabad\2026\Ahmedabad_r01_c00.tif,,,"POLYGON ((72.495639 23.067499, 72.49521 23.090603, 72.470238 23.090204, 72.47067 23.067101, 72.495639 23.067499))"
Ahmedabad_r01_c01,Ahmedabad,2026,1,1,2026-01-01,2026-03-31,32643,243420.0,2553190.0,245980.0,2555750.0,72.50790998348886,23.07924834528423,1.0,18.964019775390625,0.096951425075531,0.2646046578884125,0.016617365181446075,-0.3396962881088257,0.12454241514205933,True,tiles\Ahmedabad\2026\Ahmedabad_r01_c01.tif,,,"POLYGON ((72.520607 23.067893, 72.520183 23.090997, 72.49521 23.090603, 72.495639 23.067499, 72.520607 23.067893))"
Ahmedabad_r01_c02,Ahmedabad,2026,1,2,2026-01-01,2026-03-31,32643,245980.0,2553190.0,248540.0,2555750.0,72.53288123039547,23.07964054674605,1.0,19.0,0.0952380895614624,0.19427064061164856,0.03567766770720482,-0.2912045121192932,0.13927656412124634,True,tiles\Ahmedabad\2026\Ahmedabad_r01_c02.tif,,,"POLYGON ((72.545577 23.068283, 72.545157 23.091387, 72.520183 23.090997, 72.520607 23.067893, 72.545577 23.068283))"
Ahmedabad_r01_c03,Ahmedabad,2026,1,3,2026-01-01,2026-03-31,32643,248540.0,2553190.0,251100.0,2555750.0,72.55785302055604,23.080028807018305,1.0,19.0,0.0952380895614624,0.13819736242294312,0.04941429942846298,-0.2519088089466095,0.16192252933979034,True,tiles\Ahmedabad\2026\Ahmedabad_r01_c03.tif,,,"POLYGON ((72.570547 23.068669, 72.570131 23.091774, 72.545157 23.091387, 72.545577 23.068283, 72.570547 23.068669))"
Ahmedabad_r01_c04,Ahmedabad,2026,1,4,2026-01-01,2026-03-31,32643,251100.0,2553190.0,253660.0,2555750.0,72.58282534849057,23.080413125755214,1.0,19.0,0.0952380895614624,0.1754954308271408,0.04988846182823181,-0.2913994789123535,0.13719597458839417,True,tiles\Ahmedabad\2026\Ahmedabad_r01_c04.tif,,,"POLYGON ((72.595517 23.069052, 72.595106 23.092156, 72.570131 23.091774, 72.570547 23.068669, 72.595517 23.069052))"
Ahmedabad_r01_c05,Ahmedabad,2026,1,5,2026-01-01,2026-03-31,32643,253660.0,2553190.0,256220.0,2555750.0,72.60779820871835,23.080793502614494,1.0,18.629791259765625,0.11286705732345581,0.2337174415588379,0.022891134023666382,-0.27895814180374146,0.09950638562440872,True,tiles\Ahmedabad\2026\Ahmedabad_r01_c05.tif,,,"POLYGON ((72.620488 23.06943, 72.620081 23.092535, 72.595106 23.092156, 72.595517 23.069052, 72.620488 23.06943))"
Ahmedabad_r01_c06,Ahmedabad,2026,1,6,2026-01-01,2026-03-31,32643,256220.0,2553190.0,258780.0,2555750.0,72.63277159575802,23.081169937257354,1.0,18.025665283203125,0.141635000705719,0.16305799782276154,0.07747293263673782,-0.29576560854911804,0.12472076714038849,True,tiles\Ahmedabad\2026\Ahmedabad_r01_c06.tif,,,"POLYGON ((72.64546 23.069804, 72.645057 23.09291, 72.620081 23.092535, 72.620488 23.06943, 72.64546 23.069804))"
Ahmedabad_r01_c07,Ahmedabad,2026,1,7,2026-01-01,2026-03-31,32643,258780.0,2553190.0,261340.0,2555750.0,72.65774550412745,23.081542429348488,1.0,18.0086669921875,0.1424444317817688,0.17517530918121338,0.07102692872285843,-0.31703418493270874,0.13259489834308624,True,tiles\Ahmedabad\2026\Ahmedabad_r01_c07.tif,,,"POLYGON ((72.670432 23.070174, 72.670033 23.09328, 72.645057 23.09291, 72.64546 23.069804, 72.670432 23.070174))"
Ahmedabad_r02_c00,Ahmedabad,2026,2,0,2026-01-01,2026-03-31,32643,240860.0,2550630.0,243420.0,2553190.0,72.48336930093376,23.05574919054648,1.0,18.086624145507812,0.1387321949005127,0.28456762433052063,0.022850587964057922,-0.3685273230075836,0.11606202274560928,True,tiles\Ahmedabad\2026\Ahmedabad_r02_c00.tif,,,"POLYGON ((72.496066 23.044396, 72.495639 23.067499, 72.47067 23.067101, 72.471102 23.043999, 72.496066 23.044396))"
Ahmedabad_r02_c01,Ahmedabad,2026,2,1,2026-01-01,2026-03-31,32643,243420.0,2550630.0,245980.0,2553190.0,72.50833574392071,23.0561448915282,1.0,18.149871826171875,0.1357203722000122,0.2471402883529663,0.0195968858897686,-0.32706159353256226,0.12552551925182343,True,tiles\Ahmedabad\2026\Ahmedabad_r02_c01.tif,,,"POLYGON ((72.521031 23.04479, 72.520607 23.067893, 72.495639 23.067499, 72.496066 23.044396, 72.521031 23.04479))"
Ahmedabad_r02_c02,Ahmedabad,2026,2,2,2026-01-01,2026-03-31,32643,245980.0,2550630.0,248540.0,2553190.0,72.53330273522398,23.05653665605741,1.0,18.13568115234375,0.1363961100578308,0.1633935272693634,0.03531216084957123,-0.25429537892341614,0.1472834348678589,True,tiles\Ahmedabad\2026\Ahmedabad_r02_c02.tif,,,"POLYGON ((72.545996 23.045179, 72.545577 23.068283, 72.520607 23.067893, 72.521031 23.04479, 72.545996 23.045179))"
Ahmedabad_r02_c03,Ahmedabad,2026,2,3,2026-01-01,2026-03-31,32643,248540.0,2550630.0,251100.0,2553190.0,72.55827026936849,23.05692448378532,1.0,18.67523193359375,0.1107032299041748,0.15835732221603394,0.04044682905077934,-0.2541598081588745,0.14417359232902527,True,tiles\Ahmedabad\2026\Ahmedabad_r02_c03.tif,,,"POLYGON ((72.570962 23.045565, 72.570547 23.068669, 72.545577 23.068283, 72.545996 23.045179, 72.570962 23.045565))"
Ahmedabad_r02_c04,Ahmedabad,2026,2,4,2026-01-01,2026-03-31,32643,251100.0,2550630.0,253660.0,2553190.0,72.58323834087832,23.05730837436658,1.0,18.997802734375,0.09534275531768799,0.15287832915782928,0.03798620030283928,-0.22042325139045715,0.112135149538517,True,tiles\Ahmedabad\2026\Ahmedabad_r02_c04.tif,,,"POLYGON ((72.595928 23.045947, 72.595517 23.069052, 72.570547 23.068669, 72.570962 23.045565, 72.595928 23.045947))"
Ahmedabad_r02_c05,Ahmedabad,2026,2,5,2026-01-01,2026-03-31,32643,253660.0,2550630.0,256220.0,2553190.0,72.60820694427692,23.057688327459378,1.0,18.973724365234375,0.0964893102645874,0.24097229540348053,0.03602541983127594,-0.33209216594696045,0.11793221533298492,True,tiles\Ahmedabad\2026\Ahmedabad_r02_c05.tif,,,"POLYGON ((72.620895 23.046324, 72.620488 23.06943, 72.595517 23.069052, 72.595928 23.045947, 72.620895 23.046324))"
Ahmedabad_r02_c06,Ahmedabad,2026,2,6,2026-01-01,2026-03-31,32643,256220.0,2550630.0,258780.0,2553190.0,72.63317607408713,23.058064342725363,1.0,18.743911743164062,0.1074327826499939,0.1384875476360321,0.08082272112369537,-0.29421889781951904,0.14190083742141724,True,tiles\Ahmedabad\2026\Ahmedabad_r02_c06.tif,,,"POLYGON ((72.645862 23.046698, 72.64546 23.069804, 72.620488 23.06943, 72.620895 23.046324, 72.645862 23.046698))"
Ahmedabad_r02_c07,Ahmedabad,2026,2,7,2026-01-01,2026-03-31,32643,258780.0,2550630.0,261340.0,2553190.0,72.65814572483094,23.058436419829686,1.0,18.706192016601562,0.10922896862030029,0.14785435795783997,0.04456843435764313,-0.2590295374393463,0.16445136070251465,True,tiles\Ahmedabad\2026\Ahmedabad_r02_c07.tif,,,"POLYGON ((72.67083 23.047068, 72.670432 23.070174, 72.64546 23.069804, 72.645862 23.046698, 72.67083 23.047068))"
Ahmedabad_r03_c00,Ahmedabad,2026,3,0,2026-01-01,2026-03-31,32643,240860.0,2548070.0,243420.0,2550630.0,72.48379876276105,23.032646103046183,1.0,17.964096069335938,0.1445668339729309,0.2613210678100586,0.010974875651299953,-0.3281790316104889,0.12200586497783661,True,tiles\Ahmedabad\2026\Ahmedabad_r03_c00.tif,,,"POLYGON ((72.496493 23.021293, 72.496066 23.044396, 72.471102 23.043999, 72.471533 23.020896, 72.496493 23.021293))"
Ahmedabad_r03_c01,Ahmedabad,2026,3,1,2026-01-01,2026-03-31,32643,243420.0,2548070.0,245980.0,2550630.0,72.50876095603603,23.033041362853417,1.0,18.0,0.1428571343421936,0.2725085914134979,-0.0037437863647937775,-0.3116688132286072,0.11356981098651886,True,tiles\Ahmedabad\2026\Ahmedabad_r03_c01.tif,,,"POLYGON ((72.521454 23.021686, 72.521031 23.04479, 72.496066 23.044396, 72.496493 23.021293, 72.521454 23.021686))"
Ahmedabad_r03_c02,Ahmedabad,2026,3,2,2026-01-01,2026-03-31,32643,245980.0,2548070.0,248540.0,2550630.0,72.53372369721114,23.0334326905945,1.0,18.0,0.1428571343421936,0.2362295389175415,0.02230990305542946,-0.3078657388687134,0.12536506354808807,True,tiles\Ahmedabad\2026\Ahmedabad_r03_c02.tif,,,"POLYGON ((72.546414 23.022075, 72.545996 23.045179, 72.521031 23.04479, 72.521454 23.021686, 72.546414 23.022075))"
Ahmedabad_r03_c03,Ahmedabad,2026,3,3,2026-01-01,2026-03-31,32643,248540.0,2548070.0,251100.0,2550630.0,72.55868698081547,23.033820085921082,1.0,18.0186767578125,0.1419677734375,0.21950845420360565,0.025348208844661713,-0.2917344868183136,0.12159110605716705,True,tiles\Ahmedabad\2026\Ahmedabad_r03_c03.tif,,,"POLYGON ((72.571376 23.02246, 72.570962 23.045565, 72.545996 23.045179, 72.546414 23.022075, 72.571376 23.02246))"
Ahmedabad_r03_c04,Ahmedabad,2026,3,4,2026-01-01,2026-03-31,32643,251100.0,2548070.0,253660.0,2550630.0,72.58365080137713,23.034203548488286,1.0,18.482086181640625,0.119900643825531,0.12376874685287476,0.0582333579659462,-0.22330693900585175,0.11579728126525879,True,tiles\Ahmedabad\2026\Ahmedabad_r03_c04.tif,,,"POLYGON ((72.596338 23.022841, 72.595928 23.045947, 72.570962 23.045565, 72.571376 23.02246, 72.596338 23.022841))"
Ahmedabad_r03_c05,Ahmedabad,2026,3,5,2026-01-01,2026-03-31,32643,253660.0,2548070.0,256220.0,2550630.0,72.60861515342383,23.034583077954743,1.0,18.389785766601562,0.12429589033126831,0.17947205901145935,0.057822175323963165,-0.3011043667793274,0.1255892515182495,True,tiles\Ahmedabad\2026\Ahmedabad_r03_c05.tif,,,"POLYGON ((72.6213 23.023219, 72.620895 23.046324, 72.595928 23.045947, 72.596338 23.022841, 72.6213 23.023219))"
Ahmedabad_r03_c06,Ahmedabad,2026,3,6,2026-01-01,2026-03-31,32643,256220.0,2548070.0,258780.0,2550630.0,72.63358003148242,23.034958673982548,1.0,18.70281982421875,0.1093895435333252,0.13787691295146942,0.05838755890727043,-0.26031970977783203,0.14820903539657593,True,tiles\Ahmedabad\2026\Ahmedabad_r03_c06.tif,,,"POLYGON ((72.646263 23.023592, 72.645862 23.046698, 72.620895 23.046324, 72.6213 23.023219, 72.646263 23.023592))"
Ahmedabad_r03_c07,Ahmedabad,2026,3,7,2026-01-01,2026-03-31,32643,258780.0,2548070.0,261340.0,2550630.0,72.65854543007917,23.035330336237315,1.0,18.482666015625,0.119873046875,0.13012847304344177,0.058988526463508606,-0.2567305564880371,0.15312185883522034,True,tiles\Ahmedabad\2026\Ahmedabad_r03_c07.tif,,,"POLYGON ((72.671227 23.023962, 72.67083 23.047068, 72.645862 23.046698, 72.646263 23.023592, 72.671227 23.023962))"
Ahmedabad_r04_c00,Ahmedabad,2026,4,0,2026-01-01,2026-03-31,32643,240860.0,2545510.0,243420.0,2548070.0,72.4842276712177,23.009542940544343,1.0,18.0,0.1428571343421936,0.2952752113342285,0.030221812427043915,-0.3903205096721649,0.11327686905860901,True,tiles\Ahmedabad\2026\Ahmedabad_r04_c00.tif,,,"POLYGON ((72.49692 22.998189, 72.496493 23.021293, 72.471533 23.020896, 72.471964 22.997793, 72.49692 22.998189))"
Ahmedabad_r04_c01,Ahmedabad,2026,4,1,2026-01-01,2026-03-31,32643,243420.0,2545510.0,245980.0,2548070.0,72.50918562025105,23.009937759322803,1.0,17.99993896484375,0.1428600549697876,0.2272692173719406,0.015103754587471485,-0.2902209758758545,0.12752337753772736,True,tiles\Ahmedabad\2026\Ahmedabad_r04_c01.tif,,,"POLYGON ((72.521876 22.998582, 72.521454 23.021686, 72.496493 23.021293, 72.49692 22.998189, 72.521876 22.998582))"
Ahmedabad_r04_c02,Ahmedabad,2026,4,2,2026-01-01,2026-03-31,32643,245980.0,2545510.0,248540.0,2548070.0,72.53414411676907,23.010328650420007,1.0,17.99957275390625,0.142877459526062,0.1736954301595688,0.03910284489393234,-0.26760363578796387,0.14160361886024475,True,tiles\Ahmedabad\2026\Ahmedabad_r04_c02.tif,,,"POLYGON ((72.546832 22.998971, 72.546414 23.022075, 72.521454 23.021686, 72.521876 22.998582, 72.546832 22.998971))"
Ahmedabad_r04_c03,Ahmedabad,2026,4,3,2026-01-01,2026-03-31,32643,248540.0,2545510.0,251100.0,2548070.0,72.55910315530484,23.01071561348808,1.0,17.939224243164062,0.1457512378692627,0.17645840346813202,0.03752360865473747,-0.25840404629707336,0.12969514727592468,True,tiles\Ahmedabad\2026\Ahmedabad_r04_c03.tif,,,"POLYGON ((72.57179 22.999355, 72.571376 23.02246, 72.546414 23.022075, 72.546832 22.998971, 72.57179 22.999355))"
Ahmedabad_r04_c04,Ahmedabad,2026,4,4,2026-01-01,2026-03-31,32643,251100.0,2545510.0,253660.0,2548070.0,72.58406273039077,23.011098648182596,1.0,17.923568725585938,0.1464967131614685,0.14419937133789062,0.05589820444583893,-0.24617063999176025,0.11926598846912384,True,tiles\Ahmedabad\2026\Ahmedabad_r04_c04.tif,,,"POLYGON ((72.596747 22.999736, 72.596338 23.022841, 72.571376 23.02246, 72.57179 22.999355, 72.596747 22.999736))"
Ahmedabad_r04_c05,Ahmedabad,2026,4,5,2026-01-01,2026-03-31,32643,253660.0,2545510.0,256220.0,2548070.0,72.60902283655864,23.011477754162645,1.0,18.334564208984375,0.126925528049469,0.1639346182346344,0.051045939326286316,-0.2642996907234192,0.12158255279064178,True,tiles\Ahmedabad\2026\Ahmedabad_r04_c05.tif,,,"POLYGON ((72.621706 23.000113, 72.6213 23.023219, 72.596338 23.022841, 72.596747 22.999736, 72.621706 23.000113))"
Ahmedabad_r04_c06,Ahmedabad,2026,4,6,2026-01-01,2026-03-31,32643,256220.0,2545510.0,258780.0,2548070.0,72.63398346833942,23.011852931090786,1.0,18.690948486328125,0.109954833984375,0.13146144151687622,0.06947553157806396,-0.2737581133842468,0.1346147507429123,True,tiles\Ahmedabad\2026\Ahmedabad_r04_c06.tif,,,"POLYGON ((72.646664 23.000486, 72.646263 23.023592, 72.6213 23.023219, 72.621706 23.000113, 72.646664 23.000486))"
Ahmedabad_r04_c07,Ahmedabad,2026,4,7,2026-01-01,2026-03-31,32643,258780.0,2545510.0,261340.0,2548070.0,72.65894462026354,23.01222417863303,1.0,18.869964599609375,0.10143023729324341,0.15723499655723572,0.057021066546440125,-0.28653988242149353,0.13985511660575867,True,tiles\Ahmedabad\2026\Ahmedabad_r04_c07.tif,,,"POLYGON ((72.671624 23.000855, 72.671227 23.023962, 72.646263 23.023592, 72.646664 23.000486, 72.671624 23.000855))"
Ahmedabad_r05_c00,Ahmedabad,2026,5,0,2026-01-01,2026-03-31,32643,240860.0,2542950.0,243420.0,2545510.0,72.48465602672333,22.986439703104118,1.0,17.9979248046875,0.1429559588432312,0.287231981754303,0.035146258771419525,-0.3890613317489624,0.11583706736564636,True,tiles\Ahmedabad\2026\Ahmedabad_r05_c00.tif,,,"POLYGON ((72.497346 22.975086, 72.49692 22.998189, 72.471964 22.997793, 72.472394 22.97469, 72.497346 22.975086))"
Ahmedabad_r05_c01,Ahmedabad,2026,5,1,2026-01-01,2026-03-31,32643,243420.0,2542950.0,245980.0,2545510.0,72.50960973698126,22.986834080999284,1.0,17.8248291015625,0.1511986255645752,0.18156646192073822,0.04632185399532318,-0.288424015045166,0.1374247968196869,True,tiles\Ahmedabad\2026\Ahmedabad_r05_c01.tif,,,"POLYGON ((72.522298 22.975478, 72.521876 22.998582, 72.49692 22.998189, 72.497346 22.975086, 72.522298 22.975478))"
Ahmedabad_r05_c02,Ahmedabad,2026,5,2,2026-01-01,2026-03-31,32643,245980.0,2542950.0,248540.0,2545510.0,72.53456399430905,22.987224535596674,1.0,17.824508666992188,0.1512138843536377,0.22193613648414612,0.02621355466544628,-0.304294615983963,0.12222903966903687,True,tiles\Ahmedabad\2026\Ahmedabad_r05_c02.tif,,,"POLYGON ((72.54725 22.975866, 72.546832 22.998971, 72.521876 22.998582, 72.522298 22.975478, 72.54725 22.975866))"
Ahmedabad_r05_c03,Ahmedabad,2026,5,3,2026-01-01,2026-03-31,32643,248540.0,2542950.0,251100.0,2545510.0,72.55951879324388,22.98761106654883,1.0,17.820343017578125,0.1514122486114502,0.22839140892028809,0.03024471178650856,-0.2932768762111664,0.10536012053489685,True,tiles\Ahmedabad\2026\Ahmedabad_r05_c03.tif,,,"POLYGON ((72.572203 22.976251, 72.57179 22.999355, 72.546832 22.998971, 72.54725 22.975866, 72.572203 22.976251))"
Ahmedabad_r05_c04,Ahmedabad,2026,5,4,2026-01-01,2026-03-31,32643,251100.0,2542950.0,253660.0,2545510.0,72.58447412832238,22.98799367351184,1.0,18.086074829101562,0.1387583613395691,0.15588825941085815,0.07046491652727127,-0.2947787642478943,0.13098925352096558,True,tiles\Ahmedabad\2026\Ahmedabad_r05_c04.tif,,,"POLYGON ((72.597156 22.976631, 72.596747 22.999736, 72.57179 22.999355, 72.572203 22.976251, 72.597156 22.976631))"
Ahmedabad_r05_c05,Ahmedabad,2026,5,5,2026-01-01,2026-03-31,32643,253660.0,2542950.0,256220.0,2545510.0,72.60942999408036,22.988372356145213,1.0,18.523025512695312,0.1179511547088623,0.1259753704071045,0.057935792952775955,-0.24786671996116638,0.1452375054359436,True,tiles\Ahmedabad\2026\Ahmedabad_r05_c05.tif,,,"POLYGON ((72.62211 22.977008, 72.621706 23.000113, 72.596747 22.999736, 72.597156 22.976631, 72.62211 22.977008))"
Ahmedabad_r05_c06,Ahmedabad,2026,5,6,2026-01-01,2026-03-31,32643,256220.0,2542950.0,258780.0,2545510.0,72.63438638505295,22.98874711411195,1.0,18.480331420898438,0.1199842095375061,0.14591209590435028,0.05969788134098053,-0.2794831693172455,0.13947059214115143,True,tiles\Ahmedabad\2026\Ahmedabad_r05_c06.tif,,,"POLYGON ((72.647065 22.97738, 72.646664 23.000486, 72.621706 23.000113, 72.62211 22.977008, 72.647065 22.97738))"
Ahmedabad_r05_c07,Ahmedabad,2026,5,7,2026-01-01,2026-03-31,32643,258780.0,2542950.0,261340.0,2545510.0,72.65934329577473,22.989117947078547,1.0,17.60888671875,0.1614815592765808,0.2005334496498108,0.053573235869407654,-0.3292495906352997,0.13427099585533142,True,tiles\Ahmedabad\2026\Ahmedabad_r05_c07.tif,,,"POLYGON ((72.67202 22.977749, 72.671624 23.000855, 72.646664 23.000486, 72.647065 22.97738, 72.67202 22.977749))"
Ahmedabad_r06_c00,Ahmedabad,2026,6,0,2026-01-01,2026-03-31,32643,240860.0,2540390.0,243420.0,2542950.0,72.48508382969689,22.963336390788708,1.0,17.866424560546875,0.1492179036140442,0.37189581990242004,-0.03363844007253647,-0.37935858964920044,0.0976211354136467,True,tiles\Ahmedabad\2026\Ahmedabad_r06_c00.tif,,,"POLYGON ((72.497771 22.951982, 72.497346 22.975086, 72.472394 22.97469, 72.472824 22.951587, 72.497771 22.951982))"
Ahmedabad_r06_c01,Ahmedabad,2026,6,1,2026-01-01,2026-03-31,32643,243420.0,2540390.0,245980.0,2542950.0,72.51003330664145,22.963730327945854,1.0,17.753738403320312,0.1545838713645935,0.34832191467285156,-0.043334607034921646,-0.3355245590209961,0.09968270361423492,True,tiles\Ahmedabad\2026\Ahmedabad_r06_c01.tif,,,"POLYGON ((72.522719 22.952374, 72.522298 22.975478, 72.497346 22.975086, 72.497771 22.951982, 72.522719 22.952374))"
Ahmedabad_r06_c02,Ahmedabad,2026,6,2,2026-01-01,2026-03-31,32643,245980.0,2540390.0,248540.0,2542950.0,72.53498333024176,22.96412034618724,1.0,17.866653442382812,0.1492069959640503,0.3153519034385681,0.03270195052027702,-0.40344536304473877,0.10261766612529755,True,tiles\Ahmedabad\2026\Ahmedabad_r06_c02.tif,,,"POLYGON ((72.547667 22.952762, 72.54725 22.975866, 72.522298 22.975478, 72.522719 22.952374, 72.547667 22.952762))"
Ahmedabad_r06_c03,Ahmedabad,2026,6,3,2026-01-01,2026-03-31,32643,248540.0,2540390.0,251100.0,2542950.0,72.55993389503918,22.964506445165902,1.0,17.408706665039062,0.1710139513015747,0.20741742849349976,0.07785923779010773,-0.3544686436653137,0.11327643692493439,True,tiles\Ahmedabad\2026\Ahmedabad_r06_c03.tif,,,"POLYGON ((72.572616 22.953146, 72.572203 22.976251, 72.54725 22.975866, 72.547667 22.952762, 72.572616 22.953146))"
Ahmedabad_r06_c04,Ahmedabad,2026,6,4,2026-01-01,2026-03-31,32643,251100.0,2540390.0,253660.0,2542950.0,72.58488499557438,22.964888624538354,1.0,17.34326171875,0.174130380153656,0.1668061912059784,0.0809878557920456,-0.32006192207336426,0.12337742745876312,True,tiles\Ahmedabad\2026\Ahmedabad_r06_c04.tif,,,"POLYGON ((72.597565 22.953526, 72.597156 22.976631, 72.572203 22.976251, 72.572616 22.953146, 72.597565 22.953526))"
Ahmedabad_r06_c05,Ahmedabad,2026,6,5,2026-01-01,2026-03-31,32643,253660.0,2540390.0,256220.0,2542950.0,72.60983662638728,22.965266883964564,1.0,18.148284912109375,0.1357959508895874,0.1460529863834381,0.0637972354888916,-0.2823418974876404,0.14608950912952423,True,tiles\Ahmedabad\2026\Ahmedabad_r06_c05.tif,,,"POLYGON ((72.622515 22.953902, 72.62211 22.977008, 72.597156 22.976631, 72.597565 22.953526, 72.622515 22.953902))"
Ahmedabad_r06_c06,Ahmedabad,2026,6,6,2026-01-01,2026-03-31,32643,256220.0,2540390.0,258780.0,2542950.0,72.63478878201721,22.965641223107994,1.0,18.283126831054688,0.1293749213218689,0.18104884028434753,0.06372993439435959,-0.3146859109401703,0.1157081127166748,True,tiles\Ahmedabad\2026\Ahmedabad_r06_c06.tif,,,"POLYGON ((72.647465 22.954274, 72.647065 22.97738, 72.62211 22.977008, 72.622515 22.953902, 72.647465 22.954274))"
Ahmedabad_r06_c07,Ahmedabad,2026,6,7,2026-01-01,2026-03-31,32643,258780.0,2540390.0,261340.0,2542950.0,72.6597414570028,22.96601164163559,1.0,17.550674438476562,0.1642535924911499,0.30357569456100464,0.022874727845191956,-0.3906431198120117,0.10295888036489487,True,tiles\Ahmedabad\2026\Ahmedabad_r06_c07.tif,,,"POLYGON ((72.672416 22.954642, 72.67202 22.977749, 72.647065 22.97738, 72.647465 22.954274, 72.672416 22.954642))"
Ahmedabad_r07_c00,Ahmedabad,2026,7,0,2026-01-01,2026-03-31,32643,240860.0,2537830.0,243420.0,2540390.0,72.4855110805566,22.94023300366133,1.0,17.374969482421875,0.1726204752922058,0.45148423314094543,-0.10416685044765472,-0.36854100227355957,0.07936783879995346,True,tiles\Ahmedabad\2026\Ahmedabad_r07_c00.tif,,,"POLYGON ((72.498196 22.928879, 72.497771 22.951982, 72.472824 22.951587, 72.473253 22.928483, 72.498196 22.928879))"
Ahmedabad_r07_c01,Ahmedabad,2026,7,1,2026-01-01,2026-03-31,32643,243420.0,2537830.0,245980.0,2540390.0,72.51045632964575,22.940626500225505,1.0,17.543716430664062,0.1645849347114563,0.43096616864204407,-0.07778715342283249,-0.3900620639324188,0.08748038113117218,True,tiles\Ahmedabad\2026\Ahmedabad_r07_c01.tif,,,"POLYGON ((72.523139 22.92927, 72.522719 22.952374, 72.497771 22.951982, 72.498196 22.928879, 72.523139 22.92927))"
Ahmedabad_r07_c02,Ahmedabad,2026,7,2,2026-01-01,2026-03-31,32643,245980.0,2537830.0,248540.0,2540390.0,72.53540212497725,22.941016082254517,1.0,17.5247802734375,0.1654866337776184,0.396701455116272,-0.07059034705162048,-0.35227519273757935,0.08347900211811066,True,tiles\Ahmedabad\2026\Ahmedabad_r07_c02.tif,,,"POLYGON ((72.548083 22.929657, 72.547667 22.952762, 72.522719 22.952374, 72.523139 22.92927, 72.548083 22.929657))"
Ahmedabad_r07_c03,Ahmedabad,2026,7,3,2026-01-01,2026-03-31,32643,248540.0,2537830.0,251100.0,2540390.0,72.56034846109658,22.941401749401862,1.0,17.815811157226562,0.1516280174255371,0.28962135314941406,0.05010387301445007,-0.40638476610183716,0.10781848430633545,True,tiles\Ahmedabad\2026\Ahmedabad_r07_c03.tif,,,"POLYGON ((72.573028 22.930041, 72.572616 22.953146, 72.547667 22.952762, 72.548083 22.929657, 72.573028 22.930041))"
Ahmedabad_r07_c04,Ahmedabad,2026,7,4,2026-01-01,2026-03-31,32643,251100.0,2537830.0,253660.0,2540390.0,72.58529533254848,22.94178350132451,1.0,18.24102783203125,0.1313796043395996,0.2651689350605011,0.007487553637474775,-0.3251664936542511,0.11464426666498184,True,tiles\Ahmedabad\2026\Ahmedabad_r07_c04.tif,,,"POLYGON ((72.597973 22.93042, 72.597565 22.953526, 72.572616 22.953146, 72.573028 22.930041, 72.597973 22.93042))"
Ahmedabad_r07_c05,Ahmedabad,2026,7,5,2026-01-01,2026-03-31,32643,253660.0,2537830.0,256220.0,2540390.0,72.61024273387703,22.94216133768289,1.0,18.382064819335938,0.1246635913848877,0.2878662347793579,0.0003400612622499466,-0.34549400210380554,0.11522438377141953,True,tiles\Ahmedabad\2026\Ahmedabad_r07_c05.tif,,,"POLYGON ((72.622918 22.930796, 72.622515 22.953902, 72.597565 22.953526, 72.597973 22.93042, 72.622918 22.930796))"
Ahmedabad_r07_c06,Ahmedabad,2026,7,6,2026-01-01,2026-03-31,32643,256220.0,2537830.0,258780.0,2540390.0,72.63519065962564,22.942535258140907,1.0,18.283447265625,0.1293596625328064,0.2596210241317749,0.04332179203629494,-0.3734777569770813,0.11466492712497711,True,tiles\Ahmedabad\2026\Ahmedabad_r07_c06.tif,,,"POLYGON ((72.647864 22.931168, 72.647465 22.954274, 72.622515 22.953902, 72.622918 22.930796, 72.647864 22.931168))"
Ahmedabad_r07_c07,Ahmedabad,2026,7,7,2026-01-01,2026-03-31,32643,258780.0,2537830.0,261340.0,2540390.0,72.66013910433708,22.94290526236592,1.0,17.824951171875,0.1511927843093872,0.31374967098236084,0.03895304724574089,-0.4262695908546448,0.11276372522115707,True,tiles\Ahmedabad\2026\Ahmedabad_r07_c07.tif,,,"POLYGON ((72.672811 22.931536, 72.672416 22.954642, 72.647465 22.954274, 72.647864 22.931168, 72.672811 22.931536))"
Bengaluru_r00_c00,Bengaluru,2020,0,0,2020-01-01,2020-03-31,32643,771240.0,1443110.0,773800.0,1445670.0,77.5128729944078,13.05338700992583,1.0,14.47528076171875,0.14851289987564087,0.2301730215549469,0.05445548892021179,-0.35459446907043457,0.12501198053359985,True,tiles\Bengaluru\2020\Bengaluru_r00_c00.tif,17.0,1.6,"POLYGON ((77.52455 13.041709, 77.524785 13.064836, 77.501195 13.065065, 77.500962 13.041938, 77.52455 13.041709))"
Bengaluru_r00_c01,Bengaluru,2020,0,1,2020-01-01,2020-03-31,32643,773800.0,1443110.0,776360.0,1445670.0,77.53646221032497,13.053156699247559,1.0,14.05755615234375,0.17308491468429565,0.4231666028499603,-0.022086933255195618,-0.44834962487220764,0.08344388008117676,True,tiles\Bengaluru\2020\Bengaluru_r00_c01.tif,17.0,1.6,"POLYGON ((77.548138 13.041478, 77.548375 13.064604, 77.524785 13.064836, 77.52455 13.041709, 77.548138 13.041478))"
Bengaluru_r00_c02,Bengaluru,2020,0,2,2020-01-01,2020-03-31,32643,776360.0,1443110.0,778920.0,1445670.0,77.56005097146506,13.052924242115079,1.0,13.99896240234375,0.1765316128730774,0.34239351749420166,-0.003346578683704138,-0.396554172039032,0.10184283554553986,True,tiles\Bengaluru\2020\Bengaluru_r00_c02.tif,17.0,1.6,"POLYGON ((77.571726 13.041244, 77.571965 13.06437, 77.548375 13.064604, 77.548138 13.041478, 77.571726 13.041244))"
Bengaluru_r00_c03,Bengaluru,2020,0,3,2020-01-01,2020-03-31,32643,778920.0,1443110.0,781480.0,1445670.0,77.58363927361144,13.052689638721409,1.0,14.04339599609375,0.17391788959503174,0.25809013843536377,0.0011119470000267029,-0.3174867033958435,0.10993052273988724,True,tiles\Bengaluru\2020\Bengaluru_r00_c03.tif,17.0,1.6,"POLYGON ((77.595313 13.041009, 77.595554 13.064134, 77.571965 13.06437, 77.571726 13.041244, 77.595313 13.041009))"
Bengaluru_r00_c04,Bengaluru,2020,0,4,2020-01-01,2020-03-31,32643,781480.0,1443110.0,784040.0,1445670.0,77.60722711254813,13.052452889261373,1.0,13.82965087890625,0.18649113178253174,0.251788854598999,-0.0022923205979168415,-0.30488085746765137,0.12092483043670654,True,tiles\Bengaluru\2020\Bengaluru_r00_c04.tif,17.0,1.6,"POLYGON ((77.618899 13.040771, 77.619143 13.063896, 77.595554 13.064134, 77.595313 13.041009, 77.618899 13.040771))"
Bengaluru_r00_c05,Bengaluru,2020,0,5,2020-01-01,2020-03-31,32643,784040.0,1443110.0,786600.0,1445670.0,77.63081448405939,13.05221399393154,1.0,14.06402587890625,0.17270433902740479,0.20803715288639069,0.07036461681127548,-0.3706691861152649,0.1366826593875885,True,tiles\Bengaluru\2020\Bengaluru_r00_c05.tif,17.0,1.6,"POLYGON ((77.642485 13.040532, 77.642731 13.063656, 77.619143 13.063896, 77.618899 13.040771, 77.642485 13.040532))"
Bengaluru_r00_c06,Bengaluru,2020,0,6,2020-01-01,2020-03-31,32643,786600.0,1443110.0,789160.0,1445670.0,77.65440138393005,13.05197295293028,1.0,14.2183837890625,0.16362446546554565,0.30443915724754333,0.01495356485247612,-0.3756392002105713,0.11674845963716507,True,tiles\Bengaluru\2020\Bengaluru_r00_c06.tif,17.0,1.6,"POLYGON ((77.666071 13.04029, 77.666319 13.063414, 77.642731 13.063656, 77.642485 13.040532, 77.666071 13.04029))"
Bengaluru_r00_c07,Bengaluru,2020,0,7,2020-01-01,2020-03-31,32643,789160.0,1443110.0,791720.0,1445670.0,77.67798780794539,13.051729766457717,1.0,13.82366943359375,0.18684297800064087,0.362856388092041,-0.002888048067688942,-0.4239999055862427,0.10694397240877151,True,tiles\Bengaluru\2020\Bengaluru_r00_c07.tif,17.0,1.6,"POLYGON ((77.689656 13.040046, 77.689906 13.063169, 77.666319 13.063414, 77.666071 13.04029, 77.689656 13.040046))"
Bengaluru_r01_c00,Bengaluru,2020,1,0,2020-01-01,2020-03-31,32643,771240.0,1440550.0,773800.0,1443110.0,77.51263939710311,13.030260123044377,1.0,14.321990966796875,0.15752995014190674,0.2410983443260193,0.04813980683684349,-0.3456582725048065,0.12004030495882034,True,tiles\Bengaluru\2020\Bengaluru_r01_c00.tif,17.0,1.6,"POLYGON ((77.524316 13.018582, 77.52455 13.041709, 77.500962 13.041938, 77.50073 13.018811, 77.524316 13.018582))"
Bengaluru_r01_c01,Bengaluru,2020,1,1,2020-01-01,2020-03-31,32643,773800.0,1440550.0,776360.0,1443110.0,77.53622642586615,13.030030234293857,1.0,14.682159423828125,0.13634353876113892,0.2682988941669464,0.04434013366699219,-0.37043148279190063,0.10994800180196762,True,tiles\Bengaluru\2020\Bengaluru_r01_c01.tif,17.0,1.6,"POLYGON ((77.547902 13.018351, 77.548138 13.041478, 77.52455 13.041709, 77.524316 13.018582, 77.547902 13.018351))"
Bengaluru_r01_c02,Bengaluru,2020,1,2,2020-01-01,2020-03-31,32643,776360.0,1440550.0,778920.0,1443110.0,77.55981300005406,13.029798203020647,1.0,14.003692626953125,0.17625337839126587,0.28107959032058716,0.01267574168741703,-0.34731176495552063,0.10976462066173553,True,tiles\Bengaluru\2020\Bengaluru_r01_c02.tif,17.0,1.6,"POLYGON ((77.571487 13.018119, 77.571726 13.041244, 77.548138 13.041478, 77.547902 13.018351, 77.571487 13.018119))"
Bengaluru_r01_c03,Bengaluru,2020,1,3,2020-01-01,2020-03-31,32643,778920.0,1440550.0,781480.0,1443110.0,77.58339911545222,13.029564029417402,1.0,13.9818115234375,0.17754048109054565,0.2929375469684601,0.014749879017472267,-0.367573618888855,0.10775475203990936,True,tiles\Bengaluru\2020\Bengaluru_r01_c03.tif,17.0,1.6,"POLYGON ((77.595072 13.017884, 77.595313 13.041009, 77.571726 13.041244, 77.571487 13.018119, 77.595072 13.017884))"
Bengaluru_r01_c04,Bengaluru,2020,1,4,2020-01-01,2020-03-31,32643,781480.0,1440550.0,784040.0,1443110.0,77.60698476784634,13.029327713678551,1.0,13.60858154296875,0.19949519634246826,0.17273089289665222,0.06193169578909874,-0.30080458521842957,0.13525956869125366,True,tiles\Bengaluru\2020\Bengaluru_r01_c04.tif,17.0,1.6,"POLYGON ((77.618656 13.017646, 77.618899 13.040771, 77.595313 13.041009, 77.595072 13.017884, 77.618656 13.017646))"
Bengaluru_r01_c05,Bengaluru,2020,1,5,2020-01-01,2020-03-31,32643,784040.0,1440550.0,786600.0,1443110.0,77.63056995302267,13.029089256000306,1.0,13.560699462890625,0.20231181383132935,0.1998598575592041,0.05151784420013428,-0.3164985775947571,0.12913444638252258,True,tiles\Bengaluru\2020\Bengaluru_r01_c05.tif,17.0,1.6,"POLYGON ((77.64224 13.017407, 77.642485 13.040532, 77.618899 13.040771, 77.618656 13.017646, 77.64224 13.017407))"
Bengaluru_r01_c06,Bengaluru,2020,1,6,2020-01-01,2020-03-31,32643,786600.0,1440550.0,789160.0,1443110.0,77.65415466676785,13.028848656580632,1.0,13.24188232421875,0.22106575965881348,0.21183446049690247,0.0474020391702652,-0.3381991982460022,0.13497868180274963,True,tiles\Bengaluru\2020\Bengaluru_r01_c06.tif,17.0,1.6,"POLYGON ((77.665823 13.017166, 77.666071 13.04029, 77.642485 13.040532, 77.64224 13.017407, 77.665823 13.017166))"
Bengaluru_r01_c07,Bengaluru,2020,1,7,2020-01-01,2020-03-31,32643,789160.0,1440550.0,791720.0,1443110.0,77.67773890486897,13.028605915619265,1.0,12.630828857421875,0.2570100426673889,0.18624065816402435,0.06725586205720901,-0.33996301889419556,0.14861929416656494,True,tiles\Bengaluru\2020\Bengaluru_r01_c07.tif,17.0,1.6,"POLYGON ((77.689406 13.016922, 77.689656 13.040046, 77.666071 13.04029, 77.665823 13.017166, 77.689406 13.016922))"
Bengaluru_r02_c00,Bengaluru,2020,2,0,2020-01-01,2020-03-31,32643,771240.0,1437990.0,773800.0,1440550.0,77.51240625015849,13.00713319085982,1.0,14.4736328125,0.14860981702804565,0.1758178323507309,0.06886717677116394,-0.31323570013046265,0.13528168201446533,True,tiles\Bengaluru\2020\Bengaluru_r02_c00.tif,17.0,1.6,"POLYGON ((77.524082 12.995455, 77.524316 13.018582, 77.50073 13.018811, 77.500498 12.995684, 77.524082 12.995455))"
Bengaluru_r02_c01,Bengaluru,2020,2,1,2020-01-01,2020-03-31,32643,773800.0,1437990.0,776360.0,1440550.0,77.53599109598252,13.006903723961862,1.0,14.3873291015625,0.1536865234375,0.19703908264636993,0.03636426106095314,-0.2908472716808319,0.12465011328458786,True,tiles\Bengaluru\2020\Bengaluru_r02_c01.tif,17.0,1.6,"POLYGON ((77.547665 12.995225, 77.547902 13.018351, 77.524316 13.018582, 77.524082 12.995455, 77.547665 12.995225))"
Bengaluru_r02_c02,Bengaluru,2020,2,2,2020-01-01,2020-03-31,32643,776360.0,1437990.0,778920.0,1440550.0,77.559575487433,13.006672118472043,1.0,14.435211181640625,0.15086990594863892,0.2829703986644745,0.014451030641794205,-0.3473834693431854,0.10582597553730011,True,tiles\Bengaluru\2020\Bengaluru_r02_c02.tif,17.0,1.6,"POLYGON ((77.571248 12.994993, 77.571487 13.018119, 77.547902 13.018351, 77.547665 12.995225, 77.571248 12.994993))"
Bengaluru_r02_c03,Bengaluru,2020,2,3,2020-01-01,2020-03-31,32643,778920.0,1437990.0,781480.0,1440550.0,77.5831594202971,13.006438374582642,1.0,13.599761962890625,0.20001399517059326,0.32936185598373413,-0.0025252331979572773,-0.3739979863166809,0.10108223557472229,True,tiles\Bengaluru\2020\Bengaluru_r02_c03.tif,17.0,1.6,"POLYGON ((77.594831 12.994758, 77.595072 13.017884, 77.571487 13.018119, 77.571248 12.994993, 77.594831 12.994758))"
Bengaluru_r02_c04,Bengaluru,2020,2,4,2020-01-01,2020-03-31,32643,781480.0,1437990.0,784040.0,1440550.0,77.60674289036248,13.006202492487715,1.0,13.7508544921875,0.19112622737884521,0.26063910126686096,0.035765670239925385,-0.3560211658477783,0.11527107656002045,True,tiles\Bengaluru\2020\Bengaluru_r02_c04.tif,17.0,1.6,"POLYGON ((77.618413 12.994521, 77.618656 13.017646, 77.595072 13.017884, 77.594831 12.994758, 77.618413 12.994521))"
Bengaluru_r02_c05,Bengaluru,2020,2,5,2020-01-01,2020-03-31,32643,784040.0,1437990.0,786600.0,1440550.0,77.6303258934172,13.005964472383077,1.0,12.760711669921875,0.24936991930007935,0.21528847515583038,0.043974414467811584,-0.32011258602142334,0.1262378692626953,True,tiles\Bengaluru\2020\Bengaluru_r02_c05.tif,17.0,1.6,"POLYGON ((77.641995 12.994282, 77.64224 13.017407, 77.618656 13.017646, 77.618413 12.994521, 77.641995 12.994282))"
Bengaluru_r02_c06,Bengaluru,2020,2,6,2020-01-01,2020-03-31,32643,786600.0,1437990.0,789160.0,1440550.0,77.65390842524978,13.005724314466319,1.0,13.094482421875,0.229736328125,0.28706610202789307,0.027046244591474533,-0.3771151900291443,0.10946880280971527,True,tiles\Bengaluru\2020\Bengaluru_r02_c06.tif,17.0,1.6,"POLYGON ((77.665576 12.994041, 77.665823 13.017166, 77.64224 13.017407, 77.641995 12.994282, 77.665576 12.994041))"
Bengaluru_r02_c07,Bengaluru,2020,2,7,2020-01-01,2020-03-31,32643,789160.0,1437990.0,791720.0,1440550.0,77.67749048164917,13.005482018936792,1.0,13.16650390625,0.22549974918365479,0.24417433142662048,0.04043419286608696,-0.3367157578468323,0.12076474726200104,True,tiles\Bengaluru\2020\Bengaluru_r02_c07.tif,17.0,1.6,"POLYGON ((77.689157 12.993798, 77.689406 13.016922, 77.665823 13.017166, 77.665576 12.994041, 77.689157 12.993798))"
Bengaluru_r03_c00,Bengaluru,2020,3,0,2020-01-01,2020-03-31,32643,771240.0,1435430.0,773800.0,1437990.0,77.51217355337432,12.984006213448371,1.0,14.353973388671875,0.15564864873886108,0.21716193854808807,0.057016246020793915,-0.3422989845275879,0.12491121888160706,True,tiles\Bengaluru\2020\Bengaluru_r03_c00.tif,17.0,1.6,"POLYGON ((77.523848 12.972329, 77.524082 12.995455, 77.500498 12.995684, 77.500266 12.972556, 77.523848 12.972329))"
Bengaluru_r03_c01,Bengaluru,2020,3,1,2020-01-01,2020-03-31,32643,773800.0,1435430.0,776360.0,1437990.0,77.53575622047258,12.983777168327949,1.0,14.3604736328125,0.15526628494262695,0.1916763186454773,0.037184055894613266,-0.2848409414291382,0.12594248354434967,True,tiles\Bengaluru\2020\Bengaluru_r03_c01.tif,17.0,1.6,"POLYGON ((77.54743 12.972099, 77.547665 12.995225, 77.524082 12.995455, 77.523848 12.972329, 77.54743 12.972099))"
Bengaluru_r03_c02,Bengaluru,2020,3,2,2020-01-01,2020-03-31,32643,776360.0,1435430.0,778920.0,1437990.0,77.5593384333984,12.98354598854579,1.0,13.706512451171875,0.19373458623886108,0.20347008109092712,0.04404686018824577,-0.3004330098628998,0.1197822093963623,True,tiles\Bengaluru\2020\Bengaluru_r03_c02.tif,17.0,1.6,"POLYGON ((77.571011 12.971867, 77.571248 12.994993, 77.547665 12.995225, 77.54743 12.972099, 77.571011 12.971867))"
Bengaluru_r03_c03,Bengaluru,2020,3,3,2020-01-01,2020-03-31,32643,778920.0,1435430.0,781480.0,1437990.0,77.58292018794081,12.983312674293806,1.0,13.096954345703125,0.22959089279174805,0.3329549729824066,-0.004413446877151728,-0.3785206079483032,0.10036647319793701,True,tiles\Bengaluru\2020\Bengaluru_r03_c03.tif,17.0,1.6,"POLYGON ((77.594591 12.971633, 77.594831 12.994758, 77.571248 12.994993, 77.571011 12.971867, 77.594591 12.971633))"
Bengaluru_r03_c04,Bengaluru,2020,3,4,2020-01-01,2020-03-31,32643,781480.0,1435430.0,784040.0,1437990.0,77.60650147988939,12.983077225765678,1.0,13.10321044921875,0.22922289371490479,0.2905970811843872,0.013352643698453903,-0.349826842546463,0.10483763366937637,True,tiles\Bengaluru\2020\Bengaluru_r03_c04.tif,17.0,1.6,"POLYGON ((77.618171 12.971396, 77.618413 12.994521, 77.594831 12.994758, 77.594591 12.971633, 77.618171 12.971396))"
Bengaluru_r03_c05,Bengaluru,2020,3,5,2020-01-01,2020-03-31,32643,784040.0,1435430.0,786600.0,1437990.0,77.63008230503398,12.982839643156842,1.0,13.0576171875,0.23190486431121826,0.29398810863494873,0.021166928112506866,-0.3582797646522522,0.09928369522094727,True,tiles\Bengaluru\2020\Bengaluru_r03_c05.tif,17.0,1.6,"POLYGON ((77.64175 12.971158, 77.641995 12.994282, 77.618413 12.994521, 77.618171 12.971396, 77.64175 12.971158))"
Bengaluru_r03_c06,Bengaluru,2020,3,6,2020-01-01,2020-03-31,32643,786600.0,1435430.0,789160.0,1437990.0,77.65366265916501,12.982599926664498,1.0,12.92132568359375,0.23992204666137695,0.34519723057746887,-0.001462623942643404,-0.389867901802063,0.10257484763860703,True,tiles\Bengaluru\2020\Bengaluru_r03_c06.tif,17.0,1.6,"POLYGON ((77.665329 12.970917, 77.665576 12.994041, 77.641995 12.994282, 77.64175 12.971158, 77.665329 12.970917))"
Bengaluru_r03_c07,Bengaluru,2020,3,7,2020-01-01,2020-03-31,32643,789160.0,1435430.0,791720.0,1437990.0,77.67724253807323,12.982358076487609,1.0,13.52490234375,0.20441752672195435,0.27143773436546326,0.010958448983728886,-0.3478907644748688,0.12175975739955902,True,tiles\Bengaluru\2020\Bengaluru_r03_c07.tif,17.0,1.6,"POLYGON ((77.688908 12.970675, 77.689157 12.993798, 77.665576 12.994041, 77.665329 12.970917, 77.688908 12.970675))"
Bengaluru_r04_c00,Bengaluru,2020,4,0,2020-01-01,2020-03-31,32643,771240.0,1432870.0,773800.0,1435430.0,77.51194130655126,12.960879190886265,1.0,13.607879638671875,0.1995365023612976,0.269142210483551,0.02747551165521145,-0.35828423500061035,0.1135590672492981,True,tiles\Bengaluru\2020\Bengaluru_r04_c00.tif,17.0,1.6,"POLYGON ((77.523615 12.949202, 77.523848 12.972329, 77.500266 12.972556, 77.500036 12.949429, 77.523615 12.949202))"
Bengaluru_r04_c01,Bengaluru,2020,4,1,2020-01-01,2020-03-31,32643,773800.0,1432870.0,776360.0,1435430.0,77.53552179913513,12.960650567468491,1.0,13.746490478515625,0.19138288497924805,0.19602689146995544,0.03838200122117996,-0.28828394412994385,0.12382516264915466,True,tiles\Bengaluru\2020\Bengaluru_r04_c01.tif,17.0,1.6,"POLYGON ((77.547194 12.948972, 77.54743 12.972099, 77.523848 12.972329, 77.523615 12.949202, 77.547194 12.948972))"
Bengaluru_r04_c02,Bengaluru,2020,4,2,2020-01-01,2020-03-31,32643,776360.0,1432870.0,778920.0,1435430.0,77.55910183774724,12.960419813318424,1.0,14.017669677734375,0.17543119192123413,0.19570547342300415,0.049150500446558,-0.2954801917076111,0.12348994612693787,True,tiles\Bengaluru\2020\Bengaluru_r04_c02.tif,17.0,1.6,"POLYGON ((77.570773 12.948741, 77.571011 12.971867, 77.54743 12.972099, 77.547194 12.948972, 77.570773 12.948741))"
Bengaluru_r04_c03,Bengaluru,2020,4,3,2020-01-01,2020-03-31,32643,778920.0,1432870.0,781480.0,1435430.0,77.58268141817855,12.960186928627596,1.0,13.0140380859375,0.23446834087371826,0.21491873264312744,0.05095253139734268,-0.3197314143180847,0.1161869466304779,True,tiles\Bengaluru\2020\Bengaluru_r04_c03.tif,17.0,1.6,"POLYGON ((77.594351 12.948507, 77.594591 12.971633, 77.571011 12.971867, 77.570773 12.948741, 77.594351 12.948507))"
Bengaluru_r04_c04,Bengaluru,2020,4,4,2020-01-01,2020-03-31,32643,781480.0,1432870.0,784040.0,1435430.0,77.60626053622036,12.95995191358931,1.0,12.22137451171875,0.28109562397003174,0.28322282433509827,0.025457143783569336,-0.36358070373535156,0.10652557015419006,True,tiles\Bengaluru\2020\Bengaluru_r04_c04.tif,17.0,1.6,"POLYGON ((77.617929 12.948271, 77.618171 12.971396, 77.594591 12.971633, 77.594351 12.948507, 77.617929 12.948271))"
Bengaluru_r04_c05,Bengaluru,2020,4,5,2020-01-01,2020-03-31,32643,784040.0,1432870.0,786600.0,1435430.0,77.62983918766447,12.95971476839862,1.0,12.559539794921875,0.2612035274505615,0.3623300790786743,0.009463327005505562,-0.4277344346046448,0.0956592708826065,True,tiles\Bengaluru\2020\Bengaluru_r04_c05.tif,17.0,1.6,"POLYGON ((77.641506 12.948033, 77.64175 12.971158, 77.618171 12.971396, 77.617929 12.948271, 77.641506 12.948033))"
Bengaluru_r04_c06,Bengaluru,2020,4,6,2020-01-01,2020-03-31,32643,786600.0,1432870.0,789160.0,1435430.0,77.65341736830311,12.959475493252336,1.0,12.452850341796875,0.26747941970825195,0.2985208034515381,0.022289065644145012,-0.3733457922935486,0.1118665412068367,True,tiles\Bengaluru\2020\Bengaluru_r04_c06.tif,17.0,1.6,"POLYGON ((77.665083 12.947793, 77.665329 12.970917, 77.64175 12.971158, 77.641506 12.948033, 77.665083 12.947793))"
Bengaluru_r04_c07,Bengaluru,2020,4,7,2020-01-01,2020-03-31,32643,789160.0,1432870.0,791720.0,1435430.0,77.67699507392895,12.95923408834905,1.0,13.16021728515625,0.22586959600448608,0.29588091373443604,0.05401844158768654,-0.4044535756111145,0.11265042424201965,True,tiles\Bengaluru\2020\Bengaluru_r04_c07.tif,17.0,1.6,"POLYGON ((77.68866 12.947551, 77.688908 12.970675, 77.665329 12.970917, 77.665083 12.947793, 77.68866 12.947551))"
Bengaluru_r05_c00,Bengaluru,2020,5,0,2020-01-01,2020-03-31,32643,771240.0,1430310.0,773800.0,1432870.0,77.51170950949053,12.937752123249755,1.0,14.134674072265625,0.168548583984375,0.35014593601226807,0.02709404192864895,-0.4398890435695648,0.0957941934466362,True,tiles\Bengaluru\2020\Bengaluru_r05_c00.tif,17.0,1.6,"POLYGON ((77.523382 12.926075, 77.523615 12.949202, 77.500036 12.949429, 77.499805 12.926302, 77.523382 12.926075))"
Bengaluru_r05_c01,Bengaluru,2020,5,1,2020-01-01,2020-03-31,32643,773800.0,1430310.0,776360.0,1432870.0,77.53528783176951,12.93752392145991,1.0,13.946380615234375,0.17962467670440674,0.22986522316932678,0.04190871864557266,-0.33286917209625244,0.1246848851442337,True,tiles\Bengaluru\2020\Bengaluru_r05_c01.tif,17.0,1.6,"POLYGON ((77.54696 12.925846, 77.547194 12.948972, 77.523615 12.949202, 77.523382 12.926075, 77.54696 12.925846))"
Bengaluru_r05_c02,Bengaluru,2020,5,2,2020-01-01,2020-03-31,32643,776360.0,1430310.0,778920.0,1432870.0,77.55886570027704,12.937293592866508,1.0,13.66912841796875,0.19593364000320435,0.20027923583984375,0.03680548071861267,-0.291917085647583,0.12318283319473267,True,tiles\Bengaluru\2020\Bengaluru_r05_c02.tif,17.0,1.6,"POLYGON ((77.570536 12.925615, 77.570773 12.948741, 77.547194 12.948972, 77.54696 12.925846, 77.570536 12.925615))"
Bengaluru_r05_c03,Bengaluru,2020,5,3,2020-01-01,2020-03-31,32643,778920.0,1430310.0,781480.0,1432870.0,77.58244311080585,12.937061137660718,1.0,12.993499755859375,0.23567646741867065,0.2696908712387085,0.00784693006426096,-0.3196571469306946,0.1077960729598999,True,tiles\Bengaluru\2020\Bengaluru_r05_c03.tif,17.0,1.6,"POLYGON ((77.594112 12.925381, 77.594351 12.948507, 77.570773 12.948741, 77.570536 12.925615, 77.594112 12.925381))"
Bengaluru_r05_c04,Bengaluru,2020,5,4,2020-01-01,2020-03-31,32643,781480.0,1430310.0,784040.0,1432870.0,77.60602005914915,12.936826556035472,1.0,11.980743408203125,0.29525041580200195,0.27822208404541016,0.01622638665139675,-0.34675976634025574,0.11235101521015167,True,tiles\Bengaluru\2020\Bengaluru_r05_c04.tif,17.0,1.6,"POLYGON ((77.617688 12.925146, 77.617929 12.948271, 77.594351 12.948507, 77.594112 12.925381, 77.617688 12.925146))"
Bengaluru_r05_c05,Bengaluru,2020,5,5,2020-01-01,2020-03-31,32643,784040.0,1430310.0,786600.0,1432870.0,77.62959654110057,12.936589848185431,1.0,12.0428466796875,0.29159724712371826,0.30379390716552734,0.016715427860617638,-0.379714697599411,0.10846762359142303,True,tiles\Bengaluru\2020\Bengaluru_r05_c05.tif,17.0,1.6,"POLYGON ((77.641263 12.924908, 77.641506 12.948033, 77.617929 12.948271, 77.617688 12.925146, 77.641263 12.924908))"
Bengaluru_r05_c06,Bengaluru,2020,5,6,2020-01-01,2020-03-31,32643,786600.0,1430310.0,789160.0,1432870.0,77.65317255245414,12.936351014307032,1.0,12.237518310546875,0.2801460027694702,0.5310152769088745,-0.09379641711711884,-0.5050775408744812,0.07676044851541519,True,tiles\Bengaluru\2020\Bengaluru_r05_c06.tif,17.0,1.6,"POLYGON ((77.664838 12.924669, 77.665083 12.947793, 77.641506 12.948033, 77.641263 12.924908, 77.664838 12.924669))"
Bengaluru_r05_c07,Bengaluru,2020,5,7,2020-01-01,2020-03-31,32643,789160.0,1430310.0,791720.0,1432870.0,77.67674808900442,12.936110054598466,1.0,12.273956298828125,0.2780025601387024,0.34141966700553894,-0.03732362017035484,-0.3460979461669922,0.10444007813930511,True,tiles\Bengaluru\2020\Bengaluru_r05_c07.tif,17.0,1.6,"POLYGON ((77.688412 12.924427, 77.68866 12.947551, 77.665083 12.947793, 77.664838 12.924669, 77.688412 12.924427))"
Bengaluru_r06_c00,Bengaluru,2020,6,0,2020-01-01,2020-03-31,32643,771240.0,1427750.0,773800.0,1430310.0,77.51147816199368,12.914625010615127,1.0,14.072784423828125,0.17218917608261108,0.31065014004707336,0.02114056795835495,-0.39013993740081787,0.11265251040458679,True,tiles\Bengaluru\2020\Bengaluru_r06_c00.tif,17.0,1.6,"POLYGON ((77.52315 12.902948, 77.523382 12.926075, 77.499805 12.926302, 77.499575 12.903175, 77.52315 12.902948))"
Bengaluru_r06_c01,Bengaluru,2020,6,1,2020-01-01,2020-03-31,32643,773800.0,1427750.0,776360.0,1430310.0,77.53505431817545,12.914397230378624,1.0,13.814453125,0.18738508224487305,0.25506725907325745,0.043175846338272095,-0.36678022146224976,0.12048524618148804,True,tiles\Bengaluru\2020\Bengaluru_r06_c01.tif,17.0,1.6,"POLYGON ((77.546725 12.902719, 77.54696 12.925846, 77.523382 12.926075, 77.52315 12.902948, 77.546725 12.902719))"
Bengaluru_r06_c02,Bengaluru,2020,6,2,2020-01-01,2020-03-31,32643,776360.0,1427750.0,778920.0,1430310.0,77.55863002078564,12.914167327266624,1.0,13.94036865234375,0.17997831106185913,0.21045249700546265,0.03196991980075836,-0.2996189594268799,0.12482888996601105,True,tiles\Bengaluru\2020\Bengaluru_r06_c02.tif,17.0,1.6,"POLYGON ((77.5703 12.902489, 77.570536 12.925615, 77.54696 12.925846, 77.546725 12.902719, 77.5703 12.902489))"
Bengaluru_r06_c03,Bengaluru,2020,6,3,2020-01-01,2020-03-31,32643,778920.0,1427750.0,781480.0,1430310.0,77.58220526561878,12.913935301469923,1.0,13.495361328125,0.20615524053573608,0.24762365221977234,0.01772415265440941,-0.3207544684410095,0.11456933617591858,True,tiles\Bengaluru\2020\Bengaluru_r06_c03.tif,17.0,1.6,"POLYGON ((77.593873 12.902256, 77.594112 12.925381, 77.570536 12.925615, 77.5703 12.902489, 77.593873 12.902256))"
Bengaluru_r06_c04,Bengaluru,2020,6,4,2020-01-01,2020-03-31,32643,781480.0,1427750.0,784040.0,1430310.0,77.60578004846994,12.91370115318106,1.0,12.3369140625,0.27429914474487305,0.2343527376651764,0.0015646927058696747,-0.27972888946533203,0.11725059896707535,True,tiles\Bengaluru\2020\Bengaluru_r06_c04.tif,17.0,1.6,"POLYGON ((77.617447 12.902021, 77.617688 12.925146, 77.594112 12.925381, 77.593873 12.902256, 77.617447 12.902021))"
Bengaluru_r06_c05,Bengaluru,2020,6,5,2020-01-01,2020-03-31,32643,784040.0,1427750.0,786600.0,1430310.0,77.62935436513457,12.913464882594331,1.0,11.63043212890625,0.31585693359375,0.220747709274292,0.03195026516914368,-0.2956259548664093,0.11896329373121262,True,tiles\Bengaluru\2020\Bengaluru_r06_c05.tif,17.0,1.6,"POLYGON ((77.64102 12.901784, 77.641263 12.924908, 77.617688 12.925146, 77.617447 12.902021, 77.64102 12.901784))"
Bengaluru_r06_c06,Bengaluru,2020,6,6,2020-01-01,2020-03-31,32643,786600.0,1427750.0,789160.0,1430310.0,77.65292821140856,12.913226489905792,1.0,11.622406005859375,0.31632906198501587,0.32497066259384155,0.04978146404027939,-0.42440658807754517,0.09635613858699799,True,tiles\Bengaluru\2020\Bengaluru_r06_c06.tif,17.0,1.6,"POLYGON ((77.664592 12.901544, 77.664838 12.924669, 77.641263 12.924908, 77.64102 12.901784, 77.664592 12.901544))"
Bengaluru_r06_c07,Bengaluru,2020,6,7,2020-01-01,2020-03-31,32643,789160.0,1427750.0,791720.0,1430310.0,77.67650158308831,12.912985975313225,1.0,12.0595703125,0.2906135320663452,0.2676007151603699,0.023839451372623444,-0.3387838900089264,0.1198369562625885,True,tiles\Bengaluru\2020\Bengaluru_r06_c07.tif,17.0,1.6,"POLYGON ((77.688165 12.901303, 77.688412 12.924427, 77.664838 12.924669, 77.664592 12.901544, 77.688165 12.901303))"
Bengaluru_r07_c00,Bengaluru,2020,7,0,2020-01-01,2020-03-31,32643,771240.0,1425190.0,773800.0,1427750.0,77.51124726386267,12.891497853058668,1.0,14.34442138671875,0.15621048212051392,0.3411480486392975,0.09121479094028473,-0.5046205520629883,0.09385165572166443,True,tiles\Bengaluru\2020\Bengaluru_r07_c00.tif,17.0,1.6,"POLYGON ((77.522919 12.879821, 77.52315 12.902948, 77.499575 12.903175, 77.499345 12.880047, 77.522919 12.879821))"
Bengaluru_r07_c01,Bengaluru,2020,7,1,2020-01-01,2020-03-31,32643,773800.0,1425190.0,776360.0,1427750.0,77.53482125815316,12.89127049430109,1.0,14.8507080078125,0.12642896175384521,0.32045140862464905,0.06102176010608673,-0.451989084482193,0.104997418820858,True,tiles\Bengaluru\2020\Bengaluru_r07_c01.tif,17.0,1.6,"POLYGON ((77.546491 12.879593, 77.546725 12.902719, 77.52315 12.902948, 77.522919 12.879821, 77.546491 12.879593))"
Bengaluru_r07_c02,Bengaluru,2020,7,2,2020-01-01,2020-03-31,32643,776360.0,1425190.0,778920.0,1427750.0,77.55839479907137,12.891041016595379,1.0,14.16845703125,0.16656136512756348,0.2518247961997986,0.03473733738064766,-0.3404553234577179,0.12244797497987747,True,tiles\Bengaluru\2020\Bengaluru_r07_c02.tif,17.0,1.6,"POLYGON ((77.570063 12.879363, 77.5703 12.902489, 77.546725 12.902719, 77.546491 12.879593, 77.570063 12.879363))"
Bengaluru_r07_c03,Bengaluru,2020,7,3,2020-01-01,2020-03-31,32643,778920.0,1425190.0,781480.0,1427750.0,77.58196788241384,12.89080942013196,1.0,13.403594970703125,0.21155321598052979,0.2434544861316681,0.013035213574767113,-0.3080449104309082,0.12195773422718048,True,tiles\Bengaluru\2020\Bengaluru_r07_c03.tif,17.0,1.6,"POLYGON ((77.593635 12.87913, 77.593873 12.902256, 77.5703 12.902489, 77.570063 12.879363, 77.593635 12.87913))"
Bengaluru_r07_c04,Bengaluru,2020,7,4,2020-01-01,2020-03-31,32643,781480.0,1425190.0,784040.0,1427750.0,77.60554050397737,12.890575705102997,1.0,12.819244384765625,0.24592679738998413,0.2528964877128601,0.020486868917942047,-0.33124470710754395,0.12469317018985748,True,tiles\Bengaluru\2020\Bengaluru_r07_c04.tif,17.0,1.6,"POLYGON ((77.617207 12.878896, 77.617447 12.902021, 77.593873 12.902256, 77.593635 12.87913, 77.617207 12.878896))"
Bengaluru_r07_c05,Bengaluru,2020,7,5,2020-01-01,2020-03-31,32643,784040.0,1425190.0,786600.0,1427750.0,77.62911265955933,12.890339871702404,1.0,12.353607177734375,0.27331721782684326,0.1655122935771942,0.06727617979049683,-0.29794639348983765,0.14618559181690216,True,tiles\Bengaluru\2020\Bengaluru_r07_c05.tif,17.0,1.6,"POLYGON ((77.640777 12.878659, 77.64102 12.901784, 77.617447 12.902021, 77.617207 12.878896, 77.640777 12.878659))"
Bengaluru_r07_c06,Bengaluru,2020,7,6,2020-01-01,2020-03-31,32643,786600.0,1425190.0,789160.0,1427750.0,77.65268434495738,12.890101920125844,1.0,11.721771240234375,0.31048405170440674,0.22750118374824524,0.06030730903148651,-0.3483073115348816,0.1285138577222824,True,tiles\Bengaluru\2020\Bengaluru_r07_c06.tif,17.0,1.6,"POLYGON ((77.664348 12.87842, 77.664592 12.901544, 77.64102 12.901784, 77.640777 12.878659, 77.664348 12.87842))"
Bengaluru_r07_c07,Bengaluru,2020,7,7,2020-01-01,2020-03-31,32643,789160.0,1425190.0,791720.0,1427750.0,77.6762555559698,12.889861850570728,1.0,11.798126220703125,0.30599260330200195,0.28152498602867126,0.06269418448209763,-0.419209361076355,0.12191234529018402,True,tiles\Bengaluru\2020\Bengaluru_r07_c07.tif,17.0,1.6,"POLYGON ((77.687918 12.878179, 77.688165 12.901303, 77.664592 12.901544, 77.664348 12.87842, 77.687918 12.878179))"
Bengaluru_r00_c00,Bengaluru,2021,0,0,2021-01-01,2021-03-31,32643,771240.0,1443110.0,773800.0,1445670.0,77.5128729944078,13.05338700992583,1.0,14.271575927734375,0.10802650451660156,0.26055052876472473,0.04522322490811348,-0.3646121025085449,0.12173227965831757,True,tiles\Bengaluru\2021\Bengaluru_r00_c00.tif,16.0,1.795,"POLYGON ((77.52455 13.041709, 77.524785 13.064836, 77.501195 13.065065, 77.500962 13.041938, 77.52455 13.041709))"
Bengaluru_r00_c01,Bengaluru,2021,0,1,2021-01-01,2021-03-31,32643,773800.0,1443110.0,776360.0,1445670.0,77.53646221032497,13.053156699247559,1.0,14.318328857421875,0.10510444641113281,0.46096134185791016,-0.028611766174435616,-0.4693129062652588,0.0798833966255188,True,tiles\Bengaluru\2021\Bengaluru_r00_c01.tif,16.0,1.795,"POLYGON ((77.548138 13.041478, 77.548375 13.064604, 77.524785 13.064836, 77.52455 13.041709, 77.548138 13.041478))"
Bengaluru_r00_c02,Bengaluru,2021,0,2,2021-01-01,2021-03-31,32643,776360.0,1443110.0,778920.0,1445670.0,77.56005097146506,13.052924242115079,1.0,13.9888916015625,0.12569427490234375,0.38149142265319824,-0.01943429373204708,-0.4082474112510681,0.09854000806808472,True,tiles\Bengaluru\2021\Bengaluru_r00_c02.tif,16.0,1.795,"POLYGON ((77.571726 13.041244, 77.571965 13.06437, 77.548375 13.064604, 77.548138 13.041478, 77.571726 13.041244))"
Bengaluru_r00_c03,Bengaluru,2021,0,3,2021-01-01,2021-03-31,32643,778920.0,1443110.0,781480.0,1445670.0,77.58363927361144,13.052689638721409,1.0,14.07666015625,0.120208740234375,0.2866068482398987,-0.008058423176407814,-0.32869720458984375,0.1073056161403656,True,tiles\Bengaluru\2021\Bengaluru_r00_c03.tif,16.0,1.795,"POLYGON ((77.595313 13.041009, 77.595554 13.064134, 77.571965 13.06437, 77.571726 13.041244, 77.595313 13.041009))"
Bengaluru_r00_c04,Bengaluru,2021,0,4,2021-01-01,2021-03-31,32643,781480.0,1443110.0,784040.0,1445670.0,77.60722711254813,13.052452889261373,1.0,13.94073486328125,0.12870407104492188,0.2801498770713806,-0.008211873471736908,-0.3203989863395691,0.11509372293949127,True,tiles\Bengaluru\2021\Bengaluru_r00_c04.tif,16.0,1.795,"POLYGON ((77.618899 13.040771, 77.619143 13.063896, 77.595554 13.064134, 77.595313 13.041009, 77.618899 13.040771))"
Bengaluru_r00_c05,Bengaluru,2021,0,5,2021-01-01,2021-03-31,32643,784040.0,1443110.0,786600.0,1445670.0,77.63081448405939,13.05221399393154,1.0,14.167144775390625,0.11455345153808594,0.2419925332069397,0.05694970116019249,-0.37104353308677673,0.13126114010810852,True,tiles\Bengaluru\2021\Bengaluru_r00_c05.tif,16.0,1.795,"POLYGON ((77.642485 13.040532, 77.642731 13.063656, 77.619143 13.063896, 77.618899 13.040771, 77.642485 13.040532))"
Bengaluru_r00_c06,Bengaluru,2021,0,6,2021-01-01,2021-03-31,32643,786600.0,1443110.0,789160.0,1445670.0,77.65440138393005,13.05197295293028,1.0,13.112060546875,0.1804962158203125,0.3372384309768677,0.0043707601726055145,-0.38710030913352966,0.10837253928184509,True,tiles\Bengaluru\2021\Bengaluru_r00_c06.tif,16.0,1.795,"POLYGON ((77.666071 13.04029, 77.666319 13.063414, 77.642731 13.063656, 77.642485 13.040532, 77.666071 13.04029))"
Bengaluru_r00_c07,Bengaluru,2021,0,7,2021-01-01,2021-03-31,32643,789160.0,1443110.0,791720.0,1445670.0,77.67798780794539,13.051729766457717,1.0,13.738922119140625,0.14131736755371094,0.3715331554412842,0.00438882689923048,-0.43168240785598755,0.10412892699241638,True,tiles\Bengaluru\2021\Bengaluru_r00_c07.tif,16.0,1.795,"POLYGON ((77.689656 13.040046, 77.689906 13.063169, 77.666319 13.063414, 77.666071 13.04029, 77.689656 13.040046))"
Bengaluru_r01_c00,Bengaluru,2021,1,0,2021-01-01,2021-03-31,32643,771240.0,1440550.0,773800.0,1443110.0,77.51263939710311,13.030260123044377,1.0,14.27734375,0.107666015625,0.26778024435043335,0.044921744614839554,-0.3573917746543884,0.11838242411613464,True,tiles\Bengaluru\2021\Bengaluru_r01_c00.tif,16.0,1.795,"POLYGON ((77.524316 13.018582, 77.52455 13.041709, 77.500962 13.041938, 77.50073 13.018811, 77.524316 13.018582))"
Bengaluru_r01_c01,Bengaluru,2021,1,1,2021-01-01,2021-03-31,32643,773800.0,1440550.0,776360.0,1443110.0,77.53622642586615,13.030030234293857,1.0,14.059417724609375,0.12128639221191406,0.31027406454086304,0.03343456611037254,-0.39006873965263367,0.10713481903076172,True,tiles\Bengaluru\2021\Bengaluru_r01_c01.tif,16.0,1.795,"POLYGON ((77.547902 13.018351, 77.548138 13.041478, 77.52455 13.041709, 77.524316 13.018582, 77.547902 13.018351))"
Bengaluru_r01_c02,Bengaluru,2021,1,2,2021-01-01,2021-03-31,32643,776360.0,1440550.0,778920.0,1443110.0,77.55981300005406,13.029798203020647,1.0,14.434844970703125,0.09782218933105469,0.30372118949890137,0.008137614466249943,-0.36017337441444397,0.10974924266338348,True,tiles\Bengaluru\2021\Bengaluru_r01_c02.tif,16.0,1.795,"POLYGON ((77.571487 13.018119, 77.571726 13.041244, 77.548138 13.041478, 77.547902 13.018351, 77.571487 13.018119))"
Bengaluru_r01_c03,Bengaluru,2021,1,3,2021-01-01,2021-03-31,32643,778920.0,1440550.0,781480.0,1443110.0,77.58339911545222,13.029564029417402,1.0,14.3651123046875,0.10218048095703125,0.33151066303253174,0.0008316710591316223,-0.3815496563911438,0.10394038259983063,True,tiles\Bengaluru\2021\Bengaluru_r01_c03.tif,16.0,1.795,"POLYGON ((77.595072 13.017884, 77.595313 13.041009, 77.571726 13.041244, 77.571487 13.018119, 77.595072 13.017884))"
Bengaluru_r01_c04,Bengaluru,2021,1,4,2021-01-01,2021-03-31,32643,781480.0,1440550.0,784040.0,1443110.0,77.60698476784634,13.029327713678551,1.0,14.005889892578125,0.12463188171386719,0.2040615677833557,0.055710405111312866,-0.3158705234527588,0.13212889432907104,True,tiles\Bengaluru\2021\Bengaluru_r01_c04.tif,16.0,1.795,"POLYGON ((77.618656 13.017646, 77.618899 13.040771, 77.595313 13.041009, 77.595072 13.017884, 77.618656 13.017646))"
Bengaluru_r01_c05,Bengaluru,2021,1,5,2021-01-01,2021-03-31,32643,784040.0,1440550.0,786600.0,1443110.0,77.63056995302267,13.029089256000306,1.0,13.549072265625,0.1531829833984375,0.23049578070640564,0.043942660093307495,-0.33065930008888245,0.12685692310333252,True,tiles\Bengaluru\2021\Bengaluru_r01_c05.tif,16.0,1.795,"POLYGON ((77.64224 13.017407, 77.642485 13.040532, 77.618899 13.040771, 77.618656 13.017646, 77.64224 13.017407))"
Bengaluru_r01_c06,Bengaluru,2021,1,6,2021-01-01,2021-03-31,32643,786600.0,1440550.0,789160.0,1443110.0,77.65415466676785,13.028848656580632,1.0,13.058319091796875,0.1838550567626953,0.2427964061498642,0.03605108708143234,-0.3416287302970886,0.12895771861076355,True,tiles\Bengaluru\2021\Bengaluru_r01_c06.tif,16.0,1.795,"POLYGON ((77.665823 13.017166, 77.666071 13.04029, 77.642485 13.040532, 77.64224 13.017407, 77.665823 13.017166))"
Bengaluru_r01_c07,Bengaluru,2021,1,7,2021-01-01,2021-03-31,32643,789160.0,1440550.0,791720.0,1443110.0,77.67773890486897,13.028605915619265,1.0,13.8306884765625,0.13558197021484375,0.21249547600746155,0.05865398794412613,-0.340168297290802,0.14396518468856812,True,tiles\Bengaluru\2021\Bengaluru_r01_c07.tif,16.0,1.795,"POLYGON ((77.689406 13.016922, 77.689656 13.040046, 77.666071 13.04029, 77.665823 13.017166, 77.689406 13.016922))"
Bengaluru_r02_c00,Bengaluru,2021,2,0,2021-01-01,2021-03-31,32643,771240.0,1437990.0,773800.0,1440550.0,77.51240625015849,13.00713319085982,1.0,14.354278564453125,0.10285758972167969,0.19987349212169647,0.06702232360839844,-0.3234233260154724,0.13070765137672424,True,tiles\Bengaluru\2021\Bengaluru_r02_c00.tif,16.0,1.795,"POLYGON ((77.524082 12.995455, 77.524316 13.018582, 77.50073 13.018811, 77.500498 12.995684, 77.524082 12.995455))"
Bengaluru_r02_c01,Bengaluru,2021,2,1,2021-01-01,2021-03-31,32643,773800.0,1437990.0,776360.0,1440550.0,77.53599109598252,13.006903723961862,1.0,14.144775390625,0.1159515380859375,0.21719874441623688,0.03666329011321068,-0.305917888879776,0.12458775192499161,True,tiles\Bengaluru\2021\Bengaluru_r02_c01.tif,16.0,1.795,"POLYGON ((77.547665 12.995225, 77.547902 13.018351, 77.524316 13.018582, 77.524082 12.995455, 77.547665 12.995225))"
Bengaluru_r02_c02,Bengaluru,2021,2,2,2021-01-01,2021-03-31,32643,776360.0,1437990.0,778920.0,1440550.0,77.559575487433,13.006672118472043,1.0,13.63238525390625,0.14797592163085938,0.3058578372001648,0.011372356675565243,-0.36218878626823425,0.10565894842147827,True,tiles\Bengaluru\2021\Bengaluru_r02_c02.tif,16.0,1.795,"POLYGON ((77.571248 12.994993, 77.571487 13.018119, 77.547902 13.018351, 77.547665 12.995225, 77.571248 12.994993))"
Bengaluru_r02_c03,Bengaluru,2021,2,3,2021-01-01,2021-03-31,32643,778920.0,1437990.0,781480.0,1440550.0,77.5831594202971,13.006438374582642,1.0,13.516693115234375,0.15520668029785156,0.35819947719573975,-0.006971698720008135,-0.39144590497016907,0.09867407381534576,True,tiles\Bengaluru\2021\Bengaluru_r02_c03.tif,16.0,1.795,"POLYGON ((77.594831 12.994758, 77.595072 13.017884, 77.571487 13.018119, 77.571248 12.994993, 77.594831 12.994758))"
Bengaluru_r02_c04,Bengaluru,2021,2,4,2021-01-01,2021-03-31,32643,781480.0,1437990.0,784040.0,1440550.0,77.60674289036248,13.006202492487715,1.0,13.540191650390625,0.15373802185058594,0.2910064458847046,0.029598629102110863,-0.3735348880290985,0.1142127513885498,True,tiles\Bengaluru\2021\Bengaluru_r02_c04.tif,16.0,1.795,"POLYGON ((77.618413 12.994521, 77.618656 13.017646, 77.595072 13.017884, 77.594831 12.994758, 77.618413 12.994521))"
Bengaluru_r02_c05,Bengaluru,2021,2,5,2021-01-01,2021-03-31,32643,784040.0,1437990.0,786600.0,1440550.0,77.6303258934172,13.005964472383077,1.0,13.174285888671875,0.1766071319580078,0.2413811981678009,0.04105524718761444,-0.3369894027709961,0.12419803440570831,True,tiles\Bengaluru\2021\Bengaluru_r02_c05.tif,16.0,1.795,"POLYGON ((77.641995 12.994282, 77.64224 13.017407, 77.618656 13.017646, 77.618413 12.994521, 77.641995 12.994282))"
Bengaluru_r02_c06,Bengaluru,2021,2,6,2021-01-01,2021-03-31,32643,786600.0,1437990.0,789160.0,1440550.0,77.65390842524978,13.005724314466319,1.0,12.88641357421875,0.19459915161132812,0.3098217844963074,0.025460436940193176,-0.39059942960739136,0.10780244320631027,True,tiles\Bengaluru\2021\Bengaluru_r02_c06.tif,16.0,1.795,"POLYGON ((77.665576 12.994041, 77.665823 13.017166, 77.64224 13.017407, 77.641995 12.994282, 77.665576 12.994041))"
Bengaluru_r02_c07,Bengaluru,2021,2,7,2021-01-01,2021-03-31,32643,789160.0,1437990.0,791720.0,1440550.0,77.67749048164917,13.005482018936792,1.0,12.987579345703125,0.1882762908935547,0.27525174617767334,0.031876932829618454,-0.35151004791259766,0.11680576950311661,True,tiles\Bengaluru\2021\Bengaluru_r02_c07.tif,16.0,1.795,"POLYGON ((77.689157 12.993798, 77.689406 13.016922, 77.665823 13.017166, 77.665576 12.994041, 77.689157 12.993798))"
Bengaluru_r03_c00,Bengaluru,2021,3,0,2021-01-01,2021-03-31,32643,771240.0,1435430.0,773800.0,1437990.0,77.51217355337432,12.984006213448371,1.0,14.01409912109375,0.12411880493164062,0.2537565231323242,0.04287295043468475,-0.34977221488952637,0.12075872719287872,True,tiles\Bengaluru\2021\Bengaluru_r03_c00.tif,16.0,1.795,"POLYGON ((77.523848 12.972329, 77.524082 12.995455, 77.500498 12.995684, 77.500266 12.972556, 77.523848 12.972329))"
Bengaluru_r03_c01,Bengaluru,2021,3,1,2021-01-01,2021-03-31,32643,773800.0,1435430.0,776360.0,1437990.0,77.53575622047258,12.983777168327949,1.0,13.5098876953125,0.15563201904296875,0.21102485060691833,0.037017110735177994,-0.30028247833251953,0.12415705621242523,True,tiles\Bengaluru\2021\Bengaluru_r03_c01.tif,16.0,1.795,"POLYGON ((77.54743 12.972099, 77.547665 12.995225, 77.524082 12.995455, 77.523848 12.972329, 77.54743 12.972099))"
Bengaluru_r03_c02,Bengaluru,2021,3,2,2021-01-01,2021-03-31,32643,776360.0,1435430.0,778920.0,1437990.0,77.5593384333984,12.98354598854579,1.0,13.079345703125,0.1825408935546875,0.23005875945091248,0.04046384245157242,-0.31910425424575806,0.1172088235616684,True,tiles\Bengaluru\2021\Bengaluru_r03_c02.tif,16.0,1.795,"POLYGON ((77.571011 12.971867, 77.571248 12.994993, 77.547665 12.995225, 77.54743 12.972099, 77.571011 12.971867))"
Bengaluru_r03_c03,Bengaluru,2021,3,3,2021-01-01,2021-03-31,32643,778920.0,1435430.0,781480.0,1437990.0,77.58292018794081,12.983312674293806,1.0,12.779693603515625,0.20126914978027344,0.35253477096557617,-0.011897390708327293,-0.3873260021209717,0.09969648718833923,True,tiles\Bengaluru\2021\Bengaluru_r03_c03.tif,16.0,1.795,"POLYGON ((77.594591 12.971633, 77.594831 12.994758, 77.571248 12.994993, 77.571011 12.971867, 77.594591 12.971633))"
Bengaluru_r03_c04,Bengaluru,2021,3,4,2021-01-01,2021-03-31,32643,781480.0,1435430.0,784040.0,1437990.0,77.60650147988939,12.983077225765678,1.0,12.8841552734375,0.19474029541015625,0.30585071444511414,0.01037841010838747,-0.3592386245727539,0.10671144723892212,True,tiles\Bengaluru\2021\Bengaluru_r03_c04.tif,16.0,1.795,"POLYGON ((77.618171 12.971396, 77.618413 12.994521, 77.594831 12.994758, 77.594591 12.971633, 77.618171 12.971396))"
Bengaluru_r03_c05,Bengaluru,2021,3,5,2021-01-01,2021-03-31,32643,784040.0,1435430.0,786600.0,1437990.0,77.63008230503398,12.982839643156842,1.0,12.9114990234375,0.19303131103515625,0.32074517011642456,-0.0006367387250065804,-0.3638432025909424,0.09886960685253143,True,tiles\Bengaluru\2021\Bengaluru_r03_c05.tif,16.0,1.795,"POLYGON ((77.64175 12.971158, 77.641995 12.994282, 77.618413 12.994521, 77.618171 12.971396, 77.64175 12.971158))"
Bengaluru_r03_c06,Bengaluru,2021,3,6,2021-01-01,2021-03-31,32643,786600.0,1435430.0,789160.0,1437990.0,77.65366265916501,12.982599926664498,1.0,12.682586669921875,0.2073383331298828,0.3654577136039734,-0.00456034392118454,-0.40140438079833984,0.10087594389915466,True,tiles\Bengaluru\2021\Bengaluru_r03_c06.tif,16.0,1.795,"POLYGON ((77.665329 12.970917, 77.665576 12.994041, 77.641995 12.994282, 77.64175 12.971158, 77.665329 12.970917))"
Bengaluru_r03_c07,Bengaluru,2021,3,7,2021-01-01,2021-03-31,32643,789160.0,1435430.0,791720.0,1437990.0,77.67724253807323,12.982358076487609,1.0,12.71380615234375,0.20538711547851562,0.29864779114723206,0.0011597732082009315,-0.3584213852882385,0.11752797663211823,True,tiles\Bengaluru\2021\Bengaluru_r03_c07.tif,16.0,1.795,"POLYGON ((77.688908 12.970675, 77.689157 12.993798, 77.665576 12.994041, 77.665329 12.970917, 77.688908 12.970675))"
Bengaluru_r04_c00,Bengaluru,2021,4,0,2021-01-01,2021-03-31,32643,771240.0,1432870.0,773800.0,1435430.0,77.51194130655126,12.960879190886265,1.0,14.195648193359375,0.11277198791503906,0.30346670746803284,0.007556412369012833,-0.35901978611946106,0.11198033392429352,True,tiles\Bengaluru\2021\Bengaluru_r04_c00.tif,16.0,1.795,"POLYGON ((77.523615 12.949202, 77.523848 12.972329, 77.500266 12.972556, 77.500036 12.949429, 77.523615 12.949202))"
Bengaluru_r04_c01,Bengaluru,2021,4,1,2021-01-01,2021-03-31,32643,773800.0,1432870.0,776360.0,1435430.0,77.53552179913513,12.960650567468491,1.0,13.401458740234375,0.16240882873535156,0.21324008703231812,0.03797472268342972,-0.3011513948440552,0.12318721413612366,True,tiles\Bengaluru\2021\Bengaluru_r04_c01.tif,16.0,1.795,"POLYGON ((77.547194 12.948972, 77.54743 12.972099, 77.523848 12.972329, 77.523615 12.949202, 77.547194 12.948972))"
Bengaluru_r04_c02,Bengaluru,2021,4,2,2021-01-01,2021-03-31,32643,776360.0,1432870.0,778920.0,1435430.0,77.55910183774724,12.960419813318424,1.0,12.43878173828125,0.22257614135742188,0.22058437764644623,0.040613073855638504,-0.3097267150878906,0.12029461562633514,True,tiles\Bengaluru\2021\Bengaluru_r04_c02.tif,16.0,1.795,"POLYGON ((77.570773 12.948741, 77.571011 12.971867, 77.54743 12.972099, 77.547194 12.948972, 77.570773 12.948741))"
Bengaluru_r04_c03,Bengaluru,2021,4,3,2021-01-01,2021-03-31,32643,778920.0,1432870.0,781480.0,1435430.0,77.58268141817855,12.960186928627596,1.0,12.60076904296875,0.21245193481445312,0.23802420496940613,0.04360796511173248,-0.33253228664398193,0.11572118103504181,True,tiles\Bengaluru\2021\Bengaluru_r04_c03.tif,16.0,1.795,"POLYGON ((77.594351 12.948507, 77.594591 12.971633, 77.571011 12.971867, 77.570773 12.948741, 77.594351 12.948507))"
Bengaluru_r04_c04,Bengaluru,2021,4,4,2021-01-01,2021-03-31,32643,781480.0,1432870.0,784040.0,1435430.0,77.60626053622036,12.95995191358931,1.0,12.492919921875,0.2191925048828125,0.3032315671443939,0.020078293979167938,-0.3716656267642975,0.10663488507270813,True,tiles\Bengaluru\2021\Bengaluru_r04_c04.tif,16.0,1.795,"POLYGON ((77.617929 12.948271, 77.618171 12.971396, 77.594591 12.971633, 77.594351 12.948507, 77.617929 12.948271))"
Bengaluru_r04_c05,Bengaluru,2021,4,5,2021-01-01,2021-03-31,32643,784040.0,1432870.0,786600.0,1435430.0,77.62983918766447,12.95971476839862,1.0,12.41290283203125,0.22419357299804688,0.3784891963005066,0.007334137335419655,-0.43703585863113403,0.09475822746753693,True,tiles\Bengaluru\2021\Bengaluru_r04_c05.tif,16.0,1.795,"POLYGON ((77.641506 12.948033, 77.64175 12.971158, 77.618171 12.971396, 77.617929 12.948271, 77.641506 12.948033))"
Bengaluru_r04_c06,Bengaluru,2021,4,6,2021-01-01,2021-03-31,32643,786600.0,1432870.0,789160.0,1435430.0,77.65341736830311,12.959475493252336,1.0,12.370025634765625,0.22687339782714844,0.31914493441581726,0.014962960965931416,-0.3820127546787262,0.11079975962638855,True,tiles\Bengaluru\2021\Bengaluru_r04_c06.tif,16.0,1.795,"POLYGON ((77.665083 12.947793, 77.665329 12.970917, 77.64175 12.971158, 77.641506 12.948033, 77.665083 12.947793))"
Bengaluru_r04_c07,Bengaluru,2021,4,7,2021-01-01,2021-03-31,32643,789160.0,1432870.0,791720.0,1435430.0,77.67699507392895,12.95923408834905,1.0,12.705322265625,0.2059173583984375,0.3230307996273041,0.040711164474487305,-0.41196200251579285,0.1090974360704422,True,tiles\Bengaluru\2021\Bengaluru_r04_c07.tif,16.0,1.795,"POLYGON ((77.68866 12.947551, 77.688908 12.970675, 77.665329 12.970917, 77.665083 12.947793, 77.68866 12.947551))"
Bengaluru_r05_c00,Bengaluru,2021,5,0,2021-01-01,2021-03-31,32643,771240.0,1430310.0,773800.0,1432870.0,77.51170950949053,12.937752123249755,1.0,14.689697265625,0.0818939208984375,0.39713054895401,0.00031476584263145924,-0.4394814372062683,0.09220045804977417,True,tiles\Bengaluru\2021\Bengaluru_r05_c00.tif,16.0,1.795,"POLYGON ((77.523382 12.926075, 77.523615 12.949202, 77.500036 12.949429, 77.499805 12.926302, 77.523382 12.926075))"
Bengaluru_r05_c01,Bengaluru,2021,5,1,2021-01-01,2021-03-31,32643,773800.0,1430310.0,776360.0,1432870.0,77.53528783176951,12.93752392145991,1.0,13.853759765625,0.1341400146484375,0.25336766242980957,0.03299861401319504,-0.3403938114643097,0.12228497862815857,True,tiles\Bengaluru\2021\Bengaluru_r05_c01.tif,16.0,1.795,"POLYGON ((77.54696 12.925846, 77.547194 12.948972, 77.523615 12.949202, 77.523382 12.926075, 77.54696 12.925846))"
Bengaluru_r05_c02,Bengaluru,2021,5,2,2021-01-01,2021-03-31,32643,776360.0,1430310.0,778920.0,1432870.0,77.55886570027704,12.937293592866508,1.0,12.3851318359375,0.22592926025390625,0.22106868028640747,0.027529487386345863,-0.3027566969394684,0.12079624831676483,True,tiles\Bengaluru\2021\Bengaluru_r05_c02.tif,16.0,1.795,"POLYGON ((77.570536 12.925615, 77.570773 12.948741, 77.547194 12.948972, 77.54696 12.925846, 77.570536 12.925615))"
Bengaluru_r05_c03,Bengaluru,2021,5,3,2021-01-01,2021-03-31,32643,778920.0,1430310.0,781480.0,1432870.0,77.58244311080585,12.937061137660718,1.0,12.2440185546875,0.23474884033203125,0.2914123833179474,-0.0069749378599226475,-0.3247183561325073,0.10694624483585358,True,tiles\Bengaluru\2021\Bengaluru_r05_c03.tif,16.0,1.795,"POLYGON ((77.594112 12.925381, 77.594351 12.948507, 77.570773 12.948741, 77.570536 12.925615, 77.594112 12.925381))"
Bengaluru_r05_c04,Bengaluru,2021,5,4,2021-01-01,2021-03-31,32643,781480.0,1430310.0,784040.0,1432870.0,77.60602005914915,12.936826556035472,1.0,12.032684326171875,0.2479572296142578,0.30206865072250366,0.001721537671983242,-0.34985023736953735,0.11220355331897736,True,tiles\Bengaluru\2021\Bengaluru_r05_c04.tif,16.0,1.795,"POLYGON ((77.617688 12.925146, 77.617929 12.948271, 77.594351 12.948507, 77.594112 12.925381, 77.617688 12.925146))"
Bengaluru_r05_c05,Bengaluru,2021,5,5,2021-01-01,2021-03-31,32643,784040.0,1430310.0,786600.0,1432870.0,77.62959654110057,12.936589848185431,1.0,12.319580078125,0.2300262451171875,0.3217661380767822,0.010839466005563736,-0.38613349199295044,0.1077757477760315,True,tiles\Bengaluru\2021\Bengaluru_r05_c05.tif,16.0,1.795,"POLYGON ((77.641263 12.924908, 77.641506 12.948033, 77.617929 12.948271, 77.617688 12.925146, 77.641263 12.924908))"
Bengaluru_r05_c06,Bengaluru,2021,5,6,2021-01-01,2021-03-31,32643,786600.0,1430310.0,789160.0,1432870.0,77.65317255245414,12.936351014307032,1.0,12.355743408203125,0.2277660369873047,0.514339804649353,-0.0736888200044632,-0.4937218427658081,0.07914596796035767,True,tiles\Bengaluru\2021\Bengaluru_r05_c06.tif,16.0,1.795,"POLYGON ((77.664838 12.924669, 77.665083 12.947793, 77.641506 12.948033, 77.641263 12.924908, 77.664838 12.924669))"
Bengaluru_r05_c07,Bengaluru,2021,5,7,2021-01-01,2021-03-31,32643,789160.0,1430310.0,791720.0,1432870.0,77.67674808900442,12.936110054598466,1.0,12.160186767578125,0.2399883270263672,0.3661045432090759,-0.017292937263846397,-0.40103912353515625,0.10932375490665436,True,tiles\Bengaluru\2021\Bengaluru_r05_c07.tif,16.0,1.795,"POLYGON ((77.688412 12.924427, 77.68866 12.947551, 77.665083 12.947793, 77.664838 12.924669, 77.688412 12.924427))"
Bengaluru_r06_c00,Bengaluru,2021,6,0,2021-01-01,2021-03-31,32643,771240.0,1427750.0,773800.0,1430310.0,77.51147816199368,12.914625010615127,1.0,14.636077880859375,0.08524513244628906,0.34519147872924805,-0.0018869445193558931,-0.38837340474128723,0.1070433109998703,True,tiles\Bengaluru\2021\Bengaluru_r06_c00.tif,16.0,1.795,"POLYGON ((77.52315 12.902948, 77.523382 12.926075, 77.499805 12.926302, 77.499575 12.903175, 77.52315 12.902948))"
Bengaluru_r06_c01,Bengaluru,2021,6,1,2021-01-01,2021-03-31,32643,773800.0,1427750.0,776360.0,1430310.0,77.53505431817545,12.914397230378624,1.0,13.156158447265625,0.17774009704589844,0.2812444567680359,0.02370709925889969,-0.36433887481689453,0.11712092906236649,True,tiles\Bengaluru\2021\Bengaluru_r06_c01.tif,16.0,1.795,"POLYGON ((77.546725 12.902719, 77.54696 12.925846, 77.523382 12.926075, 77.52315 12.902948, 77.546725 12.902719))"
Bengaluru_r06_c02,Bengaluru,2021,6,2,2021-01-01,2021-03-31,32643,776360.0,1427750.0,778920.0,1430310.0,77.55863002078564,12.914167327266624,1.0,12.2586669921875,0.23383331298828125,0.2276298701763153,0.021703261882066727,-0.30298763513565063,0.12275712192058563,True,tiles\Bengaluru\2021\Bengaluru_r06_c02.tif,16.0,1.795,"POLYGON ((77.5703 12.902489, 77.570536 12.925615, 77.54696 12.925846, 77.546725 12.902719, 77.5703 12.902489))"
Bengaluru_r06_c03,Bengaluru,2021,6,3,2021-01-01,2021-03-31,32643,778920.0,1427750.0,781480.0,1430310.0,77.58220526561878,12.913935301469923,1.0,11.79156494140625,0.2630271911621094,0.26517510414123535,0.004908553324639797,-0.32103896141052246,0.11297537386417389,True,tiles\Bengaluru\2021\Bengaluru_r06_c03.tif,16.0,1.795,"POLYGON ((77.593873 12.902256, 77.594112 12.925381, 77.570536 12.925615, 77.5703 12.902489, 77.593873 12.902256))"
Bengaluru_r06_c04,Bengaluru,2021,6,4,2021-01-01,2021-03-31,32643,781480.0,1427750.0,784040.0,1430310.0,77.60578004846994,12.91370115318106,1.0,11.80889892578125,0.2619438171386719,0.2259075790643692,-0.017674103379249573,-0.24102884531021118,0.11690816283226013,True,tiles\Bengaluru\2021\Bengaluru_r06_c04.tif,16.0,1.795,"POLYGON ((77.617447 12.902021, 77.617688 12.925146, 77.594112 12.925381, 77.593873 12.902256, 77.617447 12.902021))"
Bengaluru_r06_c05,Bengaluru,2021,6,5,2021-01-01,2021-03-31,32643,784040.0,1427750.0,786600.0,1430310.0,77.62935436513457,12.913464882594331,1.0,11.97760009765625,0.2513999938964844,0.23489093780517578,0.004134342540055513,-0.2764316201210022,0.1175355464220047,True,tiles\Bengaluru\2021\Bengaluru_r06_c05.tif,16.0,1.795,"POLYGON ((77.64102 12.901784, 77.641263 12.924908, 77.617688 12.925146, 77.617447 12.902021, 77.64102 12.901784))"
Bengaluru_r06_c06,Bengaluru,2021,6,6,2021-01-01,2021-03-31,32643,786600.0,1427750.0,789160.0,1430310.0,77.65292821140856,12.913226489905792,1.0,12.042755126953125,0.2473278045654297,0.37039095163345337,0.018748702481389046,-0.4236072897911072,0.09261981397867203,True,tiles\Bengaluru\2021\Bengaluru_r06_c06.tif,16.0,1.795,"POLYGON ((77.664592 12.901544, 77.664838 12.924669, 77.641263 12.924908, 77.64102 12.901784, 77.664592 12.901544))"
Bengaluru_r06_c07,Bengaluru,2021,6,7,2021-01-01,2021-03-31,32643,789160.0,1427750.0,791720.0,1430310.0,77.67650158308831,12.912985975313225,1.0,12.05535888671875,0.24654006958007812,0.30091938376426697,-0.005785622633993626,-0.3326474726200104,0.11475993692874908,True,tiles\Bengaluru\2021\Bengaluru_r06_c07.tif,16.0,1.795,"POLYGON ((77.688165 12.901303, 77.688412 12.924427, 77.664838 12.924669, 77.664592 12.901544, 77.688165 12.901303))"
Bengaluru_r07_c00,Bengaluru,2021,7,0,2021-01-01,2021-03-31,32643,771240.0,1425190.0,773800.0,1427750.0,77.51124726386267,12.891497853058668,1.0,13.470062255859375,0.15812110900878906,0.42647361755371094,0.028754420578479767,-0.5004353523254395,0.08442603051662445,True,tiles\Bengaluru\2021\Bengaluru_r07_c00.tif,16.0,1.795,"POLYGON ((77.522919 12.879821, 77.52315 12.902948, 77.499575 12.903175, 77.499345 12.880047, 77.522919 12.879821))"
Bengaluru_r07_c01,Bengaluru,2021,7,1,2021-01-01,2021-03-31,32643,773800.0,1425190.0,776360.0,1427750.0,77.53482125815316,12.89127049430109,1.0,13.06134033203125,0.18366622924804688,0.3712736964225769,0.015027232468128204,-0.440654456615448,0.09969553351402283,True,tiles\Bengaluru\2021\Bengaluru_r07_c01.tif,16.0,1.795,"POLYGON ((77.546491 12.879593, 77.546725 12.902719, 77.52315 12.902948, 77.522919 12.879821, 77.546491 12.879593))"
Bengaluru_r07_c02,Bengaluru,2021,7,2,2021-01-01,2021-03-31,32643,776360.0,1425190.0,778920.0,1427750.0,77.55839479907137,12.891041016595379,1.0,11.5455322265625,0.27840423583984375,0.27187055349349976,0.01949588768184185,-0.3417004346847534,0.11972832679748535,True,tiles\Bengaluru\2021\Bengaluru_r07_c02.tif,16.0,1.795,"POLYGON ((77.570063 12.879363, 77.5703 12.902489, 77.546725 12.902719, 77.546491 12.879593, 77.570063 12.879363))"
Bengaluru_r07_c03,Bengaluru,2021,7,3,2021-01-01,2021-03-31,32643,778920.0,1425190.0,781480.0,1427750.0,77.58196788241384,12.89080942013196,1.0,11.529052734375,0.2794342041015625,0.2441032975912094,0.003633096581324935,-0.2943887710571289,0.11927126348018646,True,tiles\Bengaluru\2021\Bengaluru_r07_c03.tif,16.0,1.795,"POLYGON ((77.593635 12.87913, 77.593873 12.902256, 77.5703 12.902489, 77.570063 12.879363, 77.593635 12.87913))"
Bengaluru_r07_c04,Bengaluru,2021,7,4,2021-01-01,2021-03-31,32643,781480.0,1425190.0,784040.0,1427750.0,77.60554050397737,12.890575705102997,1.0,12.032867431640625,0.24794578552246094,0.2797619104385376,0.0009233895689249039,-0.3312362730503082,0.12106424570083618,True,tiles\Bengaluru\2021\Bengaluru_r07_c04.tif,16.0,1.795,"POLYGON ((77.617207 12.878896, 77.617447 12.902021, 77.593873 12.902256, 77.593635 12.87913, 77.617207 12.878896))"
Bengaluru_r07_c05,Bengaluru,2021,7,5,2021-01-01,2021-03-31,32643,784040.0,1425190.0,786600.0,1427750.0,77.62911265955933,12.890339871702404,1.0,11.44134521484375,0.2849159240722656,0.1995198130607605,0.041428342461586,-0.2960487902164459,0.1411646008491516,True,tiles\Bengaluru\2021\Bengaluru_r07_c05.tif,16.0,1.795,"POLYGON ((77.640777 12.878659, 77.64102 12.901784, 77.617447 12.902021, 77.617207 12.878896, 77.640777 12.878659))"
Bengaluru_r07_c06,Bengaluru,2021,7,6,2021-01-01,2021-03-31,32643,786600.0,1425190.0,789160.0,1427750.0,77.65268434495738,12.890101920125844,1.0,11.842987060546875,0.2598133087158203,0.2770116329193115,0.023761171847581863,-0.3444100618362427,0.12151168286800385,True,tiles\Bengaluru\2021\Bengaluru_r07_c06.tif,16.0,1.795,"POLYGON ((77.664348 12.87842, 77.664592 12.901544, 77.64102 12.901784, 77.640777 12.878659, 77.664348 12.87842))"
Bengaluru_r07_c07,Bengaluru,2021,7,7,2021-01-01,2021-03-31,32643,789160.0,1425190.0,791720.0,1427750.0,77.6762555559698,12.889861850570728,1.0,11.98297119140625,0.2510643005371094,0.3427267074584961,0.018533844500780106,-0.4150427579879761,0.11314326524734497,True,tiles\Bengaluru\2021\Bengaluru_r07_c07.tif,16.0,1.795,"POLYGON ((77.687918 12.878179, 77.688165 12.901303, 77.664592 12.901544, 77.664348 12.87842, 77.687918 12.878179))"
Bengaluru_r00_c00,Bengaluru,2022,0,0,2022-01-01,2022-03-31,32643,771240.0,1443110.0,773800.0,1445670.0,77.5128729944078,13.05338700992583,1.0,13.4283447265625,0.21009737253189087,0.25232428312301636,0.04508557170629501,-0.3561824560165405,0.12394620478153229,True,tiles\Bengaluru\2022\Bengaluru_r00_c00.tif,17.0,4.575653,"POLYGON ((77.52455 13.041709, 77.524785 13.064836, 77.501195 13.065065, 77.500962 13.041938, 77.52455 13.041709))"
Bengaluru_r00_c01,Bengaluru,2022,0,1,2022-01-01,2022-03-31,32643,773800.0,1443110.0,776360.0,1445670.0,77.53646221032497,13.053156699247559,1.0,13.2283935546875,0.22185921669006348,0.45624858140945435,-0.04055057466030121,-0.4526386260986328,0.08079010248184204,True,tiles\Bengaluru\2022\Bengaluru_r00_c01.tif,17.0,4.575653,"POLYGON ((77.548138 13.041478, 77.548375 13.064604, 77.524785 13.064836, 77.52455 13.041709, 77.548138 13.041478))"
Bengaluru_r00_c02,Bengaluru,2022,0,2,2022-01-01,2022-03-31,32643,776360.0,1443110.0,778920.0,1445670.0,77.56005097146506,13.052924242115079,1.0,13.533905029296875,0.203887939453125,0.36217477917671204,-0.011994827538728714,-0.3969031572341919,0.10113108158111572,True,tiles\Bengaluru\2022\Bengaluru_r00_c02.tif,17.0,4.575653,"POLYGON ((77.571726 13.041244, 77.571965 13.06437, 77.548375 13.064604, 77.548138 13.041478, 77.571726 13.041244))"
Bengaluru_r00_c03,Bengaluru,2022,0,3,2022-01-01,2022-03-31,32643,778920.0,1443110.0,781480.0,1445670.0,77.58363927361144,13.052689638721409,1.0,12.900787353515625,0.24113017320632935,0.2776007652282715,-0.005997445434331894,-0.31233838200569153,0.10852834582328796,True,tiles\Bengaluru\2022\Bengaluru_r00_c03.tif,17.0,4.575653,"POLYGON ((77.595313 13.041009, 77.595554 13.064134, 77.571965 13.06437, 77.571726 13.041244, 77.595313 13.041009))"
Bengaluru_r00_c04,Bengaluru,2022,0,4,2022-01-01,2022-03-31,32643,781480.0,1443110.0,784040.0,1445670.0,77.60722711254813,13.052452889261373,1.0,12.30865478515625,0.2759614586830139,0.2691018879413605,0.008266900666058064,-0.32308468222618103,0.11718516051769257,True,tiles\Bengaluru\2022\Bengaluru_r00_c04.tif,17.0,4.575653,"POLYGON ((77.618899 13.040771, 77.619143 13.063896, 77.595554 13.064134, 77.595313 13.041009, 77.618899 13.040771))"
Bengaluru_r00_c05,Bengaluru,2022,0,5,2022-01-01,2022-03-31,32643,784040.0,1443110.0,786600.0,1445670.0,77.63081448405939,13.05221399393154,1.0,11.93829345703125,0.2977474331855774,0.23102930188179016,0.06894740462303162,-0.3735935091972351,0.13325810432434082,True,tiles\Bengaluru\2022\Bengaluru_r00_c05.tif,17.0,4.575653,"POLYGON ((77.642485 13.040532, 77.642731 13.063656, 77.619143 13.063896, 77.618899 13.040771, 77.642485 13.040532))"
Bengaluru_r00_c06,Bengaluru,2022,0,6,2022-01-01,2022-03-31,32643,786600.0,1443110.0,789160.0,1445670.0,77.65440138393005,13.05197295293028,1.0,12.30029296875,0.2764533758163452,0.328846275806427,0.014556351117789745,-0.3882615566253662,0.11033762991428375,True,tiles\Bengaluru\2022\Bengaluru_r00_c06.tif,17.0,4.575653,"POLYGON ((77.666071 13.04029, 77.666319 13.063414, 77.642731 13.063656, 77.642485 13.040532, 77.666071 13.04029))"
Bengaluru_r00_c07,Bengaluru,2022,0,7,2022-01-01,2022-03-31,32643,789160.0,1443110.0,791720.0,1445670.0,77.67798780794539,13.051729766457717,1.0,12.626251220703125,0.25727933645248413,0.3296191692352295,0.03327060863375664,-0.423970103263855,0.11389968544244766,True,tiles\Bengaluru\2022\Bengaluru_r00_c07.tif,17.0,4.575653,"POLYGON ((77.689656 13.040046, 77.689906 13.063169, 77.666319 13.063414, 77.666071 13.04029, 77.689656 13.040046))"
Bengaluru_r01_c00,Bengaluru,2022,1,0,2022-01-01,2022-03-31,32643,771240.0,1440550.0,773800.0,1443110.0,77.51263939710311,13.030260123044377,1.0,13.677337646484375,0.19545072317123413,0.2523151636123657,0.05025879293680191,-0.3467760682106018,0.120724618434906,True,tiles\Bengaluru\2022\Bengaluru_r01_c00.tif,17.0,4.575653,"POLYGON ((77.524316 13.018582, 77.52455 13.041709, 77.500962 13.041938, 77.50073 13.018811, 77.524316 13.018582))"
Bengaluru_r01_c01,Bengaluru,2022,1,1,2022-01-01,2022-03-31,32643,773800.0,1440550.0,776360.0,1443110.0,77.53622642586615,13.030030234293857,1.0,13.1514892578125,0.22638297080993652,0.2984454035758972,0.034294381737709045,-0.3780013620853424,0.10843989998102188,True,tiles\Bengaluru\2022\Bengaluru_r01_c01.tif,17.0,4.575653,"POLYGON ((77.547902 13.018351, 77.548138 13.041478, 77.52455 13.041709, 77.524316 13.018582, 77.547902 13.018351))"
Bengaluru_r01_c02,Bengaluru,2022,1,2,2022-01-01,2022-03-31,32643,776360.0,1440550.0,778920.0,1443110.0,77.55981300005406,13.029798203020647,1.0,13.20050048828125,0.22349995374679565,0.28273138403892517,0.020136713981628418,-0.35330864787101746,0.11304035782814026,True,tiles\Bengaluru\2022\Bengaluru_r01_c02.tif,17.0,4.575653,"POLYGON ((77.571487 13.018119, 77.571726 13.041244, 77.548138 13.041478, 77.547902 13.018351, 77.571487 13.018119))"
Bengaluru_r01_c03,Bengaluru,2022,1,3,2022-01-01,2022-03-31,32643,778920.0,1440550.0,781480.0,1443110.0,77.58339911545222,13.029564029417402,1.0,12.422607421875,0.26925837993621826,0.32282140851020813,0.008099790662527084,-0.3801345229148865,0.10496044158935547,True,tiles\Bengaluru\2022\Bengaluru_r01_c03.tif,17.0,4.575653,"POLYGON ((77.595072 13.017884, 77.595313 13.041009, 77.571726 13.041244, 77.571487 13.018119, 77.595072 13.017884))"
Bengaluru_r01_c04,Bengaluru,2022,1,4,2022-01-01,2022-03-31,32643,781480.0,1440550.0,784040.0,1443110.0,77.60698476784634,13.029327713678551,1.0,12.03271484375,0.2921932339668274,0.19675448536872864,0.06668728590011597,-0.32211416959762573,0.13259565830230713,True,tiles\Bengaluru\2022\Bengaluru_r01_c04.tif,17.0,4.575653,"POLYGON ((77.618656 13.017646, 77.618899 13.040771, 77.595313 13.041009, 77.595072 13.017884, 77.618656 13.017646))"
Bengaluru_r01_c05,Bengaluru,2022,1,5,2022-01-01,2022-03-31,32643,784040.0,1440550.0,786600.0,1443110.0,77.63056995302267,13.029089256000306,1.0,13.05682373046875,0.2319515347480774,0.21866166591644287,0.05443073809146881,-0.32816004753112793,0.12906736135482788,True,tiles\Bengaluru\2022\Bengaluru_r01_c05.tif,17.0,4.575653,"POLYGON ((77.64224 13.017407, 77.642485 13.040532, 77.618899 13.040771, 77.618656 13.017646, 77.64224 13.017407))"
Bengaluru_r01_c06,Bengaluru,2022,1,6,2022-01-01,2022-03-31,32643,786600.0,1440550.0,789160.0,1443110.0,77.65415466676785,13.028848656580632,1.0,12.959259033203125,0.23769062757492065,0.2287447154521942,0.04867924749851227,-0.3348832428455353,0.1295742392539978,True,tiles\Bengaluru\2022\Bengaluru_r01_c06.tif,17.0,4.575653,"POLYGON ((77.665823 13.017166, 77.666071 13.04029, 77.642485 13.040532, 77.64224 13.017407, 77.665823 13.017166))"
Bengaluru_r01_c07,Bengaluru,2022,1,7,2022-01-01,2022-03-31,32643,789160.0,1440550.0,791720.0,1443110.0,77.67773890486897,13.028605915619265,1.0,13.24945068359375,0.22062057256698608,0.19715288281440735,0.07013440877199173,-0.3355235457420349,0.14661353826522827,True,tiles\Bengaluru\2022\Bengaluru_r01_c07.tif,17.0,4.575653,"POLYGON ((77.689406 13.016922, 77.689656 13.040046, 77.666071 13.04029, 77.665823 13.017166, 77.689406 13.016922))"
Bengaluru_r02_c00,Bengaluru,2022,2,0,2022-01-01,2022-03-31,32643,771240.0,1437990.0,773800.0,1440550.0,77.51240625015849,13.00713319085982,1.0,14.1402587890625,0.16822004318237305,0.18938061594963074,0.06834430992603302,-0.3126813769340515,0.132551908493042,True,tiles\Bengaluru\2022\Bengaluru_r02_c00.tif,17.0,4.575653,"POLYGON ((77.524082 12.995455, 77.524316 13.018582, 77.50073 13.018811, 77.500498 12.995684, 77.524082 12.995455))"
Bengaluru_r02_c01,Bengaluru,2022,2,1,2022-01-01,2022-03-31,32643,773800.0,1437990.0,776360.0,1440550.0,77.53599109598252,13.006903723961862,1.0,13.805755615234375,0.187896728515625,0.20552459359169006,0.03968091309070587,-0.2947167754173279,0.1249014213681221,True,tiles\Bengaluru\2022\Bengaluru_r02_c01.tif,17.0,4.575653,"POLYGON ((77.547665 12.995225, 77.547902 13.018351, 77.524316 13.018582, 77.524082 12.995455, 77.547665 12.995225))"
Bengaluru_r02_c02,Bengaluru,2022,2,2,2022-01-01,2022-03-31,32643,776360.0,1437990.0,778920.0,1440550.0,77.559575487433,13.006672118472043,1.0,13.7550048828125,0.19088208675384521,0.29129546880722046,0.01607104390859604,-0.3488573431968689,0.10744700580835342,True,tiles\Bengaluru\2022\Bengaluru_r02_c02.tif,17.0,4.575653,"POLYGON ((77.571248 12.994993, 77.571487 13.018119, 77.547902 13.018351, 77.547665 12.995225, 77.571248 12.994993))"
Bengaluru_r02_c03,Bengaluru,2022,2,3,2022-01-01,2022-03-31,32643,778920.0,1437990.0,781480.0,1440550.0,77.5831594202971,13.006438374582642,1.0,12.016571044921875,0.2931428551673889,0.3497471809387207,-0.0031981393694877625,-0.38592591881752014,0.10015334188938141,True,tiles\Bengaluru\2022\Bengaluru_r02_c03.tif,17.0,4.575653,"POLYGON ((77.594831 12.994758, 77.595072 13.017884, 77.571487 13.018119, 77.571248 12.994993, 77.594831 12.994758))"
Bengaluru_r02_c04,Bengaluru,2022,2,4,2022-01-01,2022-03-31,32643,781480.0,1437990.0,784040.0,1440550.0,77.60674289036248,13.006202492487715,1.0,13.414642333984375,0.21090340614318848,0.2737329304218292,0.04276065528392792,-0.36944353580474854,0.11624610424041748,True,tiles\Bengaluru\2022\Bengaluru_r02_c04.tif,17.0,4.575653,"POLYGON ((77.618413 12.994521, 77.618656 13.017646, 77.595072 13.017884, 77.594831 12.994758, 77.618413 12.994521))"
Bengaluru_r02_c05,Bengaluru,2022,2,5,2022-01-01,2022-03-31,32643,784040.0,1437990.0,786600.0,1440550.0,77.6303258934172,13.005964472383077,1.0,13.488372802734375,0.20656633377075195,0.23153576254844666,0.053070247173309326,-0.3362019658088684,0.12402749806642532,True,tiles\Bengaluru\2022\Bengaluru_r02_c05.tif,17.0,4.575653,"POLYGON ((77.641995 12.994282, 77.64224 13.017407, 77.618656 13.017646, 77.618413 12.994521, 77.641995 12.994282))"
Bengaluru_r02_c06,Bengaluru,2022,2,6,2022-01-01,2022-03-31,32643,786600.0,1437990.0,789160.0,1440550.0,77.65390842524978,13.005724314466319,1.0,12.8834228515625,0.24215161800384521,0.3107917904853821,0.0244398582726717,-0.38592156767845154,0.10747484117746353,True,tiles\Bengaluru\2022\Bengaluru_r02_c06.tif,17.0,4.575653,"POLYGON ((77.665576 12.994041, 77.665823 13.017166, 77.64224 13.017407, 77.641995 12.994282, 77.665576 12.994041))"
Bengaluru_r02_c07,Bengaluru,2022,2,7,2022-01-01,2022-03-31,32643,789160.0,1437990.0,791720.0,1440550.0,77.67749048164917,13.005482018936792,1.0,12.598297119140625,0.2589237093925476,0.260384738445282,0.04383707046508789,-0.34980371594429016,0.1172264814376831,True,tiles\Bengaluru\2022\Bengaluru_r02_c07.tif,17.0,4.575653,"POLYGON ((77.689157 12.993798, 77.689406 13.016922, 77.665823 13.017166, 77.665576 12.994041, 77.689157 12.993798))"
Bengaluru_r03_c00,Bengaluru,2022,3,0,2022-01-01,2022-03-31,32643,771240.0,1435430.0,773800.0,1437990.0,77.51217355337432,12.984006213448371,1.0,13.736480712890625,0.19197171926498413,0.24053776264190674,0.04838171601295471,-0.3419395983219147,0.12297258526086807,True,tiles\Bengaluru\2022\Bengaluru_r03_c00.tif,17.0,4.575653,"POLYGON ((77.523848 12.972329, 77.524082 12.995455, 77.500498 12.995684, 77.500266 12.972556, 77.523848 12.972329))"
Bengaluru_r03_c01,Bengaluru,2022,3,1,2022-01-01,2022-03-31,32643,773800.0,1435430.0,776360.0,1437990.0,77.53575622047258,12.983777168327949,1.0,14.20660400390625,0.16431742906570435,0.19574445486068726,0.04835135489702225,-0.29341787099838257,0.12580454349517822,True,tiles\Bengaluru\2022\Bengaluru_r03_c01.tif,17.0,4.575653,"POLYGON ((77.54743 12.972099, 77.547665 12.995225, 77.524082 12.995455, 77.523848 12.972329, 77.54743 12.972099))"
Bengaluru_r03_c02,Bengaluru,2022,3,2,2022-01-01,2022-03-31,32643,776360.0,1435430.0,778920.0,1437990.0,77.5593384333984,12.98354598854579,1.0,13.182891845703125,0.2245357632637024,0.21712017059326172,0.0493803396821022,-0.31254151463508606,0.11744490265846252,True,tiles\Bengaluru\2022\Bengaluru_r03_c02.tif,17.0,4.575653,"POLYGON ((77.571011 12.971867, 77.571248 12.994993, 77.547665 12.995225, 77.54743 12.972099, 77.571011 12.971867))"
Bengaluru_r03_c03,Bengaluru,2022,3,3,2022-01-01,2022-03-31,32643,778920.0,1435430.0,781480.0,1437990.0,77.58292018794081,12.983312674293806,1.0,12.229095458984375,0.28064143657684326,0.3374871611595154,0.00047910341527312994,-0.38208305835723877,0.10131773352622986,True,tiles\Bengaluru\2022\Bengaluru_r03_c03.tif,17.0,4.575653,"POLYGON ((77.594591 12.971633, 77.594831 12.994758, 77.571248 12.994993, 77.571011 12.971867, 77.594591 12.971633))"
Bengaluru_r03_c04,Bengaluru,2022,3,4,2022-01-01,2022-03-31,32643,781480.0,1435430.0,784040.0,1437990.0,77.60650147988939,12.983077225765678,1.0,13.731536865234375,0.19226253032684326,0.2945038676261902,0.018464326858520508,-0.3500773310661316,0.10756492614746094,True,tiles\Bengaluru\2022\Bengaluru_r03_c04.tif,17.0,4.575653,"POLYGON ((77.618171 12.971396, 77.618413 12.994521, 77.594831 12.994758, 77.594591 12.971633, 77.618171 12.971396))"
Bengaluru_r03_c05,Bengaluru,2022,3,5,2022-01-01,2022-03-31,32643,784040.0,1435430.0,786600.0,1437990.0,77.63008230503398,12.982839643156842,1.0,13.88702392578125,0.18311625719070435,0.30954480171203613,0.005437660962343216,-0.3518475890159607,0.10198312997817993,True,tiles\Bengaluru\2022\Bengaluru_r03_c05.tif,17.0,4.575653,"POLYGON ((77.64175 12.971158, 77.641995 12.994282, 77.618413 12.994521, 77.618171 12.971396, 77.64175 12.971158))"
Bengaluru_r03_c06,Bengaluru,2022,3,6,2022-01-01,2022-03-31,32643,786600.0,1435430.0,789160.0,1437990.0,77.65366265916501,12.982599926664498,1.0,13.303466796875,0.21744310855865479,0.3456015884876251,0.00790904089808464,-0.38946473598480225,0.10347514599561691,True,tiles\Bengaluru\2022\Bengaluru_r03_c06.tif,17.0,4.575653,"POLYGON ((77.665329 12.970917, 77.665576 12.994041, 77.641995 12.994282, 77.64175 12.971158, 77.665329 12.970917))"
Bengaluru_r03_c07,Bengaluru,2022,3,7,2022-01-01,2022-03-31,32643,789160.0,1435430.0,791720.0,1437990.0,77.67724253807323,12.982358076487609,1.0,12.899932861328125,0.241180419921875,0.28173649311065674,0.018688958138227463,-0.35957443714141846,0.12064502388238907,True,tiles\Bengaluru\2022\Bengaluru_r03_c07.tif,17.0,4.575653,"POLYGON ((77.688908 12.970675, 77.689157 12.993798, 77.665576 12.994041, 77.665329 12.970917, 77.688908 12.970675))"
Bengaluru_r04_c00,Bengaluru,2022,4,0,2022-01-01,2022-03-31,32643,771240.0,1432870.0,773800.0,1435430.0,77.51194130655126,12.960879190886265,1.0,13.52032470703125,0.20468676090240479,0.2911655902862549,0.01671673357486725,-0.3537594676017761,0.11353560537099838,True,tiles\Bengaluru\2022\Bengaluru_r04_c00.tif,17.0,4.575653,"POLYGON ((77.523615 12.949202, 77.523848 12.972329, 77.500266 12.972556, 77.500036 12.949429, 77.523615 12.949202))"
Bengaluru_r04_c01,Bengaluru,2022,4,1,2022-01-01,2022-03-31,32643,773800.0,1432870.0,776360.0,1435430.0,77.53552179913513,12.960650567468491,1.0,13.305419921875,0.2173282504081726,0.20450660586357117,0.04448400437831879,-0.29617056250572205,0.1232825368642807,True,tiles\Bengaluru\2022\Bengaluru_r04_c01.tif,17.0,4.575653,"POLYGON ((77.547194 12.948972, 77.54743 12.972099, 77.523848 12.972329, 77.523615 12.949202, 77.547194 12.948972))"
Bengaluru_r04_c02,Bengaluru,2022,4,2,2022-01-01,2022-03-31,32643,776360.0,1432870.0,778920.0,1435430.0,77.55910183774724,12.960419813318424,1.0,13.170318603515625,0.22527539730072021,0.2085743397474289,0.05257037281990051,-0.3069264888763428,0.12083224952220917,True,tiles\Bengaluru\2022\Bengaluru_r04_c02.tif,17.0,4.575653,"POLYGON ((77.570773 12.948741, 77.571011 12.971867, 77.54743 12.972099, 77.547194 12.948972, 77.570773 12.948741))"
Bengaluru_r04_c03,Bengaluru,2022,4,3,2022-01-01,2022-03-31,32643,778920.0,1432870.0,781480.0,1435430.0,77.58268141817855,12.960186928627596,1.0,13.10247802734375,0.2292659878730774,0.22169384360313416,0.05800208821892738,-0.32805997133255005,0.11768758296966553,True,tiles\Bengaluru\2022\Bengaluru_r04_c03.tif,17.0,4.575653,"POLYGON ((77.594351 12.948507, 77.594591 12.971633, 77.571011 12.971867, 77.570773 12.948741, 77.594351 12.948507))"
Bengaluru_r04_c04,Bengaluru,2022,4,4,2022-01-01,2022-03-31,32643,781480.0,1432870.0,784040.0,1435430.0,77.60626053622036,12.95995191358931,1.0,12.621734619140625,0.25754499435424805,0.2848759889602661,0.03506074845790863,-0.3664677143096924,0.10866960883140564,True,tiles\Bengaluru\2022\Bengaluru_r04_c04.tif,17.0,4.575653,"POLYGON ((77.617929 12.948271, 77.618171 12.971396, 77.594591 12.971633, 77.594351 12.948507, 77.617929 12.948271))"
Bengaluru_r04_c05,Bengaluru,2022,4,5,2022-01-01,2022-03-31,32643,784040.0,1432870.0,786600.0,1435430.0,77.62983918766447,12.95971476839862,1.0,12.931976318359375,0.23929548263549805,0.3715886175632477,0.012126578949391842,-0.4284745156764984,0.09557395428419113,True,tiles\Bengaluru\2022\Bengaluru_r04_c05.tif,17.0,4.575653,"POLYGON ((77.641506 12.948033, 77.64175 12.971158, 77.618171 12.971396, 77.617929 12.948271, 77.641506 12.948033))"
Bengaluru_r04_c06,Bengaluru,2022,4,6,2022-01-01,2022-03-31,32643,786600.0,1432870.0,789160.0,1435430.0,77.65341736830311,12.959475493252336,1.0,12.899383544921875,0.24121272563934326,0.3050292134284973,0.03384474292397499,-0.3838619589805603,0.11105397343635559,True,tiles\Bengaluru\2022\Bengaluru_r04_c06.tif,17.0,4.575653,"POLYGON ((77.665083 12.947793, 77.665329 12.970917, 77.64175 12.971158, 77.641506 12.948033, 77.665083 12.947793))"
Bengaluru_r04_c07,Bengaluru,2022,4,7,2022-01-01,2022-03-31,32643,789160.0,1432870.0,791720.0,1435430.0,77.67699507392895,12.95923408834905,1.0,13.048675537109375,0.23243087530136108,0.3035619854927063,0.0585787408053875,-0.4077010750770569,0.11093602329492569,True,tiles\Bengaluru\2022\Bengaluru_r04_c07.tif,17.0,4.575653,"POLYGON ((77.68866 12.947551, 77.688908 12.970675, 77.665329 12.970917, 77.665083 12.947793, 77.68866 12.947551))"
Bengaluru_r05_c00,Bengaluru,2022,5,0,2022-01-01,2022-03-31,32643,771240.0,1430310.0,773800.0,1432870.0,77.51170950949053,12.937752123249755,1.0,13.174346923828125,0.22503840923309326,0.38161078095436096,0.0054108938202261925,-0.42806804180145264,0.09337371587753296,True,tiles\Bengaluru\2022\Bengaluru_r05_c00.tif,17.0,4.575653,"POLYGON ((77.523382 12.926075, 77.523615 12.949202, 77.500036 12.949429, 77.499805 12.926302, 77.523382 12.926075))"
Bengaluru_r05_c01,Bengaluru,2022,5,1,2022-01-01,2022-03-31,32643,773800.0,1430310.0,776360.0,1432870.0,77.53528783176951,12.93752392145991,1.0,14.015625,0.17555147409439087,0.24072431027889252,0.040442366153001785,-0.3318825960159302,0.12304344028234482,True,tiles\Bengaluru\2022\Bengaluru_r05_c01.tif,17.0,4.575653,"POLYGON ((77.54696 12.925846, 77.547194 12.948972, 77.523615 12.949202, 77.523382 12.926075, 77.54696 12.925846))"
Bengaluru_r05_c02,Bengaluru,2022,5,2,2022-01-01,2022-03-31,32643,776360.0,1430310.0,778920.0,1432870.0,77.55886570027704,12.937293592866508,1.0,13.38665771484375,0.21254956722259521,0.20595449209213257,0.04099152237176895,-0.29575416445732117,0.12264680862426758,True,tiles\Bengaluru\2022\Bengaluru_r05_c02.tif,17.0,4.575653,"POLYGON ((77.570536 12.925615, 77.570773 12.948741, 77.547194 12.948972, 77.54696 12.925846, 77.570536 12.925615))"
Bengaluru_r05_c03,Bengaluru,2022,5,3,2022-01-01,2022-03-31,32643,778920.0,1430310.0,781480.0,1432870.0,77.58244311080585,12.937061137660718,1.0,12.727996826171875,0.2512943148612976,0.2740834951400757,0.011642813682556152,-0.32288888096809387,0.10895160585641861,True,tiles\Bengaluru\2022\Bengaluru_r05_c03.tif,17.0,4.575653,"POLYGON ((77.594112 12.925381, 77.594351 12.948507, 77.570773 12.948741, 77.570536 12.925615, 77.594112 12.925381))"
Bengaluru_r05_c04,Bengaluru,2022,5,4,2022-01-01,2022-03-31,32643,781480.0,1430310.0,784040.0,1432870.0,77.60602005914915,12.936826556035472,1.0,12.707366943359375,0.2525078058242798,0.2813943028450012,0.022188078612089157,-0.3454679846763611,0.11377143114805222,True,tiles\Bengaluru\2022\Bengaluru_r05_c04.tif,17.0,4.575653,"POLYGON ((77.617688 12.925146, 77.617929 12.948271, 77.594351 12.948507, 77.594112 12.925381, 77.617688 12.925146))"
Bengaluru_r05_c05,Bengaluru,2022,5,5,2022-01-01,2022-03-31,32643,784040.0,1430310.0,786600.0,1432870.0,77.62959654110057,12.936589848185431,1.0,12.502349853515625,0.26456767320632935,0.31178855895996094,0.019685789942741394,-0.38082224130630493,0.1092507392168045,True,tiles\Bengaluru\2022\Bengaluru_r05_c05.tif,17.0,4.575653,"POLYGON ((77.641263 12.924908, 77.641506 12.948033, 77.617929 12.948271, 77.617688 12.925146, 77.641263 12.924908))"
Bengaluru_r05_c06,Bengaluru,2022,5,6,2022-01-01,2022-03-31,32643,786600.0,1430310.0,789160.0,1432870.0,77.65317255245414,12.936351014307032,1.0,13.207489013671875,0.22308886051177979,0.478233277797699,-0.03863584250211716,-0.48408496379852295,0.08411829173564911,True,tiles\Bengaluru\2022\Bengaluru_r05_c06.tif,17.0,4.575653,"POLYGON ((77.664838 12.924669, 77.665083 12.947793, 77.641506 12.948033, 77.641263 12.924908, 77.664838 12.924669))"
Bengaluru_r05_c07,Bengaluru,2022,5,7,2022-01-01,2022-03-31,32643,789160.0,1430310.0,791720.0,1432870.0,77.67674808900442,12.936110054598466,1.0,13.151580810546875,0.22637760639190674,0.35552942752838135,-0.023341359570622444,-0.37184494733810425,0.11121217161417007,True,tiles\Bengaluru\2022\Bengaluru_r05_c07.tif,17.0,4.575653,"POLYGON ((77.688412 12.924427, 77.68866 12.947551, 77.665083 12.947793, 77.664838 12.924669, 77.688412 12.924427))"
Bengaluru_r06_c00,Bengaluru,2022,6,0,2022-01-01,2022-03-31,32643,771240.0,1427750.0,773800.0,1430310.0,77.51147816199368,12.914625010615127,1.0,13.671783447265625,0.19577741622924805,0.32075896859169006,0.01775742881000042,-0.38194894790649414,0.11045607924461365,True,tiles\Bengaluru\2022\Bengaluru_r06_c00.tif,17.0,4.575653,"POLYGON ((77.52315 12.902948, 77.523382 12.926075, 77.499805 12.926302, 77.499575 12.903175, 77.52315 12.902948))"
Bengaluru_r06_c01,Bengaluru,2022,6,1,2022-01-01,2022-03-31,32643,773800.0,1427750.0,776360.0,1430310.0,77.53505431817545,12.914397230378624,1.0,14.55230712890625,0.14398193359375,0.26278021931648254,0.040215909481048584,-0.3591673970222473,0.11994147300720215,True,tiles\Bengaluru\2022\Bengaluru_r06_c01.tif,17.0,4.575653,"POLYGON ((77.546725 12.902719, 77.54696 12.925846, 77.523382 12.926075, 77.52315 12.902948, 77.546725 12.902719))"
Bengaluru_r06_c02,Bengaluru,2022,6,2,2022-01-01,2022-03-31,32643,776360.0,1427750.0,778920.0,1430310.0,77.55863002078564,12.914167327266624,1.0,13.151123046875,0.22640454769134521,0.21829023957252502,0.036805059760808945,-0.30653536319732666,0.12308215349912643,True,tiles\Bengaluru\2022\Bengaluru_r06_c02.tif,17.0,4.575653,"POLYGON ((77.5703 12.902489, 77.570536 12.925615, 77.54696 12.925846, 77.546725 12.902719, 77.5703 12.902489))"
Bengaluru_r06_c03,Bengaluru,2022,6,3,2022-01-01,2022-03-31,32643,778920.0,1427750.0,781480.0,1430310.0,77.58220526561878,12.913935301469923,1.0,13.554107666015625,0.20269954204559326,0.25164180994033813,0.023117849603295326,-0.3214457333087921,0.11485391855239868,True,tiles\Bengaluru\2022\Bengaluru_r06_c03.tif,17.0,4.575653,"POLYGON ((77.593873 12.902256, 77.594112 12.925381, 77.570536 12.925615, 77.5703 12.902489, 77.593873 12.902256))"
Bengaluru_r06_c04,Bengaluru,2022,6,4,2022-01-01,2022-03-31,32643,781480.0,1427750.0,784040.0,1430310.0,77.60578004846994,12.91370115318106,1.0,12.155487060546875,0.28497135639190674,0.21794834733009338,0.005420779809355736,-0.2551324963569641,0.11832432448863983,True,tiles\Bengaluru\2022\Bengaluru_r06_c04.tif,17.0,4.575653,"POLYGON ((77.617447 12.902021, 77.617688 12.925146, 77.594112 12.925381, 77.593873 12.902256, 77.617447 12.902021))"
Bengaluru_r06_c05,Bengaluru,2022,6,5,2022-01-01,2022-03-31,32643,784040.0,1427750.0,786600.0,1430310.0,77.62935436513457,12.913464882594331,1.0,13.00262451171875,0.23513972759246826,0.21150049567222595,0.02512488141655922,-0.27382588386535645,0.11976374685764313,True,tiles\Bengaluru\2022\Bengaluru_r06_c05.tif,17.0,4.575653,"POLYGON ((77.64102 12.901784, 77.641263 12.924908, 77.617688 12.925146, 77.617447 12.902021, 77.64102 12.901784))"
Bengaluru_r06_c06,Bengaluru,2022,6,6,2022-01-01,2022-03-31,32643,786600.0,1427750.0,789160.0,1430310.0,77.65292821140856,12.913226489905792,1.0,12.413482666015625,0.26979511976242065,0.3538450598716736,0.02375114895403385,-0.40716153383255005,0.09483153373003006,True,tiles\Bengaluru\2022\Bengaluru_r06_c06.tif,17.0,4.575653,"POLYGON ((77.664592 12.901544, 77.664838 12.924669, 77.641263 12.924908, 77.64102 12.901784, 77.664592 12.901544))"
Bengaluru_r06_c07,Bengaluru,2022,6,7,2022-01-01,2022-03-31,32643,789160.0,1427750.0,791720.0,1430310.0,77.67650158308831,12.912985975313225,1.0,12.823333740234375,0.24568623304367065,0.2781945466995239,0.011264238506555557,-0.3248631954193115,0.11602212488651276,True,tiles\Bengaluru\2022\Bengaluru_r06_c07.tif,17.0,4.575653,"POLYGON ((77.688165 12.901303, 77.688412 12.924427, 77.664838 12.924669, 77.664592 12.901544, 77.688165 12.901303))"
Bengaluru_r07_c00,Bengaluru,2022,7,0,2022-01-01,2022-03-31,32643,771240.0,1425190.0,773800.0,1427750.0,77.51124726386267,12.891497853058668,1.0,13.429412841796875,0.2100345492362976,0.39501258730888367,0.05366695672273636,-0.4945394694805145,0.08967171609401703,True,tiles\Bengaluru\2022\Bengaluru_r07_c00.tif,17.0,4.575653,"POLYGON ((77.522919 12.879821, 77.52315 12.902948, 77.499575 12.903175, 77.499345 12.880047, 77.522919 12.879821))"
Bengaluru_r07_c01,Bengaluru,2022,7,1,2022-01-01,2022-03-31,32643,773800.0,1425190.0,776360.0,1427750.0,77.53482125815316,12.89127049430109,1.0,14.353607177734375,0.155670166015625,0.3531948924064636,0.029910527169704437,-0.43308699131011963,0.1025313138961792,True,tiles\Bengaluru\2022\Bengaluru_r07_c01.tif,17.0,4.575653,"POLYGON ((77.546491 12.879593, 77.546725 12.902719, 77.52315 12.902948, 77.522919 12.879821, 77.546491 12.879593))"
Bengaluru_r07_c02,Bengaluru,2022,7,2,2022-01-01,2022-03-31,32643,776360.0,1425190.0,778920.0,1427750.0,77.55839479907137,12.891041016595379,1.0,13.769561767578125,0.19002580642700195,0.251079797744751,0.04026462510228157,-0.33968451619148254,0.12362685799598694,True,tiles\Bengaluru\2022\Bengaluru_r07_c02.tif,17.0,4.575653,"POLYGON ((77.570063 12.879363, 77.5703 12.902489, 77.546725 12.902719, 77.546491 12.879593, 77.570063 12.879363))"
Bengaluru_r07_c03,Bengaluru,2022,7,3,2022-01-01,2022-03-31,32643,778920.0,1425190.0,781480.0,1427750.0,77.58196788241384,12.89080942013196,1.0,12.8974609375,0.24132585525512695,0.23098604381084442,0.02178208902478218,-0.2941528558731079,0.12001483142375946,True,tiles\Bengaluru\2022\Bengaluru_r07_c03.tif,17.0,4.575653,"POLYGON ((77.593635 12.87913, 77.593873 12.902256, 77.5703 12.902489, 77.570063 12.879363, 77.593635 12.87913))"
Bengaluru_r07_c04,Bengaluru,2022,7,4,2022-01-01,2022-03-31,32643,781480.0,1425190.0,784040.0,1427750.0,77.60554050397737,12.890575705102997,1.0,12.701690673828125,0.2528417110443115,0.26296496391296387,0.024567389860749245,-0.33326196670532227,0.12133784592151642,True,tiles\Bengaluru\2022\Bengaluru_r07_c04.tif,17.0,4.575653,"POLYGON ((77.617207 12.878896, 77.617447 12.902021, 77.593873 12.902256, 77.593635 12.87913, 77.617207 12.878896))"
Bengaluru_r07_c05,Bengaluru,2022,7,5,2022-01-01,2022-03-31,32643,784040.0,1425190.0,786600.0,1427750.0,77.62911265955933,12.890339871702404,1.0,12.654205322265625,0.25563496351242065,0.1791398823261261,0.07310214638710022,-0.3091423511505127,0.14230674505233765,True,tiles\Bengaluru\2022\Bengaluru_r07_c05.tif,17.0,4.575653,"POLYGON ((77.640777 12.878659, 77.64102 12.901784, 77.617447 12.902021, 77.617207 12.878896, 77.640777 12.878659))"
Bengaluru_r07_c06,Bengaluru,2022,7,6,2022-01-01,2022-03-31,32643,786600.0,1425190.0,789160.0,1427750.0,77.65268434495738,12.890101920125844,1.0,12.24176025390625,0.27989643812179565,0.2510676085948944,0.049741312861442566,-0.34755057096481323,0.12516434490680695,True,tiles\Bengaluru\2022\Bengaluru_r07_c06.tif,17.0,4.575653,"POLYGON ((77.664348 12.87842, 77.664592 12.901544, 77.64102 12.901784, 77.640777 12.878659, 77.664348 12.87842))"
Bengaluru_r07_c07,Bengaluru,2022,7,7,2022-01-01,2022-03-31,32643,789160.0,1425190.0,791720.0,1427750.0,77.6762555559698,12.889861850570728,1.0,13.547515869140625,0.20308732986450195,0.3131865859031677,0.04158402979373932,-0.40990257263183594,0.11692062765359879,True,tiles\Bengaluru\2022\Bengaluru_r07_c07.tif,17.0,4.575653,"POLYGON ((77.687918 12.878179, 77.688165 12.901303, 77.664592 12.901544, 77.664348 12.87842, 77.687918 12.878179))"
Bengaluru_r00_c00,Bengaluru,2023,0,0,2023-01-01,2023-03-31,32643,771240.0,1443110.0,773800.0,1445670.0,77.5128729944078,13.05338700992583,1.0,12.955474853515625,0.19028282165527344,0.26826930046081543,0.030291404575109482,-0.3513578474521637,0.11843450367450714,True,tiles\Bengaluru\2023\Bengaluru_r00_c00.tif,,,"POLYGON ((77.52455 13.041709, 77.524785 13.064836, 77.501195 13.065065, 77.500962 13.041938, 77.52455 13.041709))"
Bengaluru_r00_c01,Bengaluru,2023,0,1,2023-01-01,2023-03-31,32643,773800.0,1443110.0,776360.0,1445670.0,77.53646221032497,13.053156699247559,1.0,13.27691650390625,0.17019271850585938,0.47879597544670105,-0.05807425081729889,-0.4572269916534424,0.07614721357822418,True,tiles\Bengaluru\2023\Bengaluru_r00_c01.tif,,,"POLYGON ((77.548138 13.041478, 77.548375 13.064604, 77.524785 13.064836, 77.52455 13.041709, 77.548138 13.041478))"
Bengaluru_r00_c02,Bengaluru,2023,0,2,2023-01-01,2023-03-31,32643,776360.0,1443110.0,778920.0,1445670.0,77.56005097146506,13.052924242115079,1.0,13.00054931640625,0.18746566772460938,0.35948634147644043,-0.014801145531237125,-0.386249840259552,0.09755419939756393,True,tiles\Bengaluru\2023\Bengaluru_r00_c02.tif,,,"POLYGON ((77.571726 13.041244, 77.571965 13.06437, 77.548375 13.064604, 77.548138 13.041478, 77.571726 13.041244))"
Bengaluru_r00_c03,Bengaluru,2023,0,3,2023-01-01,2023-03-31,32643,778920.0,1443110.0,781480.0,1445670.0,77.58363927361144,13.052689638721409,1.0,12.46942138671875,0.22066116333007812,0.2838967442512512,-0.016751348972320557,-0.30912506580352783,0.10356643795967102,True,tiles\Bengaluru\2023\Bengaluru_r00_c03.tif,,,"POLYGON ((77.595313 13.041009, 77.595554 13.064134, 77.571965 13.06437, 77.571726 13.041244, 77.595313 13.041009))"
Bengaluru_r00_c04,Bengaluru,2023,0,4,2023-01-01,2023-03-31,32643,781480.0,1443110.0,784040.0,1445670.0,77.60722711254813,13.052452889261373,1.0,13.209930419921875,0.1743793487548828,0.27882373332977295,-0.006392618175595999,-0.3112025856971741,0.11425721645355225,True,tiles\Bengaluru\2023\Bengaluru_r00_c04.tif,,,"POLYGON ((77.618899 13.040771, 77.619143 13.063896, 77.595554 13.064134, 77.595313 13.041009, 77.618899 13.040771))"
Bengaluru_r00_c05,Bengaluru,2023,0,5,2023-01-01,2023-03-31,32643,784040.0,1443110.0,786600.0,1445670.0,77.63081448405939,13.05221399393154,1.0,12.751312255859375,0.20304298400878906,0.24476805329322815,0.04950515925884247,-0.3586978316307068,0.12765200436115265,True,tiles\Bengaluru\2023\Bengaluru_r00_c05.tif,,,"POLYGON ((77.642485 13.040532, 77.642731 13.063656, 77.619143 13.063896, 77.618899 13.040771, 77.642485 13.040532))"
Bengaluru_r00_c06,Bengaluru,2023,0,6,2023-01-01,2023-03-31,32643,786600.0,1443110.0,789160.0,1445670.0,77.65440138393005,13.05197295293028,1.0,12.933258056640625,0.19167137145996094,0.3511921763420105,-0.016374990344047546,-0.37108200788497925,0.10721857845783234,True,tiles\Bengaluru\2023\Bengaluru_r00_c06.tif,,,"POLYGON ((77.666071 13.04029, 77.666319 13.063414, 77.642731 13.063656, 77.642485 13.040532, 77.666071 13.04029))"
Bengaluru_r00_c07,Bengaluru,2023,0,7,2023-01-01,2023-03-31,32643,789160.0,1443110.0,791720.0,1445670.0,77.67798780794539,13.051729766457717,1.0,12.70294189453125,0.20606613159179688,0.3473881483078003,0.008332673460245132,-0.4092404246330261,0.11023493111133575,True,tiles\Bengaluru\2023\Bengaluru_r00_c07.tif,,,"POLYGON ((77.689656 13.040046, 77.689906 13.063169, 77.666319 13.063414, 77.666071 13.04029, 77.689656 13.040046))"
Bengaluru_r01_c00,Bengaluru,2023,1,0,2023-01-01,2023-03-31,32643,771240.0,1440550.0,773800.0,1443110.0,77.51263939710311,13.030260123044377,1.0,12.927642822265625,0.19202232360839844,0.2573316693305969,0.04656285420060158,-0.3471951186656952,0.11769971996545792,True,tiles\Bengaluru\2023\Bengaluru_r01_c00.tif,,,"POLYGON ((77.524316 13.018582, 77.52455 13.041709, 77.500962 13.041938, 77.50073 13.018811, 77.524316 13.018582))"
Bengaluru_r01_c01,Bengaluru,2023,1,1,2023-01-01,2023-03-31,32643,773800.0,1440550.0,776360.0,1443110.0,77.53622642586615,13.030030234293857,1.0,13.19476318359375,0.17532730102539062,0.31226858496665955,0.019753316417336464,-0.37528783082962036,0.10505051910877228,True,tiles\Bengaluru\2023\Bengaluru_r01_c01.tif,,,"POLYGON ((77.547902 13.018351, 77.548138 13.041478, 77.52455 13.041709, 77.524316 13.018582, 77.547902 13.018351))"
Bengaluru_r01_c02,Bengaluru,2023,1,2,2023-01-01,2023-03-31,32643,776360.0,1440550.0,778920.0,1443110.0,77.55981300005406,13.029798203020647,1.0,13.282989501953125,0.1698131561279297,0.28029847145080566,0.012883378192782402,-0.3447719216346741,0.10968579351902008,True,tiles\Bengaluru\2023\Bengaluru_r01_c02.tif,,,"POLYGON ((77.571487 13.018119, 77.571726 13.041244, 77.548138 13.041478, 77.547902 13.018351, 77.571487 13.018119))"
Bengaluru_r01_c03,Bengaluru,2023,1,3,2023-01-01,2023-03-31,32643,778920.0,1440550.0,781480.0,1443110.0,77.58339911545222,13.029564029417402,1.0,13.20928955078125,0.17441940307617188,0.32514718174934387,-0.0033405362628400326,-0.371277779340744,0.1021358072757721,True,tiles\Bengaluru\2023\Bengaluru_r01_c03.tif,,,"POLYGON ((77.595072 13.017884, 77.595313 13.041009, 77.571726 13.041244, 77.571487 13.018119, 77.595072 13.017884))"
Bengaluru_r01_c04,Bengaluru,2023,1,4,2023-01-01,2023-03-31,32643,781480.0,1440550.0,784040.0,1443110.0,77.60698476784634,13.029327713678551,1.0,12.552215576171875,0.2154865264892578,0.2051534652709961,0.05006415396928787,-0.3108106255531311,0.12643355131149292,True,tiles\Bengaluru\2023\Bengaluru_r01_c04.tif,,,"POLYGON ((77.618656 13.017646, 77.618899 13.040771, 77.595313 13.041009, 77.595072 13.017884, 77.618656 13.017646))"
Bengaluru_r01_c05,Bengaluru,2023,1,5,2023-01-01,2023-03-31,32643,784040.0,1440550.0,786600.0,1443110.0,77.63056995302267,13.029089256000306,1.0,13.13433837890625,0.17910385131835938,0.22448334097862244,0.044217392802238464,-0.322221964597702,0.12382113933563232,True,tiles\Bengaluru\2023\Bengaluru_r01_c05.tif,,,"POLYGON ((77.64224 13.017407, 77.642485 13.040532, 77.618899 13.040771, 77.618656 13.017646, 77.64224 13.017407))"
Bengaluru_r01_c06,Bengaluru,2023,1,6,2023-01-01,2023-03-31,32643,786600.0,1440550.0,789160.0,1443110.0,77.65415466676785,13.028848656580632,1.0,13.47509765625,0.157806396484375,0.23809650540351868,0.034037984907627106,-0.3226093649864197,0.12457948178052902,True,tiles\Bengaluru\2023\Bengaluru_r01_c06.tif,,,"POLYGON ((77.665823 13.017166, 77.666071 13.04029, 77.642485 13.040532, 77.64224 13.017407, 77.665823 13.017166))"
Bengaluru_r01_c07,Bengaluru,2023,1,7,2023-01-01,2023-03-31,32643,789160.0,1440550.0,791720.0,1443110.0,77.67773890486897,13.028605915619265,1.0,13.275054931640625,0.17030906677246094,0.2019025832414627,0.0574900358915329,-0.3192428946495056,0.14134430885314941,True,tiles\Bengaluru\2023\Bengaluru_r01_c07.tif,,,"POLYGON ((77.689406 13.016922, 77.689656 13.040046, 77.666071 13.04029, 77.665823 13.017166, 77.689406 13.016922))"
Bengaluru_r02_c00,Bengaluru,2023,2,0,2023-01-01,2023-03-31,32643,771240.0,1437990.0,773800.0,1440550.0,77.51240625015849,13.00713319085982,1.0,12.47198486328125,0.22050094604492188,0.1976468861103058,0.06005861610174179,-0.31301042437553406,0.1284121870994568,True,tiles\Bengaluru\2023\Bengaluru_r02_c00.tif,,,"POLYGON ((77.524082 12.995455, 77.524316 13.018582, 77.50073 13.018811, 77.500498 12.995684, 77.524082 12.995455))"
Bengaluru_r02_c01,Bengaluru,2023,2,1,2023-01-01,2023-03-31,32643,773800.0,1437990.0,776360.0,1440550.0,77.53599109598252,13.006903723961862,1.0,12.801910400390625,0.19988059997558594,0.21855828166007996,0.027081146836280823,-0.2952713072299957,0.11973834037780762,True,tiles\Bengaluru\2023\Bengaluru_r02_c01.tif,,,"POLYGON ((77.547665 12.995225, 77.547902 13.018351, 77.524316 13.018582, 77.524082 12.995455, 77.547665 12.995225))"
Bengaluru_r02_c02,Bengaluru,2023,2,2,2023-01-01,2023-03-31,32643,776360.0,1437990.0,778920.0,1440550.0,77.559575487433,13.006672118472043,1.0,12.533050537109375,0.21668434143066406,0.29861438274383545,0.006739054340869188,-0.3497302532196045,0.10428035259246826,True,tiles\Bengaluru\2023\Bengaluru_r02_c02.tif,,,"POLYGON ((77.571248 12.994993, 77.571487 13.018119, 77.547902 13.018351, 77.547665 12.995225, 77.571248 12.994993))"
Bengaluru_r02_c03,Bengaluru,2023,2,3,2023-01-01,2023-03-31,32643,778920.0,1437990.0,781480.0,1440550.0,77.5831594202971,13.006438374582642,1.0,12.168304443359375,0.23948097229003906,0.34984004497528076,-0.010758805088698864,-0.37854862213134766,0.09764771908521652,True,tiles\Bengaluru\2023\Bengaluru_r02_c03.tif,,,"POLYGON ((77.594831 12.994758, 77.595072 13.017884, 77.571487 13.018119, 77.571248 12.994993, 77.594831 12.994758))"
Bengaluru_r02_c04,Bengaluru,2023,2,4,2023-01-01,2023-03-31,32643,781480.0,1437990.0,784040.0,1440550.0,77.60674289036248,13.006202492487715,1.0,12.195556640625,0.2377777099609375,0.29198983311653137,0.023462828248739243,-0.36762070655822754,0.10897842794656754,True,tiles\Bengaluru\2023\Bengaluru_r02_c04.tif,,,"POLYGON ((77.618413 12.994521, 77.618656 13.017646, 77.595072 13.017884, 77.594831 12.994758, 77.618413 12.994521))"
Bengaluru_r02_c05,Bengaluru,2023,2,5,2023-01-01,2023-03-31,32643,784040.0,1437990.0,786600.0,1440550.0,77.6303258934172,13.005964472383077,1.0,12.292236328125,0.2317352294921875,0.24335940182209015,0.03681014105677605,-0.33251455426216125,0.11690643429756165,True,tiles\Bengaluru\2023\Bengaluru_r02_c05.tif,,,"POLYGON ((77.641995 12.994282, 77.64224 13.017407, 77.618656 13.017646, 77.618413 12.994521, 77.641995 12.994282))"
Bengaluru_r02_c06,Bengaluru,2023,2,6,2023-01-01,2023-03-31,32643,786600.0,1437990.0,789160.0,1440550.0,77.65390842524978,13.005724314466319,1.0,13.0225830078125,0.18608856201171875,0.3165375888347626,0.011110860854387283,-0.37732765078544617,0.10366405546665192,True,tiles\Bengaluru\2023\Bengaluru_r02_c06.tif,,,"POLYGON ((77.665576 12.994041, 77.665823 13.017166, 77.64224 13.017407, 77.641995 12.994282, 77.665576 12.994041))"
Bengaluru_r02_c07,Bengaluru,2023,2,7,2023-01-01,2023-03-31,32643,789160.0,1437990.0,791720.0,1440550.0,77.67749048164917,13.005482018936792,1.0,13.013702392578125,0.1866436004638672,0.2719126343727112,0.028704915195703506,-0.34365689754486084,0.11240953207015991,True,tiles\Bengaluru\2023\Bengaluru_r02_c07.tif,,,"POLYGON ((77.689157 12.993798, 77.689406 13.016922, 77.665823 13.017166, 77.665576 12.994041, 77.689157 12.993798))"
Bengaluru_r03_c00,Bengaluru,2023,3,0,2023-01-01,2023-03-31,32643,771240.0,1435430.0,773800.0,1437990.0,77.51217355337432,12.984006213448371,1.0,12.31280517578125,0.23044967651367188,0.25158923864364624,0.03860311955213547,-0.3429136872291565,0.11708466708660126,True,tiles\Bengaluru\2023\Bengaluru_r03_c00.tif,,,"POLYGON ((77.523848 12.972329, 77.524082 12.995455, 77.500498 12.995684, 77.500266 12.972556, 77.523848 12.972329))"
Bengaluru_r03_c01,Bengaluru,2023,3,1,2023-01-01,2023-03-31,32643,773800.0,1435430.0,776360.0,1437990.0,77.53575622047258,12.983777168327949,1.0,12.868194580078125,0.1957378387451172,0.20725245773792267,0.03554246574640274,-0.2917919158935547,0.12071897089481354,True,tiles\Bengaluru\2023\Bengaluru_r03_c01.tif,,,"POLYGON ((77.54743 12.972099, 77.547665 12.995225, 77.524082 12.995455, 77.523848 12.972329, 77.54743 12.972099))"
Bengaluru_r03_c02,Bengaluru,2023,3,2,2023-01-01,2023-03-31,32643,776360.0,1435430.0,778920.0,1437990.0,77.5593384333984,12.98354598854579,1.0,13.1900634765625,0.17562103271484375,0.23111021518707275,0.03622667118906975,-0.3122708201408386,0.11248735338449478,True,tiles\Bengaluru\2023\Bengaluru_r03_c02.tif,,,"POLYGON ((77.571011 12.971867, 77.571248 12.994993, 77.547665 12.995225, 77.54743 12.972099, 77.571011 12.971867))"
Bengaluru_r03_c03,Bengaluru,2023,3,3,2023-01-01,2023-03-31,32643,778920.0,1435430.0,781480.0,1437990.0,77.58292018794081,12.983312674293806,1.0,13.24774169921875,0.17201614379882812,0.34637507796287537,-0.012385780923068523,-0.3786056637763977,0.09686881303787231,True,tiles\Bengaluru\2023\Bengaluru_r03_c03.tif,,,"POLYGON ((77.594591 12.971633, 77.594831 12.994758, 77.571248 12.994993, 77.571011 12.971867, 77.594591 12.971633))"
Bengaluru_r03_c04,Bengaluru,2023,3,4,2023-01-01,2023-03-31,32643,781480.0,1435430.0,784040.0,1437990.0,77.60650147988939,12.983077225765678,1.0,12.637115478515625,0.21018028259277344,0.31047743558883667,0.0011421497911214828,-0.3518121540546417,0.10140559077262878,True,tiles\Bengaluru\2023\Bengaluru_r03_c04.tif,,,"POLYGON ((77.618171 12.971396, 77.618413 12.994521, 77.594831 12.994758, 77.594591 12.971633, 77.618171 12.971396))"
Bengaluru_r03_c05,Bengaluru,2023,3,5,2023-01-01,2023-03-31,32643,784040.0,1435430.0,786600.0,1437990.0,77.63008230503398,12.982839643156842,1.0,12.64447021484375,0.20972061157226562,0.3258935809135437,-0.011965933255851269,-0.35390105843544006,0.09502764791250229,True,tiles\Bengaluru\2023\Bengaluru_r03_c05.tif,,,"POLYGON ((77.64175 12.971158, 77.641995 12.994282, 77.618413 12.994521, 77.618171 12.971396, 77.64175 12.971158))"
Bengaluru_r03_c06,Bengaluru,2023,3,6,2023-01-01,2023-03-31,32643,786600.0,1435430.0,789160.0,1437990.0,77.65366265916501,12.982599926664498,1.0,12.790924072265625,0.20056724548339844,0.3598172664642334,-0.006777614820748568,-0.38987159729003906,0.09745985269546509,True,tiles\Bengaluru\2023\Bengaluru_r03_c06.tif,,,"POLYGON ((77.665329 12.970917, 77.665576 12.994041, 77.641995 12.994282, 77.64175 12.971158, 77.665329 12.970917))"
Bengaluru_r03_c07,Bengaluru,2023,3,7,2023-01-01,2023-03-31,32643,789160.0,1435430.0,791720.0,1437990.0,77.67724253807323,12.982358076487609,1.0,12.805816650390625,0.19963645935058594,0.27432847023010254,0.025516165420413017,-0.35865968465805054,0.11785802245140076,True,tiles\Bengaluru\2023\Bengaluru_r03_c07.tif,,,"POLYGON ((77.688908 12.970675, 77.689157 12.993798, 77.665576 12.994041, 77.665329 12.970917, 77.688908 12.970675))"
Bengaluru_r04_c00,Bengaluru,2023,4,0,2023-01-01,2023-03-31,32643,771240.0,1432870.0,773800.0,1435430.0,77.51194130655126,12.960879190886265,1.0,12.657196044921875,0.2089252471923828,0.30332595109939575,0.006766129285097122,-0.3582889139652252,0.10682903230190277,True,tiles\Bengaluru\2023\Bengaluru_r04_c00.tif,,,"POLYGON ((77.523615 12.949202, 77.523848 12.972329, 77.500266 12.972556, 77.500036 12.949429, 77.523615 12.949202))"
Bengaluru_r04_c01,Bengaluru,2023,4,1,2023-01-01,2023-03-31,32643,773800.0,1432870.0,776360.0,1435430.0,77.53552179913513,12.960650567468491,1.0,13.484954833984375,0.15719032287597656,0.2167598009109497,0.030785949900746346,-0.2945582866668701,0.11801452934741974,True,tiles\Bengaluru\2023\Bengaluru_r04_c01.tif,,,"POLYGON ((77.547194 12.948972, 77.54743 12.972099, 77.523848 12.972329, 77.523615 12.949202, 77.547194 12.948972))"
Bengaluru_r04_c02,Bengaluru,2023,4,2,2023-01-01,2023-03-31,32643,776360.0,1432870.0,778920.0,1435430.0,77.55910183774724,12.960419813318424,1.0,13.56854248046875,0.15196609497070312,0.2228178232908249,0.040345676243305206,-0.3093344569206238,0.11569039523601532,True,tiles\Bengaluru\2023\Bengaluru_r04_c02.tif,,,"POLYGON ((77.570773 12.948741, 77.571011 12.971867, 77.54743 12.972099, 77.547194 12.948972, 77.570773 12.948741))"
Bengaluru_r04_c03,Bengaluru,2023,4,3,2023-01-01,2023-03-31,32643,778920.0,1432870.0,781480.0,1435430.0,77.58268141817855,12.960186928627596,1.0,13.60296630859375,0.14981460571289062,0.23331674933433533,0.04341096431016922,-0.3261522054672241,0.11284863948822021,True,tiles\Bengaluru\2023\Bengaluru_r04_c03.tif,,,"POLYGON ((77.594351 12.948507, 77.594591 12.971633, 77.571011 12.971867, 77.570773 12.948741, 77.594351 12.948507))"
Bengaluru_r04_c04,Bengaluru,2023,4,4,2023-01-01,2023-03-31,32643,781480.0,1432870.0,784040.0,1435430.0,77.60626053622036,12.95995191358931,1.0,13.554443359375,0.1528472900390625,0.2919396460056305,0.02023882046341896,-0.3602684438228607,0.10425116866827011,True,tiles\Bengaluru\2023\Bengaluru_r04_c04.tif,,,"POLYGON ((77.617929 12.948271, 77.618171 12.971396, 77.594591 12.971633, 77.594351 12.948507, 77.617929 12.948271))"
Bengaluru_r04_c05,Bengaluru,2023,4,5,2023-01-01,2023-03-31,32643,784040.0,1432870.0,786600.0,1435430.0,77.62983918766447,12.95971476839862,1.0,13.369873046875,0.1643829345703125,0.39694976806640625,-0.014238251373171806,-0.42896920442581177,0.08904305100440979,True,tiles\Bengaluru\2023\Bengaluru_r04_c05.tif,,,"POLYGON ((77.641506 12.948033, 77.64175 12.971158, 77.618171 12.971396, 77.617929 12.948271, 77.641506 12.948033))"
Bengaluru_r04_c06,Bengaluru,2023,4,6,2023-01-01,2023-03-31,32643,786600.0,1432870.0,789160.0,1435430.0,77.65341736830311,12.959475493252336,1.0,13.725982666015625,0.14212608337402344,0.31843262910842896,0.013369565829634666,-0.3757758140563965,0.10638322681188583,True,tiles\Bengaluru\2023\Bengaluru_r04_c06.tif,,,"POLYGON ((77.665083 12.947793, 77.665329 12.970917, 77.64175 12.971158, 77.641506 12.948033, 77.665083 12.947793))"
Bengaluru_r04_c07,Bengaluru,2023,4,7,2023-01-01,2023-03-31,32643,789160.0,1432870.0,791720.0,1435430.0,77.67699507392895,12.95923408834905,1.0,13.733734130859375,0.14164161682128906,0.3171853721141815,0.04300558939576149,-0.4073466658592224,0.1059541404247284,True,tiles\Bengaluru\2023\Bengaluru_r04_c07.tif,,,"POLYGON ((77.68866 12.947551, 77.688908 12.970675, 77.665329 12.970917, 77.665083 12.947793, 77.68866 12.947551))"
Bengaluru_r05_c00,Bengaluru,2023,5,0,2023-01-01,2023-03-31,32643,771240.0,1430310.0,773800.0,1432870.0,77.51170950949053,12.937752123249755,1.0,13.032501220703125,0.1854686737060547,0.3957631289958954,-0.009612543508410454,-0.4292012155056,0.0881783664226532,True,tiles\Bengaluru\2023\Bengaluru_r05_c00.tif,,,"POLYGON ((77.523382 12.926075, 77.523615 12.949202, 77.500036 12.949429, 77.499805 12.926302, 77.523382 12.926075))"
Bengaluru_r05_c01,Bengaluru,2023,5,1,2023-01-01,2023-03-31,32643,773800.0,1430310.0,776360.0,1432870.0,77.53528783176951,12.93752392145991,1.0,12.733856201171875,0.2041339874267578,0.25147348642349243,0.031249897554516792,-0.3350744843482971,0.11661258339881897,True,tiles\Bengaluru\2023\Bengaluru_r05_c01.tif,,,"POLYGON ((77.54696 12.925846, 77.547194 12.948972, 77.523615 12.949202, 77.523382 12.926075, 77.54696 12.925846))"
Bengaluru_r05_c02,Bengaluru,2023,5,2,2023-01-01,2023-03-31,32643,776360.0,1430310.0,778920.0,1432870.0,77.55886570027704,12.937293592866508,1.0,12.659515380859375,0.20878028869628906,0.21634623408317566,0.030875474214553833,-0.2985236644744873,0.11767594516277313,True,tiles\Bengaluru\2023\Bengaluru_r05_c02.tif,,,"POLYGON ((77.570536 12.925615, 77.570773 12.948741, 77.547194 12.948972, 77.54696 12.925846, 77.570536 12.925615))"
Bengaluru_r05_c03,Bengaluru,2023,5,3,2023-01-01,2023-03-31,32643,778920.0,1430310.0,781480.0,1432870.0,77.58244311080585,12.937061137660718,1.0,13.251953125,0.1717529296875,0.28516003489494324,-0.0030133971013128757,-0.31909096240997314,0.1042761579155922,True,tiles\Bengaluru\2023\Bengaluru_r05_c03.tif,,,"POLYGON ((77.594112 12.925381, 77.594351 12.948507, 77.570773 12.948741, 77.570536 12.925615, 77.594112 12.925381))"
Bengaluru_r05_c04,Bengaluru,2023,5,4,2023-01-01,2023-03-31,32643,781480.0,1430310.0,784040.0,1432870.0,77.60602005914915,12.936826556035472,1.0,12.90362548828125,0.19352340698242188,0.2971237897872925,0.007540682330727577,-0.34687528014183044,0.10668352991342545,True,tiles\Bengaluru\2023\Bengaluru_r05_c04.tif,,,"POLYGON ((77.617688 12.925146, 77.617929 12.948271, 77.594351 12.948507, 77.594112 12.925381, 77.617688 12.925146))"
Bengaluru_r05_c05,Bengaluru,2023,5,5,2023-01-01,2023-03-31,32643,784040.0,1430310.0,786600.0,1432870.0,77.62959654110057,12.936589848185431,1.0,12.662567138671875,0.2085895538330078,0.3316178321838379,-0.00037600426003336906,-0.3787488341331482,0.10165766626596451,True,tiles\Bengaluru\2023\Bengaluru_r05_c05.tif,,,"POLYGON ((77.641263 12.924908, 77.641506 12.948033, 77.617929 12.948271, 77.617688 12.925146, 77.641263 12.924908))"
Bengaluru_r05_c06,Bengaluru,2023,5,6,2023-01-01,2023-03-31,32643,786600.0,1430310.0,789160.0,1432870.0,77.65317255245414,12.936351014307032,1.0,12.402191162109375,0.22486305236816406,0.4572110176086426,-0.03569536283612251,-0.4749685227870941,0.0869680717587471,True,tiles\Bengaluru\2023\Bengaluru_r05_c06.tif,,,"POLYGON ((77.664838 12.924669, 77.665083 12.947793, 77.641506 12.948033, 77.641263 12.924908, 77.664838 12.924669))"
Bengaluru_r05_c07,Bengaluru,2023,5,7,2023-01-01,2023-03-31,32643,789160.0,1430310.0,791720.0,1432870.0,77.67674808900442,12.936110054598466,1.0,13.025390625,0.1859130859375,0.3414807915687561,-0.05865304172039032,-0.2985464930534363,0.10900633037090302,True,tiles\Bengaluru\2023\Bengaluru_r05_c07.tif,,,"POLYGON ((77.688412 12.924427, 77.68866 12.947551, 77.665083 12.947793, 77.664838 12.924669, 77.688412 12.924427))"
Bengaluru_r06_c00,Bengaluru,2023,6,0,2023-01-01,2023-03-31,32643,771240.0,1427750.0,773800.0,1430310.0,77.51147816199368,12.914625010615127,1.0,12.977203369140625,0.18892478942871094,0.3283628523349762,0.005208028946071863,-0.3804183602333069,0.10681861639022827,True,tiles\Bengaluru\2023\Bengaluru_r06_c00.tif,,,"POLYGON ((77.52315 12.902948, 77.523382 12.926075, 77.499805 12.926302, 77.499575 12.903175, 77.52315 12.902948))"
Bengaluru_r06_c01,Bengaluru,2023,6,1,2023-01-01,2023-03-31,32643,773800.0,1427750.0,776360.0,1430310.0,77.53505431817545,12.914397230378624,1.0,13.453369140625,0.1591644287109375,0.2726087272167206,0.03136099874973297,-0.3611520528793335,0.11411941796541214,True,tiles\Bengaluru\2023\Bengaluru_r06_c01.tif,,,"POLYGON ((77.546725 12.902719, 77.54696 12.925846, 77.523382 12.926075, 77.52315 12.902948, 77.546725 12.902719))"
Bengaluru_r06_c02,Bengaluru,2023,6,2,2023-01-01,2023-03-31,32643,776360.0,1427750.0,778920.0,1430310.0,77.55863002078564,12.914167327266624,1.0,12.991851806640625,0.18800926208496094,0.22781997919082642,0.024919530376791954,-0.30404582619667053,0.11779668927192688,True,tiles\Bengaluru\2023\Bengaluru_r06_c02.tif,,,"POLYGON ((77.5703 12.902489, 77.570536 12.925615, 77.54696 12.925846, 77.546725 12.902719, 77.5703 12.902489))"
Bengaluru_r06_c03,Bengaluru,2023,6,3,2023-01-01,2023-03-31,32643,778920.0,1427750.0,781480.0,1430310.0,77.58220526561878,12.913935301469923,1.0,13.28619384765625,0.16961288452148438,0.2608582377433777,0.011474372819066048,-0.3208882808685303,0.11040663719177246,True,tiles\Bengaluru\2023\Bengaluru_r06_c03.tif,,,"POLYGON ((77.593873 12.902256, 77.594112 12.925381, 77.570536 12.925615, 77.5703 12.902489, 77.593873 12.902256))"
Bengaluru_r06_c04,Bengaluru,2023,6,4,2023-01-01,2023-03-31,32643,781480.0,1427750.0,784040.0,1430310.0,77.60578004846994,12.91370115318106,1.0,12.691864013671875,0.2067584991455078,0.2216874212026596,0.009668709710240364,-0.27098339796066284,0.112698033452034,True,tiles\Bengaluru\2023\Bengaluru_r06_c04.tif,,,"POLYGON ((77.617447 12.902021, 77.617688 12.925146, 77.594112 12.925381, 77.593873 12.902256, 77.617447 12.902021))"
Bengaluru_r06_c05,Bengaluru,2023,6,5,2023-01-01,2023-03-31,32643,784040.0,1427750.0,786600.0,1430310.0,77.62935436513457,12.913464882594331,1.0,12.77728271484375,0.20141983032226562,0.21093617379665375,0.02995023876428604,-0.2778528332710266,0.11359789967536926,True,tiles\Bengaluru\2023\Bengaluru_r06_c05.tif,,,"POLYGON ((77.64102 12.901784, 77.641263 12.924908, 77.617688 12.925146, 77.617447 12.902021, 77.64102 12.901784))"
Bengaluru_r06_c06,Bengaluru,2023,6,6,2023-01-01,2023-03-31,32643,786600.0,1427750.0,789160.0,1430310.0,77.65292821140856,12.913226489905792,1.0,12.658050537109375,0.20887184143066406,0.3760579824447632,0.005538562312722206,-0.40689796209335327,0.08939525485038757,True,tiles\Bengaluru\2023\Bengaluru_r06_c06.tif,,,"POLYGON ((77.664592 12.901544, 77.664838 12.924669, 77.641263 12.924908, 77.64102 12.901784, 77.664592 12.901544))"
Bengaluru_r06_c07,Bengaluru,2023,6,7,2023-01-01,2023-03-31,32643,789160.0,1427750.0,791720.0,1430310.0,77.67650158308831,12.912985975313225,1.0,13.221221923828125,0.1736736297607422,0.28224635124206543,-0.00010319624561816454,-0.31391197443008423,0.11253688484430313,True,tiles\Bengaluru\2023\Bengaluru_r06_c07.tif,,,"POLYGON ((77.688165 12.901303, 77.688412 12.924427, 77.664838 12.924669, 77.664592 12.901544, 77.688165 12.901303))"
Bengaluru_r07_c00,Bengaluru,2023,7,0,2023-01-01,2023-03-31,32643,771240.0,1425190.0,773800.0,1427750.0,77.51124726386267,12.891497853058668,1.0,12.781646728515625,0.20114707946777344,0.40472540259361267,0.035701263695955276,-0.4887092709541321,0.08699270337820053,True,tiles\Bengaluru\2023\Bengaluru_r07_c00.tif,,,"POLYGON ((77.522919 12.879821, 77.52315 12.902948, 77.499575 12.903175, 77.499345 12.880047, 77.522919 12.879821))"
Bengaluru_r07_c01,Bengaluru,2023,7,1,2023-01-01,2023-03-31,32643,773800.0,1425190.0,776360.0,1427750.0,77.53482125815316,12.89127049430109,1.0,13.08477783203125,0.18220138549804688,0.3554994463920593,0.021941466256976128,-0.43223971128463745,0.09841209650039673,True,tiles\Bengaluru\2023\Bengaluru_r07_c01.tif,,,"POLYGON ((77.546491 12.879593, 77.546725 12.902719, 77.52315 12.902948, 77.522919 12.879821, 77.546491 12.879593))"
Bengaluru_r07_c02,Bengaluru,2023,7,2,2023-01-01,2023-03-31,32643,776360.0,1425190.0,778920.0,1427750.0,77.55839479907137,12.891041016595379,1.0,13.060882568359375,0.18369483947753906,0.25665244460105896,0.029970688745379448,-0.33503037691116333,0.11864917725324631,True,tiles\Bengaluru\2023\Bengaluru_r07_c02.tif,,,"POLYGON ((77.570063 12.879363, 77.5703 12.902489, 77.546725 12.902719, 77.546491 12.879593, 77.570063 12.879363))"
Bengaluru_r07_c03,Bengaluru,2023,7,3,2023-01-01,2023-03-31,32643,778920.0,1425190.0,781480.0,1427750.0,77.58196788241384,12.89080942013196,1.0,13.017791748046875,0.1863880157470703,0.23799696564674377,0.010952160693705082,-0.29040032625198364,0.11588501185178757,True,tiles\Bengaluru\2023\Bengaluru_r07_c03.tif,,,"POLYGON ((77.593635 12.87913, 77.593873 12.902256, 77.5703 12.902489, 77.570063 12.879363, 77.593635 12.87913))"
Bengaluru_r07_c04,Bengaluru,2023,7,4,2023-01-01,2023-03-31,32643,781480.0,1425190.0,784040.0,1427750.0,77.60554050397737,12.890575705102997,1.0,13.5926513671875,0.15045928955078125,0.26837337017059326,0.015856783837080002,-0.33565178513526917,0.11936330050230026,True,tiles\Bengaluru\2023\Bengaluru_r07_c04.tif,,,"POLYGON ((77.617207 12.878896, 77.617447 12.902021, 77.593873 12.902256, 77.593635 12.87913, 77.617207 12.878896))"
Bengaluru_r07_c05,Bengaluru,2023,7,5,2023-01-01,2023-03-31,32643,784040.0,1425190.0,786600.0,1427750.0,77.62911265955933,12.890339871702404,1.0,13.40911865234375,0.16193008422851562,0.1884976178407669,0.06201440840959549,-0.3055001199245453,0.1371050775051117,True,tiles\Bengaluru\2023\Bengaluru_r07_c05.tif,,,"POLYGON ((77.640777 12.878659, 77.64102 12.901784, 77.617447 12.902021, 77.617207 12.878896, 77.640777 12.878659))"
Bengaluru_r07_c06,Bengaluru,2023,7,6,2023-01-01,2023-03-31,32643,786600.0,1425190.0,789160.0,1427750.0,77.65268434495738,12.890101920125844,1.0,13.598785400390625,0.15007591247558594,0.2534215450286865,0.041705772280693054,-0.340448796749115,0.12184267491102219,True,tiles\Bengaluru\2023\Bengaluru_r07_c06.tif,,,"POLYGON ((77.664348 12.87842, 77.664592 12.901544, 77.64102 12.901784, 77.640777 12.878659, 77.664348 12.87842))"
Bengaluru_r07_c07,Bengaluru,2023,7,7,2023-01-01,2023-03-31,32643,789160.0,1425190.0,791720.0,1427750.0,77.6762555559698,12.889861850570728,1.0,12.771514892578125,0.2017803192138672,0.30600833892822266,0.03954238444566727,-0.4022510349750519,0.11560866981744766,True,tiles\Bengaluru\2023\Bengaluru_r07_c07.tif,,,"POLYGON ((77.687918 12.878179, 77.688165 12.901303, 77.664592 12.901544, 77.664348 12.87842, 77.687918 12.878179))"
Bengaluru_r00_c00,Bengaluru,2024,0,0,2024-01-01,2024-03-31,32643,771240.0,1443110.0,773800.0,1445670.0,77.5128729944078,13.05338700992583,1.0,14.31219482421875,0.10548782348632812,0.2265874743461609,0.048522308468818665,-0.331778883934021,0.1285495162010193,True,tiles\Bengaluru\2024\Bengaluru_r00_c00.tif,16.0,0.415,"POLYGON ((77.52455 13.041709, 77.524785 13.064836, 77.501195 13.065065, 77.500962 13.041938, 77.52455 13.041709))"
Bengaluru_r00_c01,Bengaluru,2024,0,1,2024-01-01,2024-03-31,32643,773800.0,1443110.0,776360.0,1445670.0,77.53646221032497,13.053156699247559,1.0,13.962677001953125,0.1273326873779297,0.3896835148334503,0.0020225131884217262,-0.4328491687774658,0.08842483162879944,True,tiles\Bengaluru\2024\Bengaluru_r00_c01.tif,16.0,0.415,"POLYGON ((77.548138 13.041478, 77.548375 13.064604, 77.524785 13.064836, 77.52455 13.041709, 77.548138 13.041478))"
Bengaluru_r00_c02,Bengaluru,2024,0,2,2024-01-01,2024-03-31,32643,776360.0,1443110.0,778920.0,1445670.0,77.56005097146506,13.052924242115079,1.0,13.864471435546875,0.1334705352783203,0.31854966282844543,-0.011223776265978813,-0.35236966609954834,0.10971730947494507,True,tiles\Bengaluru\2024\Bengaluru_r00_c02.tif,16.0,0.415,"POLYGON ((77.571726 13.041244, 77.571965 13.06437, 77.548375 13.064604, 77.548138 13.041478, 77.571726 13.041244))"
Bengaluru_r00_c03,Bengaluru,2024,0,3,2024-01-01,2024-03-31,32643,778920.0,1443110.0,781480.0,1445670.0,77.58363927361144,13.052689638721409,1.0,13.83062744140625,0.13558578491210938,0.25216904282569885,0.010739889927208424,-0.3042718470096588,0.1123519018292427,True,tiles\Bengaluru\2024\Bengaluru_r00_c03.tif,16.0,0.415,"POLYGON ((77.595313 13.041009, 77.595554 13.064134, 77.571965 13.06437, 77.571726 13.041244, 77.595313 13.041009))"
Bengaluru_r00_c04,Bengaluru,2024,0,4,2024-01-01,2024-03-31,32643,781480.0,1443110.0,784040.0,1445670.0,77.60722711254813,13.052452889261373,1.0,13.28631591796875,0.16960525512695312,0.2325044572353363,0.014618299901485443,-0.2948188781738281,0.1242208331823349,True,tiles\Bengaluru\2024\Bengaluru_r00_c04.tif,16.0,0.415,"POLYGON ((77.618899 13.040771, 77.619143 13.063896, 77.595554 13.064134, 77.595313 13.041009, 77.618899 13.040771))"
Bengaluru_r00_c05,Bengaluru,2024,0,5,2024-01-01,2024-03-31,32643,784040.0,1443110.0,786600.0,1445670.0,77.63081448405939,13.05221399393154,1.0,13.691131591796875,0.1443042755126953,0.19677716493606567,0.07349508255720139,-0.3427777588367462,0.14064347743988037,True,tiles\Bengaluru\2024\Bengaluru_r00_c05.tif,16.0,0.415,"POLYGON ((77.642485 13.040532, 77.642731 13.063656, 77.619143 13.063896, 77.618899 13.040771, 77.642485 13.040532))"
Bengaluru_r00_c06,Bengaluru,2024,0,6,2024-01-01,2024-03-31,32643,786600.0,1443110.0,789160.0,1445670.0,77.65440138393005,13.05197295293028,1.0,13.6617431640625,0.14614105224609375,0.2963426113128662,0.015427406877279282,-0.35691529512405396,0.11911073327064514,True,tiles\Bengaluru\2024\Bengaluru_r00_c06.tif,16.0,0.415,"POLYGON ((77.666071 13.04029, 77.666319 13.063414, 77.642731 13.063656, 77.642485 13.040532, 77.666071 13.04029))"
Bengaluru_r00_c07,Bengaluru,2024,0,7,2024-01-01,2024-03-31,32643,789160.0,1443110.0,791720.0,1445670.0,77.67798780794539,13.051729766457717,1.0,13.70855712890625,0.14321517944335938,0.29087790846824646,0.04545651376247406,-0.39509451389312744,0.12336263060569763,True,tiles\Bengaluru\2024\Bengaluru_r00_c07.tif,16.0,0.415,"POLYGON ((77.689656 13.040046, 77.689906 13.063169, 77.666319 13.063414, 77.666071 13.04029, 77.689656 13.040046))"
Bengaluru_r01_c00,Bengaluru,2024,1,0,2024-01-01,2024-03-31,32643,771240.0,1440550.0,773800.0,1443110.0,77.51263939710311,13.030260123044377,1.0,14.76788330078125,0.07700729370117188,0.2233564406633377,0.05376789718866348,-0.32446449995040894,0.12865008413791656,True,tiles\Bengaluru\2024\Bengaluru_r01_c00.tif,16.0,0.415,"POLYGON ((77.524316 13.018582, 77.52455 13.041709, 77.500962 13.041938, 77.50073 13.018811, 77.524316 13.018582))"
Bengaluru_r01_c01,Bengaluru,2024,1,1,2024-01-01,2024-03-31,32643,773800.0,1440550.0,776360.0,1443110.0,77.53622642586615,13.030030234293857,1.0,14.15478515625,0.115325927734375,0.2573460340499878,0.04711978882551193,-0.35340380668640137,0.1162712574005127,True,tiles\Bengaluru\2024\Bengaluru_r01_c01.tif,16.0,0.415,"POLYGON ((77.547902 13.018351, 77.548138 13.041478, 77.52455 13.041709, 77.524316 13.018582, 77.547902 13.018351))"
Bengaluru_r01_c02,Bengaluru,2024,1,2,2024-01-01,2024-03-31,32643,776360.0,1440550.0,778920.0,1443110.0,77.55981300005406,13.029798203020647,1.0,14.194244384765625,0.11285972595214844,0.2502583861351013,0.021896949037909508,-0.3230518698692322,0.12104818224906921,True,tiles\Bengaluru\2024\Bengaluru_r01_c02.tif,16.0,0.415,"POLYGON ((77.571487 13.018119, 77.571726 13.041244, 77.548138 13.041478, 77.547902 13.018351, 77.571487 13.018119))"
Bengaluru_r01_c03,Bengaluru,2024,1,3,2024-01-01,2024-03-31,32643,778920.0,1440550.0,781480.0,1443110.0,77.58339911545222,13.029564029417402,1.0,13.44989013671875,0.15938186645507812,0.288433700799942,0.010336934588849545,-0.35192370414733887,0.1129363477230072,True,tiles\Bengaluru\2024\Bengaluru_r01_c03.tif,16.0,0.415,"POLYGON ((77.595072 13.017884, 77.595313 13.041009, 77.571726 13.041244, 77.571487 13.018119, 77.595072 13.017884))"
Bengaluru_r01_c04,Bengaluru,2024,1,4,2024-01-01,2024-03-31,32643,781480.0,1440550.0,784040.0,1443110.0,77.60698476784634,13.029327713678551,1.0,13.6273193359375,0.14829254150390625,0.1750614494085312,0.05809422582387924,-0.2915341854095459,0.1393928974866867,True,tiles\Bengaluru\2024\Bengaluru_r01_c04.tif,16.0,0.415,"POLYGON ((77.618656 13.017646, 77.618899 13.040771, 77.595313 13.041009, 77.595072 13.017884, 77.618656 13.017646))"
Bengaluru_r01_c05,Bengaluru,2024,1,5,2024-01-01,2024-03-31,32643,784040.0,1440550.0,786600.0,1443110.0,77.63056995302267,13.029089256000306,1.0,13.50677490234375,0.15582656860351562,0.1985095739364624,0.05308781564235687,-0.3078935742378235,0.13341806828975677,True,tiles\Bengaluru\2024\Bengaluru_r01_c05.tif,16.0,0.415,"POLYGON ((77.64224 13.017407, 77.642485 13.040532, 77.618899 13.040771, 77.618656 13.017646, 77.64224 13.017407))"
Bengaluru_r01_c06,Bengaluru,2024,1,6,2024-01-01,2024-03-31,32643,786600.0,1440550.0,789160.0,1443110.0,77.65415466676785,13.028848656580632,1.0,13.353179931640625,0.16542625427246094,0.1990007758140564,0.04820729419589043,-0.30170345306396484,0.13701778650283813,True,tiles\Bengaluru\2024\Bengaluru_r01_c06.tif,16.0,0.415,"POLYGON ((77.665823 13.017166, 77.666071 13.04029, 77.642485 13.040532, 77.64224 13.017407, 77.665823 13.017166))"
Bengaluru_r01_c07,Bengaluru,2024,1,7,2024-01-01,2024-03-31,32643,789160.0,1440550.0,791720.0,1443110.0,77.67773890486897,13.028605915619265,1.0,13.64093017578125,0.14744186401367188,0.16055746376514435,0.07487374544143677,-0.30067384243011475,0.1544620543718338,True,tiles\Bengaluru\2024\Bengaluru_r01_c07.tif,16.0,0.415,"POLYGON ((77.689406 13.016922, 77.689656 13.040046, 77.666071 13.04029, 77.665823 13.017166, 77.689406 13.016922))"
Bengaluru_r02_c00,Bengaluru,2024,2,0,2024-01-01,2024-03-31,32643,771240.0,1437990.0,773800.0,1440550.0,77.51240625015849,13.00713319085982,1.0,14.57147216796875,0.08928298950195312,0.17435410618782043,0.06295508146286011,-0.2946281433105469,0.13740667700767517,True,tiles\Bengaluru\2024\Bengaluru_r02_c00.tif,16.0,0.415,"POLYGON ((77.524082 12.995455, 77.524316 13.018582, 77.50073 13.018811, 77.500498 12.995684, 77.524082 12.995455))"
Bengaluru_r02_c01,Bengaluru,2024,2,1,2024-01-01,2024-03-31,32643,773800.0,1437990.0,776360.0,1440550.0,77.53599109598252,13.006903723961862,1.0,14.149627685546875,0.11564826965332031,0.202400341629982,0.024139560759067535,-0.27595770359039307,0.12795114517211914,True,tiles\Bengaluru\2024\Bengaluru_r02_c01.tif,16.0,0.415,"POLYGON ((77.547665 12.995225, 77.547902 13.018351, 77.524316 13.018582, 77.524082 12.995455, 77.547665 12.995225))"
Bengaluru_r02_c02,Bengaluru,2024,2,2,2024-01-01,2024-03-31,32643,776360.0,1437990.0,778920.0,1440550.0,77.559575487433,13.006672118472043,1.0,13.9127197265625,0.13045501708984375,0.2780541479587555,0.0036932863295078278,-0.3234504461288452,0.11320139467716217,True,tiles\Bengaluru\2024\Bengaluru_r02_c02.tif,16.0,0.415,"POLYGON ((77.571248 12.994993, 77.571487 13.018119, 77.547902 13.018351, 77.547665 12.995225, 77.571248 12.994993))"
Bengaluru_r02_c03,Bengaluru,2024,2,3,2024-01-01,2024-03-31,32643,778920.0,1437990.0,781480.0,1440550.0,77.5831594202971,13.006438374582642,1.0,13.236328125,0.1727294921875,0.32444289326667786,-0.011608007363975048,-0.35406240820884705,0.10798361897468567,True,tiles\Bengaluru\2024\Bengaluru_r02_c03.tif,16.0,0.415,"POLYGON ((77.594831 12.994758, 77.595072 13.017884, 77.571487 13.018119, 77.571248 12.994993, 77.594831 12.994758))"
Bengaluru_r02_c04,Bengaluru,2024,2,4,2024-01-01,2024-03-31,32643,781480.0,1437990.0,784040.0,1440550.0,77.60674289036248,13.006202492487715,1.0,13.167510986328125,0.1770305633544922,0.2679130434989929,0.02537713199853897,-0.3467811644077301,0.11911392956972122,True,tiles\Bengaluru\2024\Bengaluru_r02_c04.tif,16.0,0.415,"POLYGON ((77.618413 12.994521, 77.618656 13.017646, 77.595072 13.017884, 77.594831 12.994758, 77.618413 12.994521))"
Bengaluru_r02_c05,Bengaluru,2024,2,5,2024-01-01,2024-03-31,32643,784040.0,1437990.0,786600.0,1440550.0,77.6303258934172,13.005964472383077,1.0,13.217315673828125,0.1739177703857422,0.21305105090141296,0.04305735602974892,-0.3115576505661011,0.13074147701263428,True,tiles\Bengaluru\2024\Bengaluru_r02_c05.tif,16.0,0.415,"POLYGON ((77.641995 12.994282, 77.64224 13.017407, 77.618656 13.017646, 77.618413 12.994521, 77.641995 12.994282))"
Bengaluru_r02_c06,Bengaluru,2024,2,6,2024-01-01,2024-03-31,32643,786600.0,1437990.0,789160.0,1440550.0,77.65390842524978,13.005724314466319,1.0,13.420135498046875,0.1612415313720703,0.26229357719421387,0.041217491030693054,-0.3598920702934265,0.11668549478054047,True,tiles\Bengaluru\2024\Bengaluru_r02_c06.tif,16.0,0.415,"POLYGON ((77.665576 12.994041, 77.665823 13.017166, 77.64224 13.017407, 77.641995 12.994282, 77.665576 12.994041))"
Bengaluru_r02_c07,Bengaluru,2024,2,7,2024-01-01,2024-03-31,32643,789160.0,1437990.0,791720.0,1440550.0,77.67749048164917,13.005482018936792,1.0,13.11474609375,0.180328369140625,0.23487304151058197,0.043910954147577286,-0.33116960525512695,0.12340681254863739,True,tiles\Bengaluru\2024\Bengaluru_r02_c07.tif,16.0,0.415,"POLYGON ((77.689157 12.993798, 77.689406 13.016922, 77.665823 13.017166, 77.665576 12.994041, 77.689157 12.993798))"
Bengaluru_r03_c00,Bengaluru,2024,3,0,2024-01-01,2024-03-31,32643,771240.0,1435430.0,773800.0,1437990.0,77.51217355337432,12.984006213448371,1.0,14.587738037109375,0.08826637268066406,0.20485365390777588,0.05556498467922211,-0.32038795948028564,0.12826810777187347,True,tiles\Bengaluru\2024\Bengaluru_r03_c00.tif,16.0,0.415,"POLYGON ((77.523848 12.972329, 77.524082 12.995455, 77.500498 12.995684, 77.500266 12.972556, 77.523848 12.972329))"
Bengaluru_r03_c01,Bengaluru,2024,3,1,2024-01-01,2024-03-31,32643,773800.0,1435430.0,776360.0,1437990.0,77.53575622047258,12.983777168327949,1.0,14.05902099609375,0.12131118774414062,0.19032219052314758,0.030916497111320496,-0.27045387029647827,0.12995950877666473,True,tiles\Bengaluru\2024\Bengaluru_r03_c01.tif,16.0,0.415,"POLYGON ((77.54743 12.972099, 77.547665 12.995225, 77.524082 12.995455, 77.523848 12.972329, 77.54743 12.972099))"
Bengaluru_r03_c02,Bengaluru,2024,3,2,2024-01-01,2024-03-31,32643,776360.0,1435430.0,778920.0,1437990.0,77.5593384333984,12.98354598854579,1.0,14.17816162109375,0.11386489868164062,0.2099975049495697,0.033742524683475494,-0.28904828429222107,0.12222759425640106,True,tiles\Bengaluru\2024\Bengaluru_r03_c02.tif,16.0,0.415,"POLYGON ((77.571011 12.971867, 77.571248 12.994993, 77.547665 12.995225, 77.54743 12.972099, 77.571011 12.971867))"
Bengaluru_r03_c03,Bengaluru,2024,3,3,2024-01-01,2024-03-31,32643,778920.0,1435430.0,781480.0,1437990.0,77.58292018794081,12.983312674293806,1.0,13.3096923828125,0.16814422607421875,0.32490789890289307,-0.015086603350937366,-0.35198283195495605,0.1064305305480957,True,tiles\Bengaluru\2024\Bengaluru_r03_c03.tif,16.0,0.415,"POLYGON ((77.594591 12.971633, 77.594831 12.994758, 77.571248 12.994993, 77.571011 12.971867, 77.594591 12.971633))"
Bengaluru_r03_c04,Bengaluru,2024,3,4,2024-01-01,2024-03-31,32643,781480.0,1435430.0,784040.0,1437990.0,77.60650147988939,12.983077225765678,1.0,13.317657470703125,0.1676464080810547,0.29492872953414917,-0.007706304080784321,-0.329530268907547,0.1114281713962555,True,tiles\Bengaluru\2024\Bengaluru_r03_c04.tif,16.0,0.415,"POLYGON ((77.618171 12.971396, 77.618413 12.994521, 77.594831 12.994758, 77.594591 12.971633, 77.618171 12.971396))"
Bengaluru_r03_c05,Bengaluru,2024,3,5,2024-01-01,2024-03-31,32643,784040.0,1435430.0,786600.0,1437990.0,77.63008230503398,12.982839643156842,1.0,13.383453369140625,0.16353416442871094,0.30832523107528687,-0.011320206336677074,-0.33849048614501953,0.10432852804660797,True,tiles\Bengaluru\2024\Bengaluru_r03_c05.tif,16.0,0.415,"POLYGON ((77.64175 12.971158, 77.641995 12.994282, 77.618413 12.994521, 77.618171 12.971396, 77.64175 12.971158))"
Bengaluru_r03_c06,Bengaluru,2024,3,6,2024-01-01,2024-03-31,32643,786600.0,1435430.0,789160.0,1437990.0,77.65366265916501,12.982599926664498,1.0,13.23486328125,0.172821044921875,0.33495616912841797,-0.0066333976574242115,-0.36967265605926514,0.10730184614658356,True,tiles\Bengaluru\2024\Bengaluru_r03_c06.tif,16.0,0.415,"POLYGON ((77.665329 12.970917, 77.665576 12.994041, 77.641995 12.994282, 77.64175 12.971158, 77.665329 12.970917))"
Bengaluru_r03_c07,Bengaluru,2024,3,7,2024-01-01,2024-03-31,32643,789160.0,1435430.0,791720.0,1437990.0,77.67724253807323,12.982358076487609,1.0,13.121337890625,0.1799163818359375,0.23731514811515808,0.03701745718717575,-0.3322247266769409,0.12723100185394287,True,tiles\Bengaluru\2024\Bengaluru_r03_c07.tif,16.0,0.415,"POLYGON ((77.688908 12.970675, 77.689157 12.993798, 77.665576 12.994041, 77.665329 12.970917, 77.688908 12.970675))"
Bengaluru_r04_c00,Bengaluru,2024,4,0,2024-01-01,2024-03-31,32643,771240.0,1432870.0,773800.0,1435430.0,77.51194130655126,12.960879190886265,1.0,14.21405029296875,0.11162185668945312,0.24869760870933533,0.031108837574720383,-0.33600178360939026,0.11848636716604233,True,tiles\Bengaluru\2024\Bengaluru_r04_c00.tif,16.0,0.415,"POLYGON ((77.523615 12.949202, 77.523848 12.972329, 77.500266 12.972556, 77.500036 12.949429, 77.523615 12.949202))"
Bengaluru_r04_c01,Bengaluru,2024,4,1,2024-01-01,2024-03-31,32643,773800.0,1432870.0,776360.0,1435430.0,77.53552179913513,12.960650567468491,1.0,14.135406494140625,0.11653709411621094,0.19790813326835632,0.028040237724781036,-0.27313482761383057,0.12806612253189087,True,tiles\Bengaluru\2024\Bengaluru_r04_c01.tif,16.0,0.415,"POLYGON ((77.547194 12.948972, 77.54743 12.972099, 77.523848 12.972329, 77.523615 12.949202, 77.547194 12.948972))"
Bengaluru_r04_c02,Bengaluru,2024,4,2,2024-01-01,2024-03-31,32643,776360.0,1432870.0,778920.0,1435430.0,77.55910183774724,12.960419813318424,1.0,13.99285888671875,0.12544631958007812,0.19459950923919678,0.04335276409983635,-0.28567513823509216,0.12626637518405914,True,tiles\Bengaluru\2024\Bengaluru_r04_c02.tif,16.0,0.415,"POLYGON ((77.570773 12.948741, 77.571011 12.971867, 77.54743 12.972099, 77.547194 12.948972, 77.570773 12.948741))"
Bengaluru_r04_c03,Bengaluru,2024,4,3,2024-01-01,2024-03-31,32643,778920.0,1432870.0,781480.0,1435430.0,77.58268141817855,12.960186928627596,1.0,13.393096923828125,0.1629314422607422,0.21656706929206848,0.042332906275987625,-0.3089223802089691,0.12222064286470413,True,tiles\Bengaluru\2024\Bengaluru_r04_c03.tif,16.0,0.415,"POLYGON ((77.594351 12.948507, 77.594591 12.971633, 77.571011 12.971867, 77.570773 12.948741, 77.594351 12.948507))"
Bengaluru_r04_c04,Bengaluru,2024,4,4,2024-01-01,2024-03-31,32643,781480.0,1432870.0,784040.0,1435430.0,77.60626053622036,12.95995191358931,1.0,13.708648681640625,0.14320945739746094,0.27408355474472046,0.017376715317368507,-0.33906713128089905,0.11415586620569229,True,tiles\Bengaluru\2024\Bengaluru_r04_c04.tif,16.0,0.415,"POLYGON ((77.617929 12.948271, 77.618171 12.971396, 77.594591 12.971633, 77.594351 12.948507, 77.617929 12.948271))"
Bengaluru_r04_c05,Bengaluru,2024,4,5,2024-01-01,2024-03-31,32643,784040.0,1432870.0,786600.0,1435430.0,77.62983918766447,12.95971476839862,1.0,13.53790283203125,0.15388107299804688,0.3564375340938568,0.0002785678952932358,-0.4065622091293335,0.09952806681394577,True,tiles\Bengaluru\2024\Bengaluru_r04_c05.tif,16.0,0.415,"POLYGON ((77.641506 12.948033, 77.64175 12.971158, 77.618171 12.971396, 77.617929 12.948271, 77.641506 12.948033))"
Bengaluru_r04_c06,Bengaluru,2024,4,6,2024-01-01,2024-03-31,32643,786600.0,1432870.0,789160.0,1435430.0,77.65341736830311,12.959475493252336,1.0,13.529052734375,0.1544342041015625,0.288804292678833,0.025184229016304016,-0.3615803122520447,0.11614982783794403,True,tiles\Bengaluru\2024\Bengaluru_r04_c06.tif,16.0,0.415,"POLYGON ((77.665083 12.947793, 77.665329 12.970917, 77.64175 12.971158, 77.641506 12.948033, 77.665083 12.947793))"
Bengaluru_r04_c07,Bengaluru,2024,4,7,2024-01-01,2024-03-31,32643,789160.0,1432870.0,791720.0,1435430.0,77.67699507392895,12.95923408834905,1.0,13.1448974609375,0.17844390869140625,0.2752361297607422,0.0581362210214138,-0.38881707191467285,0.11789529025554657,True,tiles\Bengaluru\2024\Bengaluru_r04_c07.tif,16.0,0.415,"POLYGON ((77.68866 12.947551, 77.688908 12.970675, 77.665329 12.970917, 77.665083 12.947793, 77.68866 12.947551))"
Bengaluru_r05_c00,Bengaluru,2024,5,0,2024-01-01,2024-03-31,32643,771240.0,1430310.0,773800.0,1432870.0,77.51170950949053,12.937752123249755,1.0,13.932586669921875,0.1292133331298828,0.3143447935581207,0.03586069494485855,-0.4097907841205597,0.10153131186962128,True,tiles\Bengaluru\2024\Bengaluru_r05_c00.tif,16.0,0.415,"POLYGON ((77.523382 12.926075, 77.523615 12.949202, 77.500036 12.949429, 77.499805 12.926302, 77.523382 12.926075))"
Bengaluru_r05_c01,Bengaluru,2024,5,1,2024-01-01,2024-03-31,32643,773800.0,1430310.0,776360.0,1432870.0,77.53528783176951,12.93752392145991,1.0,13.781951904296875,0.1386280059814453,0.2165091335773468,0.043325603008270264,-0.317673921585083,0.1284530907869339,True,tiles\Bengaluru\2024\Bengaluru_r05_c01.tif,16.0,0.415,"POLYGON ((77.54696 12.925846, 77.547194 12.948972, 77.523615 12.949202, 77.523382 12.926075, 77.54696 12.925846))"
Bengaluru_r05_c02,Bengaluru,2024,5,2,2024-01-01,2024-03-31,32643,776360.0,1430310.0,778920.0,1432870.0,77.55886570027704,12.937293592866508,1.0,13.49090576171875,0.15681838989257812,0.2016771137714386,0.024798236787319183,-0.27721917629241943,0.12733158469200134,True,tiles\Bengaluru\2024\Bengaluru_r05_c02.tif,16.0,0.415,"POLYGON ((77.570536 12.925615, 77.570773 12.948741, 77.547194 12.948972, 77.54696 12.925846, 77.570536 12.925615))"
Bengaluru_r05_c03,Bengaluru,2024,5,3,2024-01-01,2024-03-31,32643,778920.0,1430310.0,781480.0,1432870.0,77.58244311080585,12.937061137660718,1.0,13.0289306640625,0.18569183349609375,0.2696876525878906,-0.0070838285610079765,-0.3005618751049042,0.11403699219226837,True,tiles\Bengaluru\2024\Bengaluru_r05_c03.tif,16.0,0.415,"POLYGON ((77.594112 12.925381, 77.594351 12.948507, 77.570773 12.948741, 77.570536 12.925615, 77.594112 12.925381))"
Bengaluru_r05_c04,Bengaluru,2024,5,4,2024-01-01,2024-03-31,32643,781480.0,1430310.0,784040.0,1432870.0,77.60602005914915,12.936826556035472,1.0,13.397308349609375,0.16266822814941406,0.2647578716278076,0.01639236882328987,-0.3278599977493286,0.11784199625253677,True,tiles\Bengaluru\2024\Bengaluru_r05_c04.tif,16.0,0.415,"POLYGON ((77.617688 12.925146, 77.617929 12.948271, 77.594351 12.948507, 77.594112 12.925381, 77.617688 12.925146))"
Bengaluru_r05_c05,Bengaluru,2024,5,5,2024-01-01,2024-03-31,32643,784040.0,1430310.0,786600.0,1432870.0,77.62959654110057,12.936589848185431,1.0,13.60791015625,0.149505615234375,0.29062777757644653,0.016513118520379066,-0.3581697940826416,0.11312972754240036,True,tiles\Bengaluru\2024\Bengaluru_r05_c05.tif,16.0,0.415,"POLYGON ((77.641263 12.924908, 77.641506 12.948033, 77.617929 12.948271, 77.617688 12.925146, 77.641263 12.924908))"
Bengaluru_r05_c06,Bengaluru,2024,5,6,2024-01-01,2024-03-31,32643,786600.0,1430310.0,789160.0,1432870.0,77.65317255245414,12.936351014307032,1.0,13.479095458984375,0.15755653381347656,0.3535427451133728,0.035955511033535004,-0.44485533237457275,0.10222794115543365,True,tiles\Bengaluru\2024\Bengaluru_r05_c06.tif,16.0,0.415,"POLYGON ((77.664838 12.924669, 77.665083 12.947793, 77.641506 12.948033, 77.641263 12.924908, 77.664838 12.924669))"
Bengaluru_r05_c07,Bengaluru,2024,5,7,2024-01-01,2024-03-31,32643,789160.0,1430310.0,791720.0,1432870.0,77.67674808900442,12.936110054598466,1.0,13.048431396484375,0.18447303771972656,0.28907451033592224,-0.01686544343829155,-0.3082054853439331,0.11626150459051132,True,tiles\Bengaluru\2024\Bengaluru_r05_c07.tif,16.0,0.415,"POLYGON ((77.688412 12.924427, 77.68866 12.947551, 77.665083 12.947793, 77.664838 12.924669, 77.688412 12.924427))"
Bengaluru_r06_c00,Bengaluru,2024,6,0,2024-01-01,2024-03-31,32643,771240.0,1427750.0,773800.0,1430310.0,77.51147816199368,12.914625010615127,1.0,13.937957763671875,0.1288776397705078,0.2781485319137573,0.027113797143101692,-0.3610100746154785,0.11927086859941483,True,tiles\Bengaluru\2024\Bengaluru_r06_c00.tif,16.0,0.415,"POLYGON ((77.52315 12.902948, 77.523382 12.926075, 77.499805 12.926302, 77.499575 12.903175, 77.52315 12.902948))"
Bengaluru_r06_c01,Bengaluru,2024,6,1,2024-01-01,2024-03-31,32643,773800.0,1427750.0,776360.0,1430310.0,77.53505431817545,12.914397230378624,1.0,14.416015625,0.0989990234375,0.22592461109161377,0.04992808401584625,-0.3401734232902527,0.12776266038417816,True,tiles\Bengaluru\2024\Bengaluru_r06_c01.tif,16.0,0.415,"POLYGON ((77.546725 12.902719, 77.54696 12.925846, 77.523382 12.926075, 77.52315 12.902948, 77.546725 12.902719))"
Bengaluru_r06_c02,Bengaluru,2024,6,2,2024-01-01,2024-03-31,32643,776360.0,1427750.0,778920.0,1430310.0,77.55863002078564,12.914167327266624,1.0,14.383880615234375,0.10100746154785156,0.2029033601284027,0.024295609444379807,-0.2785260081291199,0.12933224439620972,True,tiles\Bengaluru\2024\Bengaluru_r06_c02.tif,16.0,0.415,"POLYGON ((77.5703 12.902489, 77.570536 12.925615, 77.54696 12.925846, 77.546725 12.902719, 77.5703 12.902489))"
Bengaluru_r06_c03,Bengaluru,2024,6,3,2024-01-01,2024-03-31,32643,778920.0,1427750.0,781480.0,1430310.0,77.58220526561878,12.913935301469923,1.0,13.73199462890625,0.14175033569335938,0.24664635956287384,0.005134623032063246,-0.3011566400527954,0.12037075310945511,True,tiles\Bengaluru\2024\Bengaluru_r06_c03.tif,16.0,0.415,"POLYGON ((77.593873 12.902256, 77.594112 12.925381, 77.570536 12.925615, 77.5703 12.902489, 77.593873 12.902256))"
Bengaluru_r06_c04,Bengaluru,2024,6,4,2024-01-01,2024-03-31,32643,781480.0,1427750.0,784040.0,1430310.0,77.60578004846994,12.91370115318106,1.0,13.264923095703125,0.1709423065185547,0.18446622788906097,0.010657552629709244,-0.2351180613040924,0.12302616238594055,True,tiles\Bengaluru\2024\Bengaluru_r06_c04.tif,16.0,0.415,"POLYGON ((77.617447 12.902021, 77.617688 12.925146, 77.594112 12.925381, 77.593873 12.902256, 77.617447 12.902021))"
Bengaluru_r06_c05,Bengaluru,2024,6,5,2024-01-01,2024-03-31,32643,784040.0,1427750.0,786600.0,1430310.0,77.62935436513457,12.913464882594331,1.0,13.2943115234375,0.16910552978515625,0.18899798393249512,0.029354043304920197,-0.2605690360069275,0.12315941601991653,True,tiles\Bengaluru\2024\Bengaluru_r06_c05.tif,16.0,0.415,"POLYGON ((77.64102 12.901784, 77.641263 12.924908, 77.617688 12.925146, 77.617447 12.902021, 77.64102 12.901784))"
Bengaluru_r06_c06,Bengaluru,2024,6,6,2024-01-01,2024-03-31,32643,786600.0,1427750.0,789160.0,1430310.0,77.65292821140856,12.913226489905792,1.0,13.54998779296875,0.15312576293945312,0.2880821228027344,0.061547450721263885,-0.3865513205528259,0.09945383667945862,True,tiles\Bengaluru\2024\Bengaluru_r06_c06.tif,16.0,0.415,"POLYGON ((77.664592 12.901544, 77.664838 12.924669, 77.641263 12.924908, 77.64102 12.901784, 77.664592 12.901544))"
Bengaluru_r06_c07,Bengaluru,2024,6,7,2024-01-01,2024-03-31,32643,789160.0,1427750.0,791720.0,1430310.0,77.67650158308831,12.912985975313225,1.0,13.4876708984375,0.15702056884765625,0.2437637448310852,0.016930609941482544,-0.29740312695503235,0.12231455743312836,True,tiles\Bengaluru\2024\Bengaluru_r06_c07.tif,16.0,0.415,"POLYGON ((77.688165 12.901303, 77.688412 12.924427, 77.664838 12.924669, 77.664592 12.901544, 77.688165 12.901303))"
Bengaluru_r07_c00,Bengaluru,2024,7,0,2024-01-01,2024-03-31,32643,771240.0,1425190.0,773800.0,1427750.0,77.51124726386267,12.891497853058668,1.0,14.28814697265625,0.10699081420898438,0.3064642548561096,0.09394577145576477,-0.4686650037765503,0.10073459148406982,True,tiles\Bengaluru\2024\Bengaluru_r07_c00.tif,16.0,0.415,"POLYGON ((77.522919 12.879821, 77.52315 12.902948, 77.499575 12.903175, 77.499345 12.880047, 77.522919 12.879821))"
Bengaluru_r07_c01,Bengaluru,2024,7,1,2024-01-01,2024-03-31,32643,773800.0,1425190.0,776360.0,1427750.0,77.53482125815316,12.89127049430109,1.0,13.714752197265625,0.14282798767089844,0.2843813896179199,0.059349026530981064,-0.40955793857574463,0.11201007664203644,True,tiles\Bengaluru\2024\Bengaluru_r07_c01.tif,16.0,0.415,"POLYGON ((77.546491 12.879593, 77.546725 12.902719, 77.52315 12.902948, 77.522919 12.879821, 77.546491 12.879593))"
Bengaluru_r07_c02,Bengaluru,2024,7,2,2024-01-01,2024-03-31,32643,776360.0,1425190.0,778920.0,1427750.0,77.55839479907137,12.891041016595379,1.0,13.726593017578125,0.1420879364013672,0.2272901087999344,0.038200993090867996,-0.318267285823822,0.1287391483783722,True,tiles\Bengaluru\2024\Bengaluru_r07_c02.tif,16.0,0.415,"POLYGON ((77.570063 12.879363, 77.5703 12.902489, 77.546725 12.902719, 77.546491 12.879593, 77.570063 12.879363))"
Bengaluru_r07_c03,Bengaluru,2024,7,3,2024-01-01,2024-03-31,32643,778920.0,1425190.0,781480.0,1427750.0,77.58196788241384,12.89080942013196,1.0,13.078521728515625,0.18259239196777344,0.2009626179933548,0.026864925399422646,-0.2766159772872925,0.12758004665374756,True,tiles\Bengaluru\2024\Bengaluru_r07_c03.tif,16.0,0.415,"POLYGON ((77.593635 12.87913, 77.593873 12.902256, 77.5703 12.902489, 77.570063 12.879363, 77.593635 12.87913))"
Bengaluru_r07_c04,Bengaluru,2024,7,4,2024-01-01,2024-03-31,32643,781480.0,1425190.0,784040.0,1427750.0,77.60554050397737,12.890575705102997,1.0,13.1407470703125,0.17870330810546875,0.22668129205703735,0.02955978736281395,-0.3065502643585205,0.12916329503059387,True,tiles\Bengaluru\2024\Bengaluru_r07_c04.tif,16.0,0.415,"POLYGON ((77.617207 12.878896, 77.617447 12.902021, 77.593873 12.902256, 77.593635 12.87913, 77.617207 12.878896))"
Bengaluru_r07_c05,Bengaluru,2024,7,5,2024-01-01,2024-03-31,32643,784040.0,1425190.0,786600.0,1427750.0,77.62911265955933,12.890339871702404,1.0,13.7105712890625,0.14308929443359375,0.15900467336177826,0.06830265372991562,-0.2848983407020569,0.14762720465660095,True,tiles\Bengaluru\2024\Bengaluru_r07_c05.tif,16.0,0.415,"POLYGON ((77.640777 12.878659, 77.64102 12.901784, 77.617447 12.902021, 77.617207 12.878896, 77.640777 12.878659))"
Bengaluru_r07_c06,Bengaluru,2024,7,6,2024-01-01,2024-03-31,32643,786600.0,1425190.0,789160.0,1427750.0,77.65268434495738,12.890101920125844,1.0,13.56951904296875,0.15190505981445312,0.1943623572587967,0.06750473380088806,-0.31454163789749146,0.13612711429595947,True,tiles\Bengaluru\2024\Bengaluru_r07_c06.tif,16.0,0.415,"POLYGON ((77.664348 12.87842, 77.664592 12.901544, 77.64102 12.901784, 77.640777 12.878659, 77.664348 12.87842))"
Bengaluru_r07_c07,Bengaluru,2024,7,7,2024-01-01,2024-03-31,32643,789160.0,1425190.0,791720.0,1427750.0,77.6762555559698,12.889861850570728,1.0,13.522613525390625,0.15483665466308594,0.2433871030807495,0.06723304092884064,-0.377288281917572,0.1323584020137787,True,tiles\Bengaluru\2024\Bengaluru_r07_c07.tif,16.0,0.415,"POLYGON ((77.687918 12.878179, 77.688165 12.901303, 77.664592 12.901544, 77.664348 12.87842, 77.687918 12.878179))"
Bengaluru_r00_c00,Bengaluru,2025,0,0,2025-01-01,2025-03-31,32643,771240.0,1443110.0,773800.0,1445670.0,77.5128729944078,13.05338700992583,1.0,15.676177978515625,0.17493802309036255,0.2613779604434967,0.033334750682115555,-0.3449153006076813,0.12131500244140625,True,tiles\Bengaluru\2025\Bengaluru_r00_c00.tif,19.0,3.1,"POLYGON ((77.52455 13.041709, 77.524785 13.064836, 77.501195 13.065065, 77.500962 13.041938, 77.52455 13.041709))"
Bengaluru_r00_c01,Bengaluru,2025,0,1,2025-01-01,2025-03-31,32643,773800.0,1443110.0,776360.0,1445670.0,77.53646221032497,13.053156699247559,1.0,15.439208984375,0.18741005659103394,0.4584173858165741,-0.030447257682681084,-0.4611436724662781,0.07998992502689362,True,tiles\Bengaluru\2025\Bengaluru_r00_c01.tif,19.0,3.1,"POLYGON ((77.548138 13.041478, 77.548375 13.064604, 77.524785 13.064836, 77.52455 13.041709, 77.548138 13.041478))"
Bengaluru_r00_c02,Bengaluru,2025,0,2,2025-01-01,2025-03-31,32643,776360.0,1443110.0,778920.0,1445670.0,77.56005097146506,13.052924242115079,1.0,15.99176025390625,0.15832841396331787,0.34964877367019653,-0.018578017130494118,-0.36825186014175415,0.10301950573921204,True,tiles\Bengaluru\2025\Bengaluru_r00_c02.tif,19.0,3.1,"POLYGON ((77.571726 13.041244, 77.571965 13.06437, 77.548375 13.064604, 77.548138 13.041478, 77.571726 13.041244))"
Bengaluru_r00_c03,Bengaluru,2025,0,3,2025-01-01,2025-03-31,32643,778920.0,1443110.0,781480.0,1445670.0,77.58363927361144,13.052689638721409,1.0,16.07958984375,0.15370577573776245,0.2743096649646759,-0.0021476373076438904,-0.3086525499820709,0.10713370144367218,True,tiles\Bengaluru\2025\Bengaluru_r00_c03.tif,19.0,3.1,"POLYGON ((77.595313 13.041009, 77.595554 13.064134, 77.571965 13.06437, 77.571726 13.041244, 77.595313 13.041009))"
Bengaluru_r00_c04,Bengaluru,2025,0,4,2025-01-01,2025-03-31,32643,781480.0,1443110.0,784040.0,1445670.0,77.60722711254813,13.052452889261373,1.0,15.6884765625,0.1742907166481018,0.26415494084358215,-0.0013058544136583805,-0.29987388849258423,0.11598221212625504,True,tiles\Bengaluru\2025\Bengaluru_r00_c04.tif,19.0,3.1,"POLYGON ((77.618899 13.040771, 77.619143 13.063896, 77.595554 13.064134, 77.595313 13.041009, 77.618899 13.040771))"
Bengaluru_r00_c05,Bengaluru,2025,0,5,2025-01-01,2025-03-31,32643,784040.0,1443110.0,786600.0,1445670.0,77.63081448405939,13.05221399393154,1.0,16.03692626953125,0.15595126152038574,0.2265448123216629,0.05932064354419708,-0.35121825337409973,0.13192617893218994,True,tiles\Bengaluru\2025\Bengaluru_r00_c05.tif,19.0,3.1,"POLYGON ((77.642485 13.040532, 77.642731 13.063656, 77.619143 13.063896, 77.618899 13.040771, 77.642485 13.040532))"
Bengaluru_r00_c06,Bengaluru,2025,0,6,2025-01-01,2025-03-31,32643,786600.0,1443110.0,789160.0,1445670.0,77.65440138393005,13.05197295293028,1.0,15.53802490234375,0.18220919370651245,0.3111006021499634,0.025527123361825943,-0.38968223333358765,0.11682312190532684,True,tiles\Bengaluru\2025\Bengaluru_r00_c06.tif,19.0,3.1,"POLYGON ((77.666071 13.04029, 77.666319 13.063414, 77.642731 13.063656, 77.642485 13.040532, 77.666071 13.04029))"
Bengaluru_r00_c07,Bengaluru,2025,0,7,2025-01-01,2025-03-31,32643,789160.0,1443110.0,791720.0,1445670.0,77.67798780794539,13.051729766457717,1.0,15.748046875,0.17115545272827148,0.33622756600379944,0.0072717126458883286,-0.3896576166152954,0.11391898989677429,True,tiles\Bengaluru\2025\Bengaluru_r00_c07.tif,19.0,3.1,"POLYGON ((77.689656 13.040046, 77.689906 13.063169, 77.666319 13.063414, 77.666071 13.04029, 77.689656 13.040046))"
Bengaluru_r01_c00,Bengaluru,2025,1,0,2025-01-01,2025-03-31,32643,771240.0,1440550.0,773800.0,1443110.0,77.51263939710311,13.030260123044377,1.0,15.48480224609375,0.18501043319702148,0.2455797791481018,0.05012579634785652,-0.3360482156276703,0.12474911659955978,True,tiles\Bengaluru\2025\Bengaluru_r01_c00.tif,19.0,3.1,"POLYGON ((77.524316 13.018582, 77.52455 13.041709, 77.500962 13.041938, 77.50073 13.018811, 77.524316 13.018582))"
Bengaluru_r01_c01,Bengaluru,2025,1,1,2025-01-01,2025-03-31,32643,773800.0,1440550.0,776360.0,1443110.0,77.53622642586615,13.030030234293857,1.0,15.496429443359375,0.18439847230911255,0.297115683555603,0.03345411270856857,-0.37502941489219666,0.10992099344730377,True,tiles\Bengaluru\2025\Bengaluru_r01_c01.tif,19.0,3.1,"POLYGON ((77.547902 13.018351, 77.548138 13.041478, 77.52455 13.041709, 77.524316 13.018582, 77.547902 13.018351))"
Bengaluru_r01_c02,Bengaluru,2025,1,2,2025-01-01,2025-03-31,32643,776360.0,1440550.0,778920.0,1443110.0,77.55981300005406,13.029798203020647,1.0,15.548492431640625,0.18165826797485352,0.2785254716873169,0.01486926805227995,-0.34359169006347656,0.11440592259168625,True,tiles\Bengaluru\2025\Bengaluru_r01_c02.tif,19.0,3.1,"POLYGON ((77.571487 13.018119, 77.571726 13.041244, 77.548138 13.041478, 77.547902 13.018351, 77.571487 13.018119))"
Bengaluru_r01_c03,Bengaluru,2025,1,3,2025-01-01,2025-03-31,32643,778920.0,1440550.0,781480.0,1443110.0,77.58339911545222,13.029564029417402,1.0,15.269775390625,0.19632762670516968,0.3211866617202759,0.005379185080528259,-0.374783992767334,0.10496141016483307,True,tiles\Bengaluru\2025\Bengaluru_r01_c03.tif,19.0,3.1,"POLYGON ((77.595072 13.017884, 77.595313 13.041009, 77.571726 13.041244, 77.571487 13.018119, 77.595072 13.017884))"
Bengaluru_r01_c04,Bengaluru,2025,1,4,2025-01-01,2025-03-31,32643,781480.0,1440550.0,784040.0,1443110.0,77.60698476784634,13.029327713678551,1.0,15.73126220703125,0.17203885316848755,0.18896305561065674,0.056628935039043427,-0.3013530671596527,0.13322526216506958,True,tiles\Bengaluru\2025\Bengaluru_r01_c04.tif,19.0,3.1,"POLYGON ((77.618656 13.017646, 77.618899 13.040771, 77.595313 13.041009, 77.595072 13.017884, 77.618656 13.017646))"
Bengaluru_r01_c05,Bengaluru,2025,1,5,2025-01-01,2025-03-31,32643,784040.0,1440550.0,786600.0,1443110.0,77.63056995302267,13.029089256000306,1.0,15.959136962890625,0.16004544496536255,0.21348294615745544,0.048947159200906754,-0.3150402903556824,0.12855598330497742,True,tiles\Bengaluru\2025\Bengaluru_r01_c05.tif,19.0,3.1,"POLYGON ((77.64224 13.017407, 77.642485 13.040532, 77.618899 13.040771, 77.618656 13.017646, 77.64224 13.017407))"
Bengaluru_r01_c06,Bengaluru,2025,1,6,2025-01-01,2025-03-31,32643,786600.0,1440550.0,789160.0,1443110.0,77.65415466676785,13.028848656580632,1.0,16.207275390625,0.14698553085327148,0.2190428078174591,0.037664465606212616,-0.305486798286438,0.13064762949943542,True,tiles\Bengaluru\2025\Bengaluru_r01_c06.tif,19.0,3.1,"POLYGON ((77.665823 13.017166, 77.666071 13.04029, 77.642485 13.040532, 77.64224 13.017407, 77.665823 13.017166))"
Bengaluru_r01_c07,Bengaluru,2025,1,7,2025-01-01,2025-03-31,32643,789160.0,1440550.0,791720.0,1443110.0,77.67773890486897,13.028605915619265,1.0,15.872711181640625,0.16459417343139648,0.17787346243858337,0.05964117869734764,-0.29687973856925964,0.14876513183116913,True,tiles\Bengaluru\2025\Bengaluru_r01_c07.tif,19.0,3.1,"POLYGON ((77.689406 13.016922, 77.689656 13.040046, 77.666071 13.04029, 77.665823 13.017166, 77.689406 13.016922))"
Bengaluru_r02_c00,Bengaluru,2025,2,0,2025-01-01,2025-03-31,32643,771240.0,1437990.0,773800.0,1440550.0,77.51240625015849,13.00713319085982,1.0,15.3173828125,0.1938219666481018,0.1919216811656952,0.05926821753382683,-0.3034117519855499,0.13202086091041565,True,tiles\Bengaluru\2025\Bengaluru_r02_c00.tif,19.0,3.1,"POLYGON ((77.524082 12.995455, 77.524316 13.018582, 77.50073 13.018811, 77.500498 12.995684, 77.524082 12.995455))"
Bengaluru_r02_c01,Bengaluru,2025,2,1,2025-01-01,2025-03-31,32643,773800.0,1437990.0,776360.0,1440550.0,77.53599109598252,13.006903723961862,1.0,15.940185546875,0.16104286909103394,0.21494551002979279,0.02587944269180298,-0.2889060080051422,0.12378684431314468,True,tiles\Bengaluru\2025\Bengaluru_r02_c01.tif,19.0,3.1,"POLYGON ((77.547665 12.995225, 77.547902 13.018351, 77.524316 13.018582, 77.524082 12.995455, 77.547665 12.995225))"
Bengaluru_r02_c02,Bengaluru,2025,2,2,2025-01-01,2025-03-31,32643,776360.0,1437990.0,778920.0,1440550.0,77.559575487433,13.006672118472043,1.0,14.867919921875,0.2174779176712036,0.30164453387260437,0.00660665100440383,-0.3486362099647522,0.10725322365760803,True,tiles\Bengaluru\2025\Bengaluru_r02_c02.tif,19.0,3.1,"POLYGON ((77.571248 12.994993, 77.571487 13.018119, 77.547902 13.018351, 77.547665 12.995225, 77.571248 12.994993))"
Bengaluru_r02_c03,Bengaluru,2025,2,3,2025-01-01,2025-03-31,32643,778920.0,1437990.0,781480.0,1440550.0,77.5831594202971,13.006438374582642,1.0,15.297027587890625,0.19489330053329468,0.34654536843299866,-0.005038958974182606,-0.37767738103866577,0.10156355798244476,True,tiles\Bengaluru\2025\Bengaluru_r02_c03.tif,19.0,3.1,"POLYGON ((77.594831 12.994758, 77.595072 13.017884, 77.571487 13.018119, 77.571248 12.994993, 77.594831 12.994758))"
Bengaluru_r02_c04,Bengaluru,2025,2,4,2025-01-01,2025-03-31,32643,781480.0,1437990.0,784040.0,1440550.0,77.60674289036248,13.006202492487715,1.0,15.693115234375,0.1740465760231018,0.2865676283836365,0.0293698962777853,-0.3663932681083679,0.11185092478990555,True,tiles\Bengaluru\2025\Bengaluru_r02_c04.tif,19.0,3.1,"POLYGON ((77.618413 12.994521, 77.618656 13.017646, 77.595072 13.017884, 77.594831 12.994758, 77.618413 12.994521))"
Bengaluru_r02_c05,Bengaluru,2025,2,5,2025-01-01,2025-03-31,32643,784040.0,1437990.0,786600.0,1440550.0,77.6303258934172,13.005964472383077,1.0,16.011505126953125,0.15728920698165894,0.2286836802959442,0.042086608707904816,-0.322620153427124,0.12414878606796265,True,tiles\Bengaluru\2025\Bengaluru_r02_c05.tif,19.0,3.1,"POLYGON ((77.641995 12.994282, 77.64224 13.017407, 77.618656 13.017646, 77.618413 12.994521, 77.641995 12.994282))"
Bengaluru_r02_c06,Bengaluru,2025,2,6,2025-01-01,2025-03-31,32643,786600.0,1437990.0,789160.0,1440550.0,77.65390842524978,13.005724314466319,1.0,15.85687255859375,0.16542774438858032,0.29242822527885437,0.033245451748371124,-0.3756186068058014,0.11035227030515671,True,tiles\Bengaluru\2025\Bengaluru_r02_c06.tif,19.0,3.1,"POLYGON ((77.665576 12.994041, 77.665823 13.017166, 77.64224 13.017407, 77.641995 12.994282, 77.665576 12.994041))"
Bengaluru_r02_c07,Bengaluru,2025,2,7,2025-01-01,2025-03-31,32643,789160.0,1437990.0,791720.0,1440550.0,77.67749048164917,13.005482018936792,1.0,15.710968017578125,0.17310696840286255,0.264756977558136,0.03441660851240158,-0.3384823203086853,0.11582028120756149,True,tiles\Bengaluru\2025\Bengaluru_r02_c07.tif,19.0,3.1,"POLYGON ((77.689157 12.993798, 77.689406 13.016922, 77.665823 13.017166, 77.665576 12.994041, 77.689157 12.993798))"
Bengaluru_r03_c00,Bengaluru,2025,3,0,2025-01-01,2025-03-31,32643,771240.0,1435430.0,773800.0,1437990.0,77.51217355337432,12.984006213448371,1.0,14.9576416015625,0.21275568008422852,0.2377903163433075,0.04277238994836807,-0.33236104249954224,0.12210641801357269,True,tiles\Bengaluru\2025\Bengaluru_r03_c00.tif,19.0,3.1,"POLYGON ((77.523848 12.972329, 77.524082 12.995455, 77.500498 12.995684, 77.500266 12.972556, 77.523848 12.972329))"
Bengaluru_r03_c01,Bengaluru,2025,3,1,2025-01-01,2025-03-31,32643,773800.0,1435430.0,776360.0,1437990.0,77.53575622047258,12.983777168327949,1.0,15.59881591796875,0.17900967597961426,0.19714322686195374,0.034709472209215164,-0.27996259927749634,0.12710949778556824,True,tiles\Bengaluru\2025\Bengaluru_r03_c01.tif,19.0,3.1,"POLYGON ((77.54743 12.972099, 77.547665 12.995225, 77.524082 12.995455, 77.523848 12.972329, 77.54743 12.972099))"
Bengaluru_r03_c02,Bengaluru,2025,3,2,2025-01-01,2025-03-31,32643,776360.0,1435430.0,778920.0,1437990.0,77.5593384333984,12.98354598854579,1.0,15.45904541015625,0.1863660216331482,0.22957855463027954,0.034312404692173004,-0.3075387179851532,0.11677782237529755,True,tiles\Bengaluru\2025\Bengaluru_r03_c02.tif,19.0,3.1,"POLYGON ((77.571011 12.971867, 77.571248 12.994993, 77.547665 12.995225, 77.54743 12.972099, 77.571011 12.971867))"
Bengaluru_r03_c03,Bengaluru,2025,3,3,2025-01-01,2025-03-31,32643,778920.0,1435430.0,781480.0,1437990.0,77.58292018794081,12.983312674293806,1.0,14.752288818359375,0.22356373071670532,0.349592000246048,-0.009133444167673588,-0.38078534603118896,0.09908650815486908,True,tiles\Bengaluru\2025\Bengaluru_r03_c03.tif,19.0,3.1,"POLYGON ((77.594591 12.971633, 77.594831 12.994758, 77.571248 12.994993, 77.571011 12.971867, 77.594591 12.971633))"
Bengaluru_r03_c04,Bengaluru,2025,3,4,2025-01-01,2025-03-31,32643,781480.0,1435430.0,784040.0,1437990.0,77.60650147988939,12.983077225765678,1.0,15.602783203125,0.17880088090896606,0.3085325360298157,0.005972709506750107,-0.3525344431400299,0.10511866211891174,True,tiles\Bengaluru\2025\Bengaluru_r03_c04.tif,19.0,3.1,"POLYGON ((77.618171 12.971396, 77.618413 12.994521, 77.594831 12.994758, 77.594591 12.971633, 77.618171 12.971396))"
Bengaluru_r03_c05,Bengaluru,2025,3,5,2025-01-01,2025-03-31,32643,784040.0,1435430.0,786600.0,1437990.0,77.63008230503398,12.982839643156842,1.0,15.492584228515625,0.184600830078125,0.3313307464122772,-0.007521722465753555,-0.36163270473480225,0.09585089981555939,True,tiles\Bengaluru\2025\Bengaluru_r03_c05.tif,19.0,3.1,"POLYGON ((77.64175 12.971158, 77.641995 12.994282, 77.618413 12.994521, 77.618171 12.971396, 77.64175 12.971158))"
Bengaluru_r03_c06,Bengaluru,2025,3,6,2025-01-01,2025-03-31,32643,786600.0,1435430.0,789160.0,1437990.0,77.65366265916501,12.982599926664498,1.0,15.721435546875,0.1725560426712036,0.35075879096984863,-0.0013415333814918995,-0.3841771185398102,0.10289997607469559,True,tiles\Bengaluru\2025\Bengaluru_r03_c06.tif,19.0,3.1,"POLYGON ((77.665329 12.970917, 77.665576 12.994041, 77.641995 12.994282, 77.64175 12.971158, 77.665329 12.970917))"
Bengaluru_r03_c07,Bengaluru,2025,3,7,2025-01-01,2025-03-31,32643,789160.0,1435430.0,791720.0,1437990.0,77.67724253807323,12.982358076487609,1.0,16.495086669921875,0.13183754682540894,0.25303104519844055,0.019766714423894882,-0.3220130503177643,0.12210151553153992,True,tiles\Bengaluru\2025\Bengaluru_r03_c07.tif,19.0,3.1,"POLYGON ((77.688908 12.970675, 77.689157 12.993798, 77.665576 12.994041, 77.665329 12.970917, 77.688908 12.970675))"
Bengaluru_r04_c00,Bengaluru,2025,4,0,2025-01-01,2025-03-31,32643,771240.0,1432870.0,773800.0,1435430.0,77.51194130655126,12.960879190886265,1.0,14.568023681640625,0.23326188325881958,0.2937614619731903,0.008546539582312107,-0.3460983633995056,0.11085666716098785,True,tiles\Bengaluru\2025\Bengaluru_r04_c00.tif,19.0,3.1,"POLYGON ((77.523615 12.949202, 77.523848 12.972329, 77.500266 12.972556, 77.500036 12.949429, 77.523615 12.949202))"
Bengaluru_r04_c01,Bengaluru,2025,4,1,2025-01-01,2025-03-31,32643,773800.0,1432870.0,776360.0,1435430.0,77.53552179913513,12.960650567468491,1.0,14.775421142578125,0.2223462462425232,0.20938795804977417,0.030728602781891823,-0.2846566438674927,0.1229696050286293,True,tiles\Bengaluru\2025\Bengaluru_r04_c01.tif,19.0,3.1,"POLYGON ((77.547194 12.948972, 77.54743 12.972099, 77.523848 12.972329, 77.523615 12.949202, 77.547194 12.948972))"
Bengaluru_r04_c02,Bengaluru,2025,4,2,2025-01-01,2025-03-31,32643,776360.0,1432870.0,778920.0,1435430.0,77.55910183774724,12.960419813318424,1.0,15.380218505859375,0.19051480293273926,0.2194957137107849,0.041893064975738525,-0.304598331451416,0.11923123896121979,True,tiles\Bengaluru\2025\Bengaluru_r04_c02.tif,19.0,3.1,"POLYGON ((77.570773 12.948741, 77.571011 12.971867, 77.54743 12.972099, 77.547194 12.948972, 77.570773 12.948741))"
Bengaluru_r04_c03,Bengaluru,2025,4,3,2025-01-01,2025-03-31,32643,778920.0,1432870.0,781480.0,1435430.0,77.58268141817855,12.960186928627596,1.0,15.365997314453125,0.1912633180618286,0.2324713170528412,0.04874655604362488,-0.32859015464782715,0.11691728234291077,True,tiles\Bengaluru\2025\Bengaluru_r04_c03.tif,19.0,3.1,"POLYGON ((77.594351 12.948507, 77.594591 12.971633, 77.571011 12.971867, 77.570773 12.948741, 77.594351 12.948507))"
Bengaluru_r04_c04,Bengaluru,2025,4,4,2025-01-01,2025-03-31,32643,781480.0,1432870.0,784040.0,1435430.0,77.60626053622036,12.95995191358931,1.0,15.440826416015625,0.18732494115829468,0.294059157371521,0.022238839417696,-0.36024823784828186,0.10810372233390808,True,tiles\Bengaluru\2025\Bengaluru_r04_c04.tif,19.0,3.1,"POLYGON ((77.617929 12.948271, 77.618171 12.971396, 77.594591 12.971633, 77.594351 12.948507, 77.617929 12.948271))"
Bengaluru_r04_c05,Bengaluru,2025,4,5,2025-01-01,2025-03-31,32643,784040.0,1432870.0,786600.0,1435430.0,77.62983918766447,12.95971476839862,1.0,15.580535888671875,0.1799718141555786,0.38682013750076294,0.00399137195199728,-0.430428683757782,0.09250205755233765,True,tiles\Bengaluru\2025\Bengaluru_r04_c05.tif,19.0,3.1,"POLYGON ((77.641506 12.948033, 77.64175 12.971158, 77.618171 12.971396, 77.617929 12.948271, 77.641506 12.948033))"
Bengaluru_r04_c06,Bengaluru,2025,4,6,2025-01-01,2025-03-31,32643,786600.0,1432870.0,789160.0,1435430.0,77.65341736830311,12.959475493252336,1.0,15.462371826171875,0.18619096279144287,0.31234320998191833,0.019060464575886726,-0.37342560291290283,0.11068453639745712,True,tiles\Bengaluru\2025\Bengaluru_r04_c06.tif,19.0,3.1,"POLYGON ((77.665083 12.947793, 77.665329 12.970917, 77.64175 12.971158, 77.641506 12.948033, 77.665083 12.947793))"
Bengaluru_r04_c07,Bengaluru,2025,4,7,2025-01-01,2025-03-31,32643,789160.0,1432870.0,791720.0,1435430.0,77.67699507392895,12.95923408834905,1.0,15.97509765625,0.1592053771018982,0.30875450372695923,0.04663462936878204,-0.39891278743743896,0.11145983636379242,True,tiles\Bengaluru\2025\Bengaluru_r04_c07.tif,19.0,3.1,"POLYGON ((77.68866 12.947551, 77.688908 12.970675, 77.665329 12.970917, 77.665083 12.947793, 77.68866 12.947551))"
Bengaluru_r05_c00,Bengaluru,2025,5,0,2025-01-01,2025-03-31,32643,771240.0,1430310.0,773800.0,1432870.0,77.51170950949053,12.937752123249755,1.0,15.339996337890625,0.1926317811012268,0.39056599140167236,-0.003881338983774185,-0.4217557907104492,0.09044721722602844,True,tiles\Bengaluru\2025\Bengaluru_r05_c00.tif,19.0,3.1,"POLYGON ((77.523382 12.926075, 77.523615 12.949202, 77.500036 12.949429, 77.499805 12.926302, 77.523382 12.926075))"
Bengaluru_r05_c01,Bengaluru,2025,5,1,2025-01-01,2025-03-31,32643,773800.0,1430310.0,776360.0,1432870.0,77.53528783176951,12.93752392145991,1.0,15.327301025390625,0.19329994916915894,0.24159914255142212,0.034956227988004684,-0.32636916637420654,0.12275054305791855,True,tiles\Bengaluru\2025\Bengaluru_r05_c01.tif,19.0,3.1,"POLYGON ((77.54696 12.925846, 77.547194 12.948972, 77.523615 12.949202, 77.523382 12.926075, 77.54696 12.925846))"
Bengaluru_r05_c02,Bengaluru,2025,5,2,2025-01-01,2025-03-31,32643,776360.0,1430310.0,778920.0,1432870.0,77.55886570027704,12.937293592866508,1.0,14.596405029296875,0.23176813125610352,0.213252454996109,0.026047658175230026,-0.2881479859352112,0.12188403308391571,True,tiles\Bengaluru\2025\Bengaluru_r05_c02.tif,19.0,3.1,"POLYGON ((77.570536 12.925615, 77.570773 12.948741, 77.547194 12.948972, 77.54696 12.925846, 77.570536 12.925615))"
Bengaluru_r05_c03,Bengaluru,2025,5,3,2025-01-01,2025-03-31,32643,778920.0,1430310.0,781480.0,1432870.0,77.58244311080585,12.937061137660718,1.0,15.132781982421875,0.20353776216506958,0.284396231174469,0.0011779565829783678,-0.3186023235321045,0.10819348692893982,True,tiles\Bengaluru\2025\Bengaluru_r05_c03.tif,19.0,3.1,"POLYGON ((77.594112 12.925381, 77.594351 12.948507, 77.570773 12.948741, 77.570536 12.925615, 77.594112 12.925381))"
Bengaluru_r05_c04,Bengaluru,2025,5,4,2025-01-01,2025-03-31,32643,781480.0,1430310.0,784040.0,1432870.0,77.60602005914915,12.936826556035472,1.0,15.34014892578125,0.19262373447418213,0.29600346088409424,0.008288219571113586,-0.34351807832717896,0.11136271804571152,True,tiles\Bengaluru\2025\Bengaluru_r05_c04.tif,19.0,3.1,"POLYGON ((77.617688 12.925146, 77.617929 12.948271, 77.594351 12.948507, 77.594112 12.925381, 77.617688 12.925146))"
Bengaluru_r05_c05,Bengaluru,2025,5,5,2025-01-01,2025-03-31,32643,784040.0,1430310.0,786600.0,1432870.0,77.62959654110057,12.936589848185431,1.0,15.414947509765625,0.18868696689605713,0.32831376791000366,0.007149532437324524,-0.3793216943740845,0.1054869145154953,True,tiles\Bengaluru\2025\Bengaluru_r05_c05.tif,19.0,3.1,"POLYGON ((77.641263 12.924908, 77.641506 12.948033, 77.617929 12.948271, 77.617688 12.925146, 77.641263 12.924908))"
Bengaluru_r05_c06,Bengaluru,2025,5,6,2025-01-01,2025-03-31,32643,786600.0,1430310.0,789160.0,1432870.0,77.65317255245414,12.936351014307032,1.0,16.276702880859375,0.1433314085006714,0.4756770730018616,-0.07762594521045685,-0.42019185423851013,0.0765838697552681,True,tiles\Bengaluru\2025\Bengaluru_r05_c06.tif,19.0,3.1,"POLYGON ((77.664838 12.924669, 77.665083 12.947793, 77.641506 12.948033, 77.641263 12.924908, 77.664838 12.924669))"
Bengaluru_r05_c07,Bengaluru,2025,5,7,2025-01-01,2025-03-31,32643,789160.0,1430310.0,791720.0,1432870.0,77.67674808900442,12.936110054598466,1.0,16.188140869140625,0.14799261093139648,0.35603541135787964,-0.04114031046628952,-0.35414770245552063,0.10911327600479126,True,tiles\Bengaluru\2025\Bengaluru_r05_c07.tif,19.0,3.1,"POLYGON ((77.688412 12.924427, 77.68866 12.947551, 77.665083 12.947793, 77.664838 12.924669, 77.688412 12.924427))"
Bengaluru_r06_c00,Bengaluru,2025,6,0,2025-01-01,2025-03-31,32643,771240.0,1427750.0,773800.0,1430310.0,77.51147816199368,12.914625010615127,1.0,14.48193359375,0.23779296875,0.3145834803581238,0.011503726243972778,-0.368730366230011,0.11152778565883636,True,tiles\Bengaluru\2025\Bengaluru_r06_c00.tif,19.0,3.1,"POLYGON ((77.52315 12.902948, 77.523382 12.926075, 77.499805 12.926302, 77.499575 12.903175, 77.52315 12.902948))"
Bengaluru_r06_c01,Bengaluru,2025,6,1,2025-01-01,2025-03-31,32643,773800.0,1427750.0,776360.0,1430310.0,77.53505431817545,12.914397230378624,1.0,15.024261474609375,0.2092493772506714,0.26429080963134766,0.03343111276626587,-0.35224324464797974,0.11959867924451828,True,tiles\Bengaluru\2025\Bengaluru_r06_c01.tif,19.0,3.1,"POLYGON ((77.546725 12.902719, 77.54696 12.925846, 77.523382 12.926075, 77.52315 12.902948, 77.546725 12.902719))"
Bengaluru_r06_c02,Bengaluru,2025,6,2,2025-01-01,2025-03-31,32643,776360.0,1427750.0,778920.0,1430310.0,77.55863002078564,12.914167327266624,1.0,15.130706787109375,0.20364701747894287,0.21934190392494202,0.023103540763258934,-0.2898815870285034,0.12403953075408936,True,tiles\Bengaluru\2025\Bengaluru_r06_c02.tif,19.0,3.1,"POLYGON ((77.5703 12.902489, 77.570536 12.925615, 77.54696 12.925846, 77.546725 12.902719, 77.5703 12.902489))"
Bengaluru_r06_c03,Bengaluru,2025,6,3,2025-01-01,2025-03-31,32643,778920.0,1427750.0,781480.0,1430310.0,77.58220526561878,12.913935301469923,1.0,15.358673095703125,0.19164878129959106,0.2588159441947937,0.009195175021886826,-0.3141196072101593,0.11432329565286636,True,tiles\Bengaluru\2025\Bengaluru_r06_c03.tif,19.0,3.1,"POLYGON ((77.593873 12.902256, 77.594112 12.925381, 77.570536 12.925615, 77.5703 12.902489, 77.593873 12.902256))"
Bengaluru_r06_c04,Bengaluru,2025,6,4,2025-01-01,2025-03-31,32643,781480.0,1427750.0,784040.0,1430310.0,77.60578004846994,12.91370115318106,1.0,15.4635009765625,0.1861315369606018,0.23575498163700104,-0.0024259276688098907,-0.27308201789855957,0.11801807582378387,True,tiles\Bengaluru\2025\Bengaluru_r06_c04.tif,19.0,3.1,"POLYGON ((77.617447 12.902021, 77.617688 12.925146, 77.594112 12.925381, 77.593873 12.902256, 77.617447 12.902021))"
Bengaluru_r06_c05,Bengaluru,2025,6,5,2025-01-01,2025-03-31,32643,784040.0,1427750.0,786600.0,1430310.0,77.62935436513457,12.913464882594331,1.0,15.1673583984375,0.20171797275543213,0.2121702879667282,0.03106805682182312,-0.273958683013916,0.11691864579916,True,tiles\Bengaluru\2025\Bengaluru_r06_c05.tif,19.0,3.1,"POLYGON ((77.64102 12.901784, 77.641263 12.924908, 77.617688 12.925146, 77.617447 12.902021, 77.64102 12.901784))"
Bengaluru_r06_c06,Bengaluru,2025,6,6,2025-01-01,2025-03-31,32643,786600.0,1427750.0,789160.0,1430310.0,77.65292821140856,12.913226489905792,1.0,15.801544189453125,0.1683397889137268,0.355121910572052,0.03126184642314911,-0.4078274667263031,0.0942443460226059,True,tiles\Bengaluru\2025\Bengaluru_r06_c06.tif,19.0,3.1,"POLYGON ((77.664592 12.901544, 77.664838 12.924669, 77.641263 12.924908, 77.64102 12.901784, 77.664592 12.901544))"
Bengaluru_r06_c07,Bengaluru,2025,6,7,2025-01-01,2025-03-31,32643,789160.0,1427750.0,791720.0,1430310.0,77.67650158308831,12.912985975313225,1.0,15.790283203125,0.16893243789672852,0.27979037165641785,-0.0031877756118774414,-0.3085906207561493,0.11788257211446762,True,tiles\Bengaluru\2025\Bengaluru_r06_c07.tif,19.0,3.1,"POLYGON ((77.688165 12.901303, 77.688412 12.924427, 77.664838 12.924669, 77.664592 12.901544, 77.688165 12.901303))"
Bengaluru_r07_c00,Bengaluru,2025,7,0,2025-01-01,2025-03-31,32643,771240.0,1425190.0,773800.0,1427750.0,77.51124726386267,12.891497853058668,1.0,13.858306884765625,0.2706153988838196,0.3938579261302948,0.05139445886015892,-0.4854593276977539,0.08632566779851913,True,tiles\Bengaluru\2025\Bengaluru_r07_c00.tif,19.0,3.1,"POLYGON ((77.522919 12.879821, 77.52315 12.902948, 77.499575 12.903175, 77.499345 12.880047, 77.522919 12.879821))"
Bengaluru_r07_c01,Bengaluru,2025,7,1,2025-01-01,2025-03-31,32643,773800.0,1425190.0,776360.0,1427750.0,77.53482125815316,12.89127049430109,1.0,14.635650634765625,0.22970259189605713,0.34687256813049316,0.025860615074634552,-0.4166627824306488,0.10214032232761383,True,tiles\Bengaluru\2025\Bengaluru_r07_c01.tif,19.0,3.1,"POLYGON ((77.546491 12.879593, 77.546725 12.902719, 77.52315 12.902948, 77.522919 12.879821, 77.546491 12.879593))"
Bengaluru_r07_c02,Bengaluru,2025,7,2,2025-01-01,2025-03-31,32643,776360.0,1425190.0,778920.0,1427750.0,77.55839479907137,12.891041016595379,1.0,14.927734375,0.2143297791481018,0.2597396969795227,0.025526262819767,-0.3281533420085907,0.12164494395256042,True,tiles\Bengaluru\2025\Bengaluru_r07_c02.tif,19.0,3.1,"POLYGON ((77.570063 12.879363, 77.5703 12.902489, 77.546725 12.902719, 77.546491 12.879593, 77.570063 12.879363))"
Bengaluru_r07_c03,Bengaluru,2025,7,3,2025-01-01,2025-03-31,32643,778920.0,1425190.0,781480.0,1427750.0,77.58196788241384,12.89080942013196,1.0,15.543304443359375,0.18193131685256958,0.21981436014175415,0.01679084822535515,-0.27880287170410156,0.12146703898906708,True,tiles\Bengaluru\2025\Bengaluru_r07_c03.tif,19.0,3.1,"POLYGON ((77.593635 12.87913, 77.593873 12.902256, 77.5703 12.902489, 77.570063 12.879363, 77.593635 12.87913))"
Bengaluru_r07_c04,Bengaluru,2025,7,4,2025-01-01,2025-03-31,32643,781480.0,1425190.0,784040.0,1427750.0,77.60554050397737,12.890575705102997,1.0,15.07012939453125,0.20683526992797852,0.2521660327911377,0.01838255673646927,-0.3145437240600586,0.12277525663375854,True,tiles\Bengaluru\2025\Bengaluru_r07_c04.tif,19.0,3.1,"POLYGON ((77.617207 12.878896, 77.617447 12.902021, 77.593873 12.902256, 77.593635 12.87913, 77.617207 12.878896))"
Bengaluru_r07_c05,Bengaluru,2025,7,5,2025-01-01,2025-03-31,32643,784040.0,1425190.0,786600.0,1427750.0,77.62911265955933,12.890339871702404,1.0,14.8818359375,0.2167454957962036,0.1792115420103073,0.05610506609082222,-0.2873189151287079,0.14075034856796265,True,tiles\Bengaluru\2025\Bengaluru_r07_c05.tif,19.0,3.1,"POLYGON ((77.640777 12.878659, 77.64102 12.901784, 77.617447 12.902021, 77.617207 12.878896, 77.640777 12.878659))"
Bengaluru_r07_c06,Bengaluru,2025,7,6,2025-01-01,2025-03-31,32643,786600.0,1425190.0,789160.0,1427750.0,77.65268434495738,12.890101920125844,1.0,15.540557861328125,0.18207591772079468,0.2383948564529419,0.04392676427960396,-0.3247861862182617,0.12797074019908905,True,tiles\Bengaluru\2025\Bengaluru_r07_c06.tif,19.0,3.1,"POLYGON ((77.664348 12.87842, 77.664592 12.901544, 77.64102 12.901784, 77.640777 12.878659, 77.664348 12.87842))"
Bengaluru_r07_c07,Bengaluru,2025,7,7,2025-01-01,2025-03-31,32643,789160.0,1425190.0,791720.0,1427750.0,77.6762555559698,12.889861850570728,1.0,16.303985595703125,0.14189547300338745,0.2867787480354309,0.04146413877606392,-0.38333386182785034,0.12444228678941727,True,tiles\Bengaluru\2025\Bengaluru_r07_c07.tif,19.0,3.1,"POLYGON ((77.687918 12.878179, 77.688165 12.901303, 77.664592 12.901544, 77.664348 12.87842, 77.687918 12.878179))"
Bengaluru_r00_c00,Bengaluru,2026,0,0,2026-01-01,2026-03-31,32643,771240.0,1443110.0,773800.0,1445670.0,77.5128729944078,13.05338700992583,1.0,16.9024658203125,0.154876708984375,0.24070534110069275,0.04389465972781181,-0.34457558393478394,0.12282279133796692,True,tiles\Bengaluru\2026\Bengaluru_r00_c00.tif,19.0,2.4,"POLYGON ((77.52455 13.041709, 77.524785 13.064836, 77.501195 13.065065, 77.500962 13.041938, 77.52455 13.041709))"
Bengaluru_r00_c01,Bengaluru,2026,0,1,2026-01-01,2026-03-31,32643,773800.0,1443110.0,776360.0,1445670.0,77.53646221032497,13.053156699247559,1.0,16.628753662109375,0.16856229305267334,0.4217073917388916,0.004395915195345879,-0.47044637799263,0.08121168613433838,True,tiles\Bengaluru\2026\Bengaluru_r00_c01.tif,19.0,2.4,"POLYGON ((77.548138 13.041478, 77.548375 13.064604, 77.524785 13.064836, 77.52455 13.041709, 77.548138 13.041478))"
Bengaluru_r00_c02,Bengaluru,2026,0,2,2026-01-01,2026-03-31,32643,776360.0,1443110.0,778920.0,1445670.0,77.56005097146506,13.052924242115079,1.0,16.694091796875,0.16529542207717896,0.3401282727718353,-0.010043581947684288,-0.3763676583766937,0.10369916260242462,True,tiles\Bengaluru\2026\Bengaluru_r00_c02.tif,19.0,2.4,"POLYGON ((77.571726 13.041244, 77.571965 13.06437, 77.548375 13.064604, 77.548138 13.041478, 77.571726 13.041244))"
Bengaluru_r00_c03,Bengaluru,2026,0,3,2026-01-01,2026-03-31,32643,778920.0,1443110.0,781480.0,1445670.0,77.58363927361144,13.052689638721409,1.0,16.133758544921875,0.19331204891204834,0.2805889844894409,-0.004710577428340912,-0.32022443413734436,0.10698707401752472,True,tiles\Bengaluru\2026\Bengaluru_r00_c03.tif,19.0,2.4,"POLYGON ((77.595313 13.041009, 77.595554 13.064134, 77.571965 13.06437, 77.571726 13.041244, 77.595313 13.041009))"
Bengaluru_r00_c04,Bengaluru,2026,0,4,2026-01-01,2026-03-31,32643,781480.0,1443110.0,784040.0,1445670.0,77.60722711254813,13.052452889261373,1.0,16.813873291015625,0.1593063473701477,0.24672532081604004,0.014560871757566929,-0.3117215633392334,0.11940455436706543,True,tiles\Bengaluru\2026\Bengaluru_r00_c04.tif,19.0,2.4,"POLYGON ((77.618899 13.040771, 77.619143 13.063896, 77.595554 13.064134, 77.595313 13.041009, 77.618899 13.040771))"
Bengaluru_r00_c05,Bengaluru,2026,0,5,2026-01-01,2026-03-31,32643,784040.0,1443110.0,786600.0,1445670.0,77.63081448405939,13.05221399393154,1.0,17.230255126953125,0.13848721981048584,0.21818797290325165,0.05491179600358009,-0.34103482961654663,0.13051676750183105,True,tiles\Bengaluru\2026\Bengaluru_r00_c05.tif,19.0,2.4,"POLYGON ((77.642485 13.040532, 77.642731 13.063656, 77.619143 13.063896, 77.618899 13.040771, 77.642485 13.040532))"
Bengaluru_r00_c06,Bengaluru,2026,0,6,2026-01-01,2026-03-31,32643,786600.0,1443110.0,789160.0,1445670.0,77.65440138393005,13.05197295293028,1.0,17.2818603515625,0.13590699434280396,0.3134155571460724,0.02193000726401806,-0.3984690308570862,0.11402811110019684,True,tiles\Bengaluru\2026\Bengaluru_r00_c06.tif,19.0,2.4,"POLYGON ((77.666071 13.04029, 77.666319 13.063414, 77.642731 13.063656, 77.642485 13.040532, 77.666071 13.04029))"
Bengaluru_r00_c07,Bengaluru,2026,0,7,2026-01-01,2026-03-31,32643,789160.0,1443110.0,791720.0,1445670.0,77.67798780794539,13.051729766457717,1.0,17.2469482421875,0.13765257596969604,0.2881900668144226,0.017898211255669594,-0.34253835678100586,0.11479927599430084,True,tiles\Bengaluru\2026\Bengaluru_r00_c07.tif,19.0,2.4,"POLYGON ((77.689656 13.040046, 77.689906 13.063169, 77.666319 13.063414, 77.666071 13.04029, 77.689656 13.040046))"
Bengaluru_r01_c00,Bengaluru,2026,1,0,2026-01-01,2026-03-31,32643,771240.0,1440550.0,773800.0,1443110.0,77.51263939710311,13.030260123044377,1.0,16.7877197265625,0.160614013671875,0.23504599928855896,0.052628494799137115,-0.3320658206939697,0.12430953979492188,True,tiles\Bengaluru\2026\Bengaluru_r01_c00.tif,19.0,2.4,"POLYGON ((77.524316 13.018582, 77.52455 13.041709, 77.500962 13.041938, 77.50073 13.018811, 77.524316 13.018582))"
Bengaluru_r01_c01,Bengaluru,2026,1,1,2026-01-01,2026-03-31,32643,773800.0,1440550.0,776360.0,1443110.0,77.53622642586615,13.030030234293857,1.0,15.722686767578125,0.21386563777923584,0.27583831548690796,0.047307297587394714,-0.37471824884414673,0.11002647876739502,True,tiles\Bengaluru\2026\Bengaluru_r01_c01.tif,19.0,2.4,"POLYGON ((77.547902 13.018351, 77.548138 13.041478, 77.52455 13.041709, 77.524316 13.018582, 77.547902 13.018351))"
Bengaluru_r01_c02,Bengaluru,2026,1,2,2026-01-01,2026-03-31,32643,776360.0,1440550.0,778920.0,1443110.0,77.55981300005406,13.029798203020647,1.0,15.76568603515625,0.2117156982421875,0.26051437854766846,0.023351050913333893,-0.33908748626708984,0.1151430681347847,True,tiles\Bengaluru\2026\Bengaluru_r01_c02.tif,19.0,2.4,"POLYGON ((77.571487 13.018119, 77.571726 13.041244, 77.548138 13.041478, 77.547902 13.018351, 77.571487 13.018119))"
Bengaluru_r01_c03,Bengaluru,2026,1,3,2026-01-01,2026-03-31,32643,778920.0,1440550.0,781480.0,1443110.0,77.58339911545222,13.029564029417402,1.0,16.51904296875,0.1740478277206421,0.3013754189014435,0.008510846644639969,-0.3672024607658386,0.10695849359035492,True,tiles\Bengaluru\2026\Bengaluru_r01_c03.tif,19.0,2.4,"POLYGON ((77.595072 13.017884, 77.595313 13.041009, 77.571726 13.041244, 77.571487 13.018119, 77.595072 13.017884))"
Bengaluru_r01_c04,Bengaluru,2026,1,4,2026-01-01,2026-03-31,32643,781480.0,1440550.0,784040.0,1443110.0,77.60698476784634,13.029327713678551,1.0,16.414306640625,0.1792846918106079,0.17988935112953186,0.05198755860328674,-0.29406437277793884,0.13283410668373108,True,tiles\Bengaluru\2026\Bengaluru_r01_c04.tif,19.0,2.4,"POLYGON ((77.618656 13.017646, 77.618899 13.040771, 77.595313 13.041009, 77.595072 13.017884, 77.618656 13.017646))"
Bengaluru_r01_c05,Bengaluru,2026,1,5,2026-01-01,2026-03-31,32643,784040.0,1440550.0,786600.0,1443110.0,77.63056995302267,13.029089256000306,1.0,17.44586181640625,0.1277068853378296,0.21049126982688904,0.0429728627204895,-0.3110416531562805,0.1274627447128296,True,tiles\Bengaluru\2026\Bengaluru_r01_c05.tif,19.0,2.4,"POLYGON ((77.64224 13.017407, 77.642485 13.040532, 77.618899 13.040771, 77.618656 13.017646, 77.64224 13.017407))"
Bengaluru_r01_c06,Bengaluru,2026,1,6,2026-01-01,2026-03-31,32643,786600.0,1440550.0,789160.0,1443110.0,77.65415466676785,13.028848656580632,1.0,17.59918212890625,0.1200408935546875,0.21163766086101532,0.03352249786257744,-0.29816633462905884,0.13013684749603271,True,tiles\Bengaluru\2026\Bengaluru_r01_c06.tif,19.0,2.4,"POLYGON ((77.665823 13.017166, 77.666071 13.04029, 77.642485 13.040532, 77.64224 13.017407, 77.665823 13.017166))"
Bengaluru_r01_c07,Bengaluru,2026,1,7,2026-01-01,2026-03-31,32643,789160.0,1440550.0,791720.0,1443110.0,77.67773890486897,13.028605915619265,1.0,16.84375,0.1578124761581421,0.166178897023201,0.056249503046274185,-0.284848153591156,0.1488591432571411,True,tiles\Bengaluru\2026\Bengaluru_r01_c07.tif,19.0,2.4,"POLYGON ((77.689406 13.016922, 77.689656 13.040046, 77.666071 13.04029, 77.665823 13.017166, 77.689406 13.016922))"
Bengaluru_r02_c00,Bengaluru,2026,2,0,2026-01-01,2026-03-31,32643,771240.0,1437990.0,773800.0,1440550.0,77.51240625015849,13.00713319085982,1.0,16.70880126953125,0.1645599603652954,0.18395954370498657,0.05475454777479172,-0.29447096586227417,0.13162072002887726,True,tiles\Bengaluru\2026\Bengaluru_r02_c00.tif,19.0,2.4,"POLYGON ((77.524082 12.995455, 77.524316 13.018582, 77.50073 13.018811, 77.500498 12.995684, 77.524082 12.995455))"
Bengaluru_r02_c01,Bengaluru,2026,2,1,2026-01-01,2026-03-31,32643,773800.0,1437990.0,776360.0,1440550.0,77.53599109598252,13.006903723961862,1.0,16.287841796875,0.18560791015625,0.20651544630527496,0.024863209575414658,-0.28240182995796204,0.12322935461997986,True,tiles\Bengaluru\2026\Bengaluru_r02_c01.tif,19.0,2.4,"POLYGON ((77.547665 12.995225, 77.547902 13.018351, 77.524316 13.018582, 77.524082 12.995455, 77.547665 12.995225))"
Bengaluru_r02_c02,Bengaluru,2026,2,2,2026-01-01,2026-03-31,32643,776360.0,1437990.0,778920.0,1440550.0,77.559575487433,13.006672118472043,1.0,15.211578369140625,0.2394210696220398,0.29002511501312256,0.010510209016501904,-0.34660768508911133,0.1066388264298439,True,tiles\Bengaluru\2026\Bengaluru_r02_c02.tif,19.0,2.4,"POLYGON ((77.571248 12.994993, 77.571487 13.018119, 77.547902 13.018351, 77.547665 12.995225, 77.571248 12.994993))"
Bengaluru_r02_c03,Bengaluru,2026,2,3,2026-01-01,2026-03-31,32643,778920.0,1437990.0,781480.0,1440550.0,77.5831594202971,13.006438374582642,1.0,15.83282470703125,0.2083587646484375,0.3365456759929657,-0.0017028022557497025,-0.38166603446006775,0.0980304479598999,True,tiles\Bengaluru\2026\Bengaluru_r02_c03.tif,19.0,2.4,"POLYGON ((77.594831 12.994758, 77.595072 13.017884, 77.571487 13.018119, 77.571248 12.994993, 77.594831 12.994758))"
Bengaluru_r02_c04,Bengaluru,2026,2,4,2026-01-01,2026-03-31,32643,781480.0,1437990.0,784040.0,1440550.0,77.60674289036248,13.006202492487715,1.0,15.584197998046875,0.2207900881767273,0.27475491166114807,0.028375091031193733,-0.3615033030509949,0.11175493150949478,True,tiles\Bengaluru\2026\Bengaluru_r02_c04.tif,19.0,2.4,"POLYGON ((77.618413 12.994521, 77.618656 13.017646, 77.595072 13.017884, 77.594831 12.994758, 77.618413 12.994521))"
Bengaluru_r02_c05,Bengaluru,2026,2,5,2026-01-01,2026-03-31,32643,784040.0,1437990.0,786600.0,1440550.0,77.6303258934172,13.005964472383077,1.0,16.38397216796875,0.1808013916015625,0.21859028935432434,0.038221731781959534,-0.31537526845932007,0.12315051257610321,True,tiles\Bengaluru\2026\Bengaluru_r02_c05.tif,19.0,2.4,"POLYGON ((77.641995 12.994282, 77.64224 13.017407, 77.618656 13.017646, 77.618413 12.994521, 77.641995 12.994282))"
Bengaluru_r02_c06,Bengaluru,2026,2,6,2026-01-01,2026-03-31,32643,786600.0,1437990.0,789160.0,1440550.0,77.65390842524978,13.005724314466319,1.0,16.740234375,0.1629883050918579,0.2817525267601013,0.032662663608789444,-0.3739987015724182,0.10984932631254196,True,tiles\Bengaluru\2026\Bengaluru_r02_c06.tif,19.0,2.4,"POLYGON ((77.665576 12.994041, 77.665823 13.017166, 77.64224 13.017407, 77.641995 12.994282, 77.665576 12.994041))"
Bengaluru_r02_c07,Bengaluru,2026,2,7,2026-01-01,2026-03-31,32643,789160.0,1437990.0,791720.0,1440550.0,77.67749048164917,13.005482018936792,1.0,16.1722412109375,0.19138795137405396,0.2574203610420227,0.033420953899621964,-0.3379945158958435,0.11507607251405716,True,tiles\Bengaluru\2026\Bengaluru_r02_c07.tif,19.0,2.4,"POLYGON ((77.689157 12.993798, 77.689406 13.016922, 77.665823 13.017166, 77.665576 12.994041, 77.689157 12.993798))"
Bengaluru_r03_c00,Bengaluru,2026,3,0,2026-01-01,2026-03-31,32643,771240.0,1435430.0,773800.0,1437990.0,77.51217355337432,12.984006213448371,1.0,17.4466552734375,0.12766724824905396,0.22399017214775085,0.04792093485593796,-0.33006584644317627,0.12436390668153763,True,tiles\Bengaluru\2026\Bengaluru_r03_c00.tif,19.0,2.4,"POLYGON ((77.523848 12.972329, 77.524082 12.995455, 77.500498 12.995684, 77.500266 12.972556, 77.523848 12.972329))"
Bengaluru_r03_c01,Bengaluru,2026,3,1,2026-01-01,2026-03-31,32643,773800.0,1435430.0,776360.0,1437990.0,77.53575622047258,12.983777168327949,1.0,15.9815673828125,0.2009216547012329,0.18946091830730438,0.033988744020462036,-0.2740732431411743,0.1266089528799057,True,tiles\Bengaluru\2026\Bengaluru_r03_c01.tif,19.0,2.4,"POLYGON ((77.54743 12.972099, 77.547665 12.995225, 77.524082 12.995455, 77.523848 12.972329, 77.54743 12.972099))"
Bengaluru_r03_c02,Bengaluru,2026,3,2,2026-01-01,2026-03-31,32643,776360.0,1435430.0,778920.0,1437990.0,77.5593384333984,12.98354598854579,1.0,14.459014892578125,0.2770492434501648,0.22401674091815948,0.034627996385097504,-0.3063054084777832,0.11458723247051239,True,tiles\Bengaluru\2026\Bengaluru_r03_c02.tif,19.0,2.4,"POLYGON ((77.571011 12.971867, 77.571248 12.994993, 77.547665 12.995225, 77.54743 12.972099, 77.571011 12.971867))"
Bengaluru_r03_c03,Bengaluru,2026,3,3,2026-01-01,2026-03-31,32643,778920.0,1435430.0,781480.0,1437990.0,77.58292018794081,12.983312674293806,1.0,15.24127197265625,0.2379363775253296,0.341497540473938,-0.010115435346961021,-0.3796447813510895,0.09726439416408539,True,tiles\Bengaluru\2026\Bengaluru_r03_c03.tif,19.0,2.4,"POLYGON ((77.594591 12.971633, 77.594831 12.994758, 77.571248 12.994993, 77.571011 12.971867, 77.594591 12.971633))"
Bengaluru_r03_c04,Bengaluru,2026,3,4,2026-01-01,2026-03-31,32643,781480.0,1435430.0,784040.0,1437990.0,77.60650147988939,12.983077225765678,1.0,15.2919921875,0.23540037870407104,0.30169856548309326,0.008215155452489853,-0.3586958944797516,0.10445014387369156,True,tiles\Bengaluru\2026\Bengaluru_r03_c04.tif,19.0,2.4,"POLYGON ((77.618171 12.971396, 77.618413 12.994521, 77.594831 12.994758, 77.594591 12.971633, 77.618171 12.971396))"
Bengaluru_r03_c05,Bengaluru,2026,3,5,2026-01-01,2026-03-31,32643,784040.0,1435430.0,786600.0,1437990.0,77.63008230503398,12.982839643156842,1.0,15.26812744140625,0.2365936040878296,0.3278723955154419,0.008036735467612743,-0.3893051743507385,0.09749753028154373,True,tiles\Bengaluru\2026\Bengaluru_r03_c05.tif,19.0,2.4,"POLYGON ((77.64175 12.971158, 77.641995 12.994282, 77.618413 12.994521, 77.618171 12.971396, 77.64175 12.971158))"
Bengaluru_r03_c06,Bengaluru,2026,3,6,2026-01-01,2026-03-31,32643,786600.0,1435430.0,789160.0,1437990.0,77.65366265916501,12.982599926664498,1.0,15.458831787109375,0.22705841064453125,0.34106189012527466,-0.0034615308977663517,-0.38238734006881714,0.10248883813619614,True,tiles\Bengaluru\2026\Bengaluru_r03_c06.tif,19.0,2.4,"POLYGON ((77.665329 12.970917, 77.665576 12.994041, 77.641995 12.994282, 77.64175 12.971158, 77.665329 12.970917))"
Bengaluru_r03_c07,Bengaluru,2026,3,7,2026-01-01,2026-03-31,32643,789160.0,1435430.0,791720.0,1437990.0,77.67724253807323,12.982358076487609,1.0,15.807769775390625,0.20961153507232666,0.22687330842018127,0.01633274555206299,-0.2916422486305237,0.12072326242923737,True,tiles\Bengaluru\2026\Bengaluru_r03_c07.tif,19.0,2.4,"POLYGON ((77.688908 12.970675, 77.689157 12.993798, 77.665576 12.994041, 77.665329 12.970917, 77.688908 12.970675))"
Bengaluru_r04_c00,Bengaluru,2026,4,0,2026-01-01,2026-03-31,32643,771240.0,1432870.0,773800.0,1435430.0,77.51194130655126,12.960879190886265,1.0,17.38970947265625,0.1305145025253296,0.27560555934906006,0.02004609815776348,-0.34788191318511963,0.1131998747587204,True,tiles\Bengaluru\2026\Bengaluru_r04_c00.tif,19.0,2.4,"POLYGON ((77.523615 12.949202, 77.523848 12.972329, 77.500266 12.972556, 77.500036 12.949429, 77.523615 12.949202))"
Bengaluru_r04_c01,Bengaluru,2026,4,1,2026-01-01,2026-03-31,32643,773800.0,1432870.0,776360.0,1435430.0,77.53552179913513,12.960650567468491,1.0,16.368255615234375,0.18158721923828125,0.19896763563156128,0.02900303155183792,-0.27449876070022583,0.12490365654230118,True,tiles\Bengaluru\2026\Bengaluru_r04_c01.tif,19.0,2.4,"POLYGON ((77.547194 12.948972, 77.54743 12.972099, 77.523848 12.972329, 77.523615 12.949202, 77.547194 12.948972))"
Bengaluru_r04_c02,Bengaluru,2026,4,2,2026-01-01,2026-03-31,32643,776360.0,1432870.0,778920.0,1435430.0,77.55910183774724,12.960419813318424,1.0,14.1510009765625,0.292449951171875,0.2067689299583435,0.042843062430620193,-0.30011266469955444,0.11877378821372986,True,tiles\Bengaluru\2026\Bengaluru_r04_c02.tif,19.0,2.4,"POLYGON ((77.570773 12.948741, 77.571011 12.971867, 77.54743 12.972099, 77.547194 12.948972, 77.570773 12.948741))"
Bengaluru_r04_c03,Bengaluru,2026,4,3,2026-01-01,2026-03-31,32643,778920.0,1432870.0,781480.0,1435430.0,77.58268141817855,12.960186928627596,1.0,14.547821044921875,0.2726089358329773,0.2208355814218521,0.04578695446252823,-0.31926316022872925,0.11479578912258148,True,tiles\Bengaluru\2026\Bengaluru_r04_c03.tif,19.0,2.4,"POLYGON ((77.594351 12.948507, 77.594591 12.971633, 77.571011 12.971867, 77.570773 12.948741, 77.594351 12.948507))"
Bengaluru_r04_c04,Bengaluru,2026,4,4,2026-01-01,2026-03-31,32643,781480.0,1432870.0,784040.0,1435430.0,77.60626053622036,12.95995191358931,1.0,14.610931396484375,0.26945340633392334,0.2832968235015869,0.022123821079730988,-0.35842448472976685,0.10781937092542648,True,tiles\Bengaluru\2026\Bengaluru_r04_c04.tif,19.0,2.4,"POLYGON ((77.617929 12.948271, 77.618171 12.971396, 77.594591 12.971633, 77.594351 12.948507, 77.617929 12.948271))"
Bengaluru_r04_c05,Bengaluru,2026,4,5,2026-01-01,2026-03-31,32643,784040.0,1432870.0,786600.0,1435430.0,77.62983918766447,12.95971476839862,1.0,14.17510986328125,0.2912445068359375,0.3748377561569214,6.925035268068314e-05,-0.4288210868835449,0.0916791558265686,True,tiles\Bengaluru\2026\Bengaluru_r04_c05.tif,19.0,2.4,"POLYGON ((77.641506 12.948033, 77.64175 12.971158, 77.618171 12.971396, 77.617929 12.948271, 77.641506 12.948033))"
Bengaluru_r04_c06,Bengaluru,2026,4,6,2026-01-01,2026-03-31,32643,786600.0,1432870.0,789160.0,1435430.0,77.65341736830311,12.959475493252336,1.0,14.97784423828125,0.2511078119277954,0.2985769510269165,0.020123125985264778,-0.3678882122039795,0.11002230644226074,True,tiles\Bengaluru\2026\Bengaluru_r04_c06.tif,19.0,2.4,"POLYGON ((77.665083 12.947793, 77.665329 12.970917, 77.64175 12.971158, 77.641506 12.948033, 77.665083 12.947793))"
Bengaluru_r04_c07,Bengaluru,2026,4,7,2026-01-01,2026-03-31,32643,789160.0,1432870.0,791720.0,1435430.0,77.67699507392895,12.95923408834905,1.0,15.005584716796875,0.2497207522392273,0.28265076875686646,0.05419066548347473,-0.3906645178794861,0.11318805813789368,True,tiles\Bengaluru\2026\Bengaluru_r04_c07.tif,19.0,2.4,"POLYGON ((77.68866 12.947551, 77.688908 12.970675, 77.665329 12.970917, 77.665083 12.947793, 77.68866 12.947551))"
Bengaluru_r05_c00,Bengaluru,2026,5,0,2026-01-01,2026-03-31,32643,771240.0,1430310.0,773800.0,1432870.0,77.51170950949053,12.937752123249755,1.0,16.1602783203125,0.191986083984375,0.36324185132980347,0.00983628910034895,-0.4242917001247406,0.09278902411460876,True,tiles\Bengaluru\2026\Bengaluru_r05_c00.tif,19.0,2.4,"POLYGON ((77.523382 12.926075, 77.523615 12.949202, 77.500036 12.949429, 77.499805 12.926302, 77.523382 12.926075))"
Bengaluru_r05_c01,Bengaluru,2026,5,1,2026-01-01,2026-03-31,32643,773800.0,1430310.0,776360.0,1432870.0,77.53528783176951,12.93752392145991,1.0,17.02490234375,0.14875489473342896,0.2247433364391327,0.03766297921538353,-0.3166027069091797,0.1258111298084259,True,tiles\Bengaluru\2026\Bengaluru_r05_c01.tif,19.0,2.4,"POLYGON ((77.54696 12.925846, 77.547194 12.948972, 77.523615 12.949202, 77.523382 12.926075, 77.54696 12.925846))"
Bengaluru_r05_c02,Bengaluru,2026,5,2,2026-01-01,2026-03-31,32643,776360.0,1430310.0,778920.0,1432870.0,77.55886570027704,12.937293592866508,1.0,15.543975830078125,0.22280120849609375,0.20389103889465332,0.023041173815727234,-0.2808693051338196,0.12205806374549866,True,tiles\Bengaluru\2026\Bengaluru_r05_c02.tif,19.0,2.4,"POLYGON ((77.570536 12.925615, 77.570773 12.948741, 77.547194 12.948972, 77.54696 12.925846, 77.570536 12.925615))"
Bengaluru_r05_c03,Bengaluru,2026,5,3,2026-01-01,2026-03-31,32643,778920.0,1430310.0,781480.0,1432870.0,77.58244311080585,12.937061137660718,1.0,14.790496826171875,0.26047515869140625,0.2730541229248047,0.0024473806843161583,-0.3150245249271393,0.10721747577190399,True,tiles\Bengaluru\2026\Bengaluru_r05_c03.tif,19.0,2.4,"POLYGON ((77.594112 12.925381, 77.594351 12.948507, 77.570773 12.948741, 77.570536 12.925615, 77.594112 12.925381))"
Bengaluru_r05_c04,Bengaluru,2026,5,4,2026-01-01,2026-03-31,32643,781480.0,1430310.0,784040.0,1432870.0,77.60602005914915,12.936826556035472,1.0,14.2515869140625,0.2874206304550171,0.2813482880592346,0.01061064749956131,-0.34103718400001526,0.10962680727243423,True,tiles\Bengaluru\2026\Bengaluru_r05_c04.tif,19.0,2.4,"POLYGON ((77.617688 12.925146, 77.617929 12.948271, 77.594351 12.948507, 77.594112 12.925381, 77.617688 12.925146))"
Bengaluru_r05_c05,Bengaluru,2026,5,5,2026-01-01,2026-03-31,32643,784040.0,1430310.0,786600.0,1432870.0,77.62959654110057,12.936589848185431,1.0,13.883880615234375,0.3058059811592102,0.3138965368270874,0.003722547320649028,-0.3712298274040222,0.1049961969256401,True,tiles\Bengaluru\2026\Bengaluru_r05_c05.tif,19.0,2.4,"POLYGON ((77.641263 12.924908, 77.641506 12.948033, 77.617929 12.948271, 77.617688 12.925146, 77.641263 12.924908))"
Bengaluru_r05_c06,Bengaluru,2026,5,6,2026-01-01,2026-03-31,32643,786600.0,1430310.0,789160.0,1432870.0,77.65317255245414,12.936351014307032,1.0,15.0789794921875,0.24605101346969604,0.4204460084438324,-0.023691898211836815,-0.449424684047699,0.08509412407875061,True,tiles\Bengaluru\2026\Bengaluru_r05_c06.tif,19.0,2.4,"POLYGON ((77.664838 12.924669, 77.665083 12.947793, 77.641506 12.948033, 77.641263 12.924908, 77.664838 12.924669))"
Bengaluru_r05_c07,Bengaluru,2026,5,7,2026-01-01,2026-03-31,32643,789160.0,1430310.0,791720.0,1432870.0,77.67674808900442,12.936110054598466,1.0,15.26336669921875,0.2368316650390625,0.2677267789840698,0.02675323560833931,-0.3430326581001282,0.12279020994901657,True,tiles\Bengaluru\2026\Bengaluru_r05_c07.tif,19.0,2.4,"POLYGON ((77.688412 12.924427, 77.68866 12.947551, 77.665083 12.947793, 77.664838 12.924669, 77.688412 12.924427))"
Bengaluru_r06_c00,Bengaluru,2026,6,0,2026-01-01,2026-03-31,32643,771240.0,1427750.0,773800.0,1430310.0,77.51147816199368,12.914625010615127,1.0,15.55902099609375,0.22204893827438354,0.2949235439300537,0.014499533921480179,-0.36001670360565186,0.11364731937646866,True,tiles\Bengaluru\2026\Bengaluru_r06_c00.tif,19.0,2.4,"POLYGON ((77.52315 12.902948, 77.523382 12.926075, 77.499805 12.926302, 77.499575 12.903175, 77.52315 12.902948))"
Bengaluru_r06_c01,Bengaluru,2026,6,1,2026-01-01,2026-03-31,32643,773800.0,1427750.0,776360.0,1430310.0,77.53505431817545,12.914397230378624,1.0,16.39093017578125,0.18045347929000854,0.24698328971862793,0.037817515432834625,-0.3469047546386719,0.1216881275177002,True,tiles\Bengaluru\2026\Bengaluru_r06_c01.tif,19.0,2.4,"POLYGON ((77.546725 12.902719, 77.54696 12.925846, 77.523382 12.926075, 77.52315 12.902948, 77.546725 12.902719))"
Bengaluru_r06_c02,Bengaluru,2026,6,2,2026-01-01,2026-03-31,32643,776360.0,1427750.0,778920.0,1430310.0,77.55863002078564,12.914167327266624,1.0,17.307037353515625,0.1346481442451477,0.21271927654743195,0.01679043658077717,-0.279965877532959,0.12301447987556458,True,tiles\Bengaluru\2026\Bengaluru_r06_c02.tif,19.0,2.4,"POLYGON ((77.5703 12.902489, 77.570536 12.925615, 77.54696 12.925846, 77.546725 12.902719, 77.5703 12.902489))"
Bengaluru_r06_c03,Bengaluru,2026,6,3,2026-01-01,2026-03-31,32643,778920.0,1427750.0,781480.0,1430310.0,77.58220526561878,12.913935301469923,1.0,15.592559814453125,0.2203720211982727,0.25078457593917847,0.0120100611820817,-0.31292736530303955,0.1142837181687355,True,tiles\Bengaluru\2026\Bengaluru_r06_c03.tif,19.0,2.4,"POLYGON ((77.593873 12.902256, 77.594112 12.925381, 77.570536 12.925615, 77.5703 12.902489, 77.593873 12.902256))"
Bengaluru_r06_c04,Bengaluru,2026,6,4,2026-01-01,2026-03-31,32643,781480.0,1427750.0,784040.0,1430310.0,77.60578004846994,12.91370115318106,1.0,14.81024169921875,0.25948792695999146,0.2230217456817627,0.0014976225793361664,-0.2657312750816345,0.1173168271780014,True,tiles\Bengaluru\2026\Bengaluru_r06_c04.tif,19.0,2.4,"POLYGON ((77.617447 12.902021, 77.617688 12.925146, 77.594112 12.925381, 77.593873 12.902256, 77.617447 12.902021))"
Bengaluru_r06_c05,Bengaluru,2026,6,5,2026-01-01,2026-03-31,32643,784040.0,1427750.0,786600.0,1430310.0,77.62935436513457,12.913464882594331,1.0,14.46563720703125,0.2767181396484375,0.20466789603233337,0.024191731587052345,-0.264281302690506,0.11477629095315933,True,tiles\Bengaluru\2026\Bengaluru_r06_c05.tif,19.0,2.4,"POLYGON ((77.64102 12.901784, 77.641263 12.924908, 77.617688 12.925146, 77.617447 12.902021, 77.64102 12.901784))"
Bengaluru_r06_c06,Bengaluru,2026,6,6,2026-01-01,2026-03-31,32643,786600.0,1427750.0,789160.0,1430310.0,77.65292821140856,12.913226489905792,1.0,14.0362548828125,0.298187255859375,0.31211793422698975,0.05049172788858414,-0.4060223698616028,0.09136182069778442,True,tiles\Bengaluru\2026\Bengaluru_r06_c06.tif,19.0,2.4,"POLYGON ((77.664592 12.901544, 77.664838 12.924669, 77.641263 12.924908, 77.64102 12.901784, 77.664592 12.901544))"
Bengaluru_r06_c07,Bengaluru,2026,6,7,2026-01-01,2026-03-31,32643,789160.0,1427750.0,791720.0,1430310.0,77.67650158308831,12.912985975313225,1.0,14.542266845703125,0.27288663387298584,0.2538476586341858,6.871018558740616e-05,-0.2868843972682953,0.12019982188940048,True,tiles\Bengaluru\2026\Bengaluru_r06_c07.tif,19.0,2.4,"POLYGON ((77.688165 12.901303, 77.688412 12.924427, 77.664838 12.924669, 77.664592 12.901544, 77.688165 12.901303))"
Bengaluru_r07_c00,Bengaluru,2026,7,0,2026-01-01,2026-03-31,32643,771240.0,1425190.0,773800.0,1427750.0,77.51124726386267,12.891497853058668,1.0,14.243621826171875,0.28781890869140625,0.35464298725128174,0.06456001102924347,-0.47856155037879944,0.09310146421194077,True,tiles\Bengaluru\2026\Bengaluru_r07_c00.tif,19.0,2.4,"POLYGON ((77.522919 12.879821, 77.52315 12.902948, 77.499575 12.903175, 77.499345 12.880047, 77.522919 12.879821))"
Bengaluru_r07_c01,Bengaluru,2026,7,1,2026-01-01,2026-03-31,32643,773800.0,1425190.0,776360.0,1427750.0,77.53482125815316,12.89127049430109,1.0,15.53253173828125,0.2233734130859375,0.3283746838569641,0.02919941022992134,-0.41333290934562683,0.104320228099823,True,tiles\Bengaluru\2026\Bengaluru_r07_c01.tif,19.0,2.4,"POLYGON ((77.546491 12.879593, 77.546725 12.902719, 77.52315 12.902948, 77.522919 12.879821, 77.546491 12.879593))"
Bengaluru_r07_c02,Bengaluru,2026,7,2,2026-01-01,2026-03-31,32643,776360.0,1425190.0,778920.0,1427750.0,77.55839479907137,12.891041016595379,1.0,17.200897216796875,0.13995516300201416,0.249946728348732,0.02480064518749714,-0.3223710358142853,0.12362746894359589,True,tiles\Bengaluru\2026\Bengaluru_r07_c02.tif,19.0,2.4,"POLYGON ((77.570063 12.879363, 77.5703 12.902489, 77.546725 12.902719, 77.546491 12.879593, 77.570063 12.879363))"
Bengaluru_r07_c03,Bengaluru,2026,7,3,2026-01-01,2026-03-31,32643,778920.0,1425190.0,781480.0,1427750.0,77.58196788241384,12.89080942013196,1.0,15.041534423828125,0.24792325496673584,0.21628376841545105,0.019804788753390312,-0.284572035074234,0.12124505639076233,True,tiles\Bengaluru\2026\Bengaluru_r07_c03.tif,19.0,2.4,"POLYGON ((77.593635 12.87913, 77.593873 12.902256, 77.5703 12.902489, 77.570063 12.879363, 77.593635 12.87913))"
Bengaluru_r07_c04,Bengaluru,2026,7,4,2026-01-01,2026-03-31,32643,781480.0,1425190.0,784040.0,1427750.0,77.60554050397737,12.890575705102997,1.0,14.9927978515625,0.2503601312637329,0.2413589209318161,0.020271731540560722,-0.31370317935943604,0.1226755902171135,True,tiles\Bengaluru\2026\Bengaluru_r07_c04.tif,19.0,2.4,"POLYGON ((77.617207 12.878896, 77.617447 12.902021, 77.593873 12.902256, 77.593635 12.87913, 77.617207 12.878896))"
Bengaluru_r07_c05,Bengaluru,2026,7,5,2026-01-01,2026-03-31,32643,784040.0,1425190.0,786600.0,1427750.0,77.62911265955933,12.890339871702404,1.0,14.46759033203125,0.2766205072402954,0.16745902597904205,0.05786460265517235,-0.282869815826416,0.140888512134552,True,tiles\Bengaluru\2026\Bengaluru_r07_c05.tif,19.0,2.4,"POLYGON ((77.640777 12.878659, 77.64102 12.901784, 77.617447 12.902021, 77.617207 12.878896, 77.640777 12.878659))"
Bengaluru_r07_c06,Bengaluru,2026,7,6,2026-01-01,2026-03-31,32643,786600.0,1425190.0,789160.0,1427750.0,77.65268434495738,12.890101920125844,1.0,15.295135498046875,0.23524320125579834,0.21891549229621887,0.05017565190792084,-0.31956779956817627,0.12859493494033813,True,tiles\Bengaluru\2026\Bengaluru_r07_c06.tif,19.0,2.4,"POLYGON ((77.664348 12.87842, 77.664592 12.901544, 77.64102 12.901784, 77.640777 12.878659, 77.664348 12.87842))"
Bengaluru_r07_c07,Bengaluru,2026,7,7,2026-01-01,2026-03-31,32643,789160.0,1425190.0,791720.0,1427750.0,77.6762555559698,12.889861850570728,1.0,14.824066162109375,0.25879669189453125,0.2601374685764313,0.05302274599671364,-0.37829798460006714,0.12690988183021545,True,tiles\Bengaluru\2026\Bengaluru_r07_c07.tif,19.0,2.4,"POLYGON ((77.687918 12.878179, 77.688165 12.901303, 77.664592 12.901544, 77.664348 12.87842, 77.687918 12.878179))"
Delhi_r00_c00,Delhi,2020,0,0,2020-01-01,2020-03-31,32643,705740.0,3174880.0,708300.0,3177440.0,77.11903289934004,28.696139716889434,1.0,13.5250244140625,0.20441031455993652,0.2373618483543396,-0.03776363283395767,-0.23188795149326324,0.10311876982450485,True,tiles\Delhi\2020\Delhi_r00_c00.tif,17.0,8.350000000000001,"POLYGON ((77.131893 28.684388, 77.132362 28.70748, 77.10617 28.70789, 77.105707 28.684798, 77.131893 28.684388))"
Delhi_r00_c01,Delhi,2020,0,1,2020-01-01,2020-03-31,32643,708300.0,3174880.0,710860.0,3177440.0,77.1452217403209,28.695726924237366,1.0,13.79949951171875,0.18826472759246826,0.2452622950077057,-0.036990128457546234,-0.24063999950885773,0.09928078949451447,True,tiles\Delhi\2020\Delhi_r00_c01.tif,17.0,8.350000000000001,"POLYGON ((77.158079 28.683973, 77.158553 28.707064, 77.132362 28.70748, 77.131893 28.684388, 77.158079 28.683973))"
Delhi_r00_c02,Delhi,2020,0,2,2020-01-01,2020-03-31,32643,710860.0,3174880.0,713420.0,3177440.0,77.17141002774576,28.695309069184958,1.0,13.1551513671875,0.22616755962371826,0.24727179110050201,-0.02247295156121254,-0.2575496733188629,0.09423217177391052,True,tiles\Delhi\2020\Delhi_r00_c02.tif,17.0,8.350000000000001,"POLYGON ((77.184264 28.683553, 77.184744 28.706644, 77.158553 28.707064, 77.158079 28.683973, 77.184264 28.683553))"
Delhi_r00_c03,Delhi,2020,0,3,2020-01-01,2020-03-31,32643,713420.0,3174880.0,715980.0,3177440.0,77.19759775487707,28.6948861521278,1.0,13.30780029296875,0.21718823909759521,0.28407415747642517,-0.05154833197593689,-0.2550724148750305,0.09416333585977554,True,tiles\Delhi\2020\Delhi_r00_c03.tif,17.0,8.350000000000001,"POLYGON ((77.210449 28.683128, 77.210934 28.706218, 77.184744 28.706644, 77.184264 28.683553, 77.210449 28.683128))"
Delhi_r00_c04,Delhi,2020,0,4,2020-01-01,2020-03-31,32643,715980.0,3174880.0,718540.0,3177440.0,77.22378491497803,28.69445817346623,1.0,13.75054931640625,0.1911441683769226,0.36321359872817993,-0.09983184933662415,-0.2651407718658447,0.07846397906541824,True,tiles\Delhi\2020\Delhi_r00_c04.tif,17.0,8.350000000000001,"POLYGON ((77.236633 28.682698, 77.237124 28.705787, 77.210934 28.706218, 77.210449 28.683128, 77.236633 28.682698))"
Delhi_r00_c05,Delhi,2020,0,5,2020-01-01,2020-03-31,32643,718540.0,3174880.0,721100.0,3177440.0,77.24997150131291,28.69402513360538,1.0,14.3321533203125,0.15693217515945435,0.3339053988456726,-0.06723989546298981,-0.2799678444862366,0.08850003778934479,True,tiles\Delhi\2020\Delhi_r00_c05.tif,17.0,8.350000000000001,"POLYGON ((77.262816 28.682262, 77.263313 28.705352, 77.237124 28.705787, 77.236633 28.682698, 77.262816 28.682262))"
Delhi_r00_c06,Delhi,2020,0,6,2020-01-01,2020-03-31,32643,721100.0,3174880.0,723660.0,3177440.0,77.27615750714673,28.693587032955154,1.0,13.1927490234375,0.2239559292793274,0.12839117646217346,0.00029489491134881973,-0.17391221225261688,0.1086600199341774,True,tiles\Delhi\2020\Delhi_r00_c06.tif,17.0,8.350000000000001,"POLYGON ((77.288999 28.681822, 77.289502 28.704911, 77.263313 28.705352, 77.262816 28.682262, 77.288999 28.681822))"
Delhi_r00_c07,Delhi,2020,0,7,2020-01-01,2020-03-31,32643,723660.0,3174880.0,726220.0,3177440.0,77.30234292574546,28.69314387193023,1.0,13.92816162109375,0.18069636821746826,0.1808723360300064,-0.011948621831834316,-0.21044090390205383,0.10555390268564224,True,tiles\Delhi\2020\Delhi_r00_c07.tif,17.0,8.350000000000001,"POLYGON ((77.315181 28.681376, 77.31569 28.704465, 77.289502 28.704911, 77.288999 28.681822, 77.315181 28.681376))"
Delhi_r01_c00,Delhi,2020,1,0,2020-01-01,2020-03-31,32643,705740.0,3172320.0,708300.0,3174880.0,77.11856787986275,28.673048016999235,1.0,13.59490966796875,0.2002994418144226,0.26975977420806885,-0.04027523100376129,-0.26125043630599976,0.0949043333530426,True,tiles\Delhi\2020\Delhi_r01_c00.tif,17.0,8.350000000000001,"POLYGON ((77.131426 28.661297, 77.131893 28.684388, 77.105707 28.684798, 77.105245 28.661707, 77.131426 28.661297))"
Delhi_r01_c01,Delhi,2020,1,1,2020-01-01,2020-03-31,32643,708300.0,3172320.0,710860.0,3174880.0,77.14475098440738,28.672635617372674,1.0,13.3765869140625,0.21314191818237305,0.2184072583913803,-0.016489403322339058,-0.2363893836736679,0.10062231123447418,True,tiles\Delhi\2020\Delhi_r01_c01.tif,17.0,8.350000000000001,"POLYGON ((77.157606 28.660882, 77.158079 28.683973, 77.131893 28.684388, 77.131426 28.661297, 77.157606 28.660882))"
Delhi_r01_c02,Delhi,2020,1,2,2020-01-01,2020-03-31,32643,710860.0,3172320.0,713420.0,3174880.0,77.1709335359105,28.67221816016265,1.0,13.826904296875,0.18665266036987305,0.1929241269826889,-0.009264593943953514,-0.2247169464826584,0.10210339725017548,True,tiles\Delhi\2020\Delhi_r01_c02.tif,17.0,8.350000000000001,"POLYGON ((77.183785 28.660462, 77.184264 28.683553, 77.158079 28.683973, 77.157606 28.660882, 77.183785 28.660462))"
Delhi_r01_c03,Delhi,2020,1,3,2020-01-01,2020-03-31,32643,713420.0,3172320.0,715980.0,3174880.0,77.1971155276408,28.67179564576428,1.0,14.3486328125,0.1559627652168274,0.25392454862594604,-0.03505028039216995,-0.24936418235301971,0.09250378608703613,True,tiles\Delhi\2020\Delhi_r01_c03.tif,17.0,8.350000000000001,"POLYGON ((77.209964 28.660038, 77.210449 28.683128, 77.184264 28.683553, 77.183785 28.660462, 77.209964 28.660038))"
Delhi_r01_c04,Delhi,2020,1,4,2020-01-01,2020-03-31,32643,715980.0,3172320.0,718540.0,3174880.0,77.22329695286781,28.671368074577426,1.0,14.16925048828125,0.16651469469070435,0.3072952628135681,-0.07613237202167511,-0.24255895614624023,0.0839623361825943,True,tiles\Delhi\2020\Delhi_r01_c04.tif,17.0,8.350000000000001,"POLYGON ((77.236142 28.659608, 77.236633 28.682698, 77.210449 28.683128, 77.209964 28.660038, 77.236142 28.659608))"
Delhi_r01_c05,Delhi,2020,1,5,2020-01-01,2020-03-31,32643,718540.0,3172320.0,721100.0,3174880.0,77.24947780486191,28.670935447006695,1.0,13.60760498046875,0.19955265522003174,0.32289785146713257,-0.09682388603687286,-0.24525006115436554,0.08609553426504135,True,tiles\Delhi\2020\Delhi_r01_c05.tif,17.0,8.350000000000001,"POLYGON ((77.26232 28.659173, 77.262816 28.682262, 77.236633 28.682698, 77.236142 28.659608, 77.26232 28.659173))"
Delhi_r01_c06,Delhi,2020,1,6,2020-01-01,2020-03-31,32643,721100.0,3172320.0,723660.0,3174880.0,77.27565807689446,28.670497763461494,1.0,13.238525390625,0.22126322984695435,0.115213543176651,0.009840833954513073,-0.17214229702949524,0.10716747492551804,True,tiles\Delhi\2020\Delhi_r01_c06.tif,17.0,8.350000000000001,"POLYGON ((77.288497 28.658733, 77.288999 28.681822, 77.262816 28.682262, 77.26232 28.659173, 77.288497 28.658733))"
Delhi_r01_c07,Delhi,2020,1,7,2020-01-01,2020-03-31,32643,723660.0,3172320.0,726220.0,3174880.0,77.30183776223761,28.670055024355975,1.0,13.15216064453125,0.22634351253509521,0.18080109357833862,-0.01327202096581459,-0.20900499820709229,0.10510703176259995,True,tiles\Delhi\2020\Delhi_r01_c07.tif,17.0,8.350000000000001,"POLYGON ((77.314674 28.658288, 77.315181 28.681376, 77.288999 28.681822, 77.288497 28.658733, 77.314674 28.658288))"
Delhi_r02_c00,Delhi,2020,2,0,2020-01-01,2020-03-31,32643,705740.0,3169760.0,708300.0,3172320.0,77.1181034066949,28.64995623140436,1.0,12.6650390625,0.25499773025512695,0.21005454659461975,-0.024166900664567947,-0.226246178150177,0.10087241232395172,True,tiles\Delhi\2020\Delhi_r02_c00.tif,17.0,8.350000000000001,"POLYGON ((77.130959 28.638205, 77.131426 28.661297, 77.105245 28.661707, 77.104784 28.638615, 77.130959 28.638205))"
Delhi_r02_c01,Delhi,2020,2,1,2020-01-01,2020-03-31,32643,708300.0,3169760.0,710860.0,3172320.0,77.14428078153549,28.649544224635267,1.0,13.3521728515625,0.21457809209823608,0.24977044761180878,-0.03108883462846279,-0.256487101316452,0.10081971436738968,True,tiles\Delhi\2020\Delhi_r02_c01.tif,17.0,8.350000000000001,"POLYGON ((77.157133 28.637791, 77.157606 28.660882, 77.131426 28.661297, 77.130959 28.638205, 77.157133 28.637791))"
Delhi_r02_c02,Delhi,2020,2,2,2020-01-01,2020-03-31,32643,710860.0,3169760.0,713420.0,3172320.0,77.17045760384823,28.64912716509757,1.0,13.40875244140625,0.21124982833862305,0.2567092180252075,-0.034998275339603424,-0.2521626353263855,0.09732689708471298,True,tiles\Delhi\2020\Delhi_r02_c02.tif,17.0,8.350000000000001,"POLYGON ((77.183307 28.637372, 77.183785 28.660462, 77.157606 28.660882, 77.157133 28.637791, 77.183307 28.637372))"
Delhi_r02_c03,Delhi,2020,2,3,2020-01-01,2020-03-31,32643,713420.0,3169760.0,715980.0,3172320.0,77.19663386690804,28.648705053185886,1.0,12.5609130859375,0.26112276315689087,0.2601722478866577,-0.040588848292827606,-0.24351385235786438,0.09090811014175415,True,tiles\Delhi\2020\Delhi_r02_c03.tif,17.0,8.350000000000001,"POLYGON ((77.20948 28.636947, 77.209964 28.660038, 77.183785 28.660462, 77.183307 28.637372, 77.20948 28.636947))"
Delhi_r02_c04,Delhi,2020,2,4,2020-01-01,2020-03-31,32643,715980.0,3169760.0,718540.0,3172320.0,77.22280956399064,28.648277889299568,1.0,12.43341064453125,0.26862287521362305,0.15753284096717834,0.0032656099647283554,-0.20350143313407898,0.10360904783010483,True,tiles\Delhi\2020\Delhi_r02_c04.tif,17.0,8.350000000000001,"POLYGON ((77.235652 28.636518, 77.236142 28.659608, 77.209964 28.660038, 77.20948 28.636947, 77.235652 28.636518))"
Delhi_r02_c05,Delhi,2020,2,5,2020-01-01,2020-03-31,32643,718540.0,3169760.0,721100.0,3172320.0,77.24898468837269,28.64784567384273,1.0,13.04052734375,0.23291015625,0.38553810119628906,-0.08896386623382568,-0.3149411082267761,0.07869653403759003,True,tiles\Delhi\2020\Delhi_r02_c05.tif,17.0,8.350000000000001,"POLYGON ((77.261824 28.636083, 77.26232 28.659173, 77.236142 28.659608, 77.235652 28.636518, 77.261824 28.636083))"
Delhi_r02_c06,Delhi,2020,2,6,2020-01-01,2020-03-31,32643,721100.0,3169760.0,723660.0,3172320.0,77.27515923333172,28.64740840722429,1.0,13.09075927734375,0.22995531558990479,0.1620686650276184,-0.030476396903395653,-0.17158493399620056,0.09983758628368378,True,tiles\Delhi\2020\Delhi_r02_c06.tif,17.0,8.350000000000001,"POLYGON ((77.287996 28.635643, 77.288497 28.658733, 77.26232 28.659173, 77.261824 28.636083, 77.287996 28.635643))"
Delhi_r02_c07,Delhi,2020,2,7,2020-01-01,2020-03-31,32643,723660.0,3169760.0,726220.0,3172320.0,77.30133319214619,28.646966089857877,1.0,13.2891845703125,0.21828323602676392,0.2217358648777008,-0.024703940376639366,-0.23205484449863434,0.1017928421497345,True,tiles\Delhi\2020\Delhi_r02_c07.tif,17.0,8.350000000000001,"POLYGON ((77.314166 28.635199, 77.314674 28.658288, 77.288497 28.658733, 77.287996 28.635643, 77.314166 28.635199))"
Delhi_r03_c00,Delhi,2020,3,0,2020-01-01,2020-03-31,32643,705740.0,3167200.0,708300.0,3169760.0,77.11763947932911,28.62686436015474,1.0,12.72711181640625,0.2513463497161865,0.2704918682575226,-0.02828500047326088,-0.2784348726272583,0.09366357326507568,True,tiles\Delhi\2020\Delhi_r03_c00.tif,17.0,8.350000000000001,"POLYGON ((77.130492 28.615114, 77.130959 28.638205, 77.104784 28.638615, 77.104323 28.615522, 77.130492 28.615114))"
Delhi_r03_c01,Delhi,2020,3,1,2020-01-01,2020-03-31,32643,708300.0,3167200.0,710860.0,3169760.0,77.14381113119161,28.626452746075344,1.0,12.31402587890625,0.27564555406570435,0.3216269612312317,-0.028573209419846535,-0.32286304235458374,0.08932001143693924,True,tiles\Delhi\2020\Delhi_r03_c01.tif,17.0,8.350000000000001,"POLYGON ((77.156661 28.6147, 77.157133 28.637791, 77.130959 28.638205, 77.130492 28.615114, 77.156661 28.6147))"
Delhi_r03_c02,Delhi,2020,3,2,2020-01-01,2020-03-31,32643,710860.0,3167200.0,713420.0,3169760.0,77.16998223103911,28.626036084040148,1.0,12.2420654296875,0.27987849712371826,0.42926985025405884,-0.018196951597929,-0.4068932831287384,0.06625445187091827,True,tiles\Delhi\2020\Delhi_r03_c02.tif,17.0,8.350000000000001,"POLYGON ((77.182829 28.614281, 77.183307 28.637372, 77.157133 28.637791, 77.156661 28.6147, 77.182829 28.614281))"
Delhi_r03_c03,Delhi,2020,3,3,2020-01-01,2020-03-31,32643,713420.0,3167200.0,715980.0,3169760.0,77.19615277215264,28.62561437444326,1.0,12.47637939453125,0.2660953402519226,0.4254284203052521,-0.062325943261384964,-0.3591321110725403,0.06947430223226547,True,tiles\Delhi\2020\Delhi_r03_c03.tif,17.0,8.350000000000001,"POLYGON ((77.208996 28.613857, 77.20948 28.636947, 77.183307 28.637372, 77.182829 28.614281, 77.208996 28.613857))"
Delhi_r03_c04,Delhi,2020,3,4,2020-01-01,2020-03-31,32643,715980.0,3167200.0,718540.0,3169760.0,77.22232274781419,28.62518761768356,1.0,12.69769287109375,0.2530769109725952,0.3651207387447357,-0.10281286388635635,-0.27232855558395386,0.08207271248102188,True,tiles\Delhi\2020\Delhi_r03_c04.tif,17.0,8.350000000000001,"POLYGON ((77.235163 28.613428, 77.235652 28.636518, 77.20948 28.636947, 77.208996 28.613857, 77.235163 28.613428))"
Delhi_r03_c05,Delhi,2020,3,5,2020-01-01,2020-03-31,32643,718540.0,3167200.0,721100.0,3169760.0,77.24849215130665,28.624755814164665,1.0,13.0072021484375,0.23487043380737305,0.3067810535430908,-0.10223633795976639,-0.22278551757335663,0.08102689683437347,True,tiles\Delhi\2020\Delhi_r03_c05.tif,17.0,8.350000000000001,"POLYGON ((77.261329 28.612993, 77.261824 28.636083, 77.235652 28.636518, 77.235163 28.613428, 77.261329 28.612993))"
Delhi_r03_c06,Delhi,2020,3,6,2020-01-01,2020-03-31,32643,721100.0,3167200.0,723660.0,3169760.0,77.27466097591376,28.624318964294968,1.0,12.49346923828125,0.26509004831314087,0.3081594407558441,-0.06615947932004929,-0.27223432064056396,0.09260375052690506,True,tiles\Delhi\2020\Delhi_r03_c06.tif,17.0,8.350000000000001,"POLYGON ((77.287495 28.612554, 77.287996 28.635643, 77.261824 28.636083, 77.261329 28.612993, 77.287495 28.612554))"
Delhi_r03_c07,Delhi,2020,3,7,2020-01-01,2020-03-31,32643,723660.0,3167200.0,726220.0,3169760.0,77.30082921492016,28.62387706848759,1.0,13.33087158203125,0.21583110094070435,0.22137857973575592,-0.029713377356529236,-0.2274916023015976,0.09637653827667236,True,tiles\Delhi\2020\Delhi_r03_c07.tif,17.0,8.350000000000001,"POLYGON ((77.31366 28.61211, 77.314166 28.635199, 77.287996 28.635643, 77.287495 28.612554, 77.31366 28.61211))"
Delhi_r04_c00,Delhi,2020,4,0,2020-01-01,2020-03-31,32643,705740.0,3164640.0,708300.0,3167200.0,77.11717609725879,28.60377240330038,1.0,12.36883544921875,0.2724214196205139,0.3319976329803467,-0.024195492267608643,-0.33943986892700195,0.08521103858947754,True,tiles\Delhi\2020\Delhi_r04_c00.tif,17.0,8.350000000000001,"POLYGON ((77.130026 28.592022, 77.130492 28.615114, 77.104323 28.615522, 77.103863 28.59243, 77.130026 28.592022))"
Delhi_r04_c01,Delhi,2020,4,1,2020-01-01,2020-03-31,32643,708300.0,3164640.0,710860.0,3167200.0,77.143342032863,28.60336118174313,1.0,12.00933837890625,0.29356831312179565,0.4597380459308624,-0.06757378578186035,-0.39566710591316223,0.06351716816425323,True,tiles\Delhi\2020\Delhi_r04_c01.tif,17.0,8.350000000000001,"POLYGON ((77.156189 28.591608, 77.156661 28.6147, 77.130492 28.615114, 77.130026 28.592022, 77.156189 28.591608))"
Delhi_r04_c02,Delhi,2020,4,2,2020-01-01,2020-03-31,32643,710860.0,3164640.0,713420.0,3167200.0,77.1695074169641,28.60294491704085,1.0,12.1778564453125,0.2836555242538452,0.4940272569656372,-0.061867304146289825,-0.41386300325393677,0.05896405503153801,True,tiles\Delhi\2020\Delhi_r04_c02.tif,17.0,8.350000000000001,"POLYGON ((77.182351 28.59119, 77.182829 28.614281, 77.156661 28.6147, 77.156189 28.591608, 77.182351 28.59119))"
Delhi_r04_c03,Delhi,2020,4,3,2020-01-01,2020-03-31,32643,713420.0,3164640.0,715980.0,3167200.0,77.19567224284938,28.602523609587127,1.0,12.41156005859375,0.26990824937820435,0.450519323348999,-0.10248560458421707,-0.34256964921951294,0.07483130693435669,True,tiles\Delhi\2020\Delhi_r04_c03.tif,17.0,8.350000000000001,"POLYGON ((77.208513 28.590766, 77.208996 28.613857, 77.182829 28.614281, 77.182351 28.59119, 77.208513 28.590766))"
Delhi_r04_c04,Delhi,2020,4,4,2020-01-01,2020-03-31,32643,715980.0,3164640.0,718540.0,3167200.0,77.22183650380704,28.602097259780365,1.0,12.29571533203125,0.27672260999679565,0.46363019943237305,-0.13289950788021088,-0.3297290802001953,0.07171400636434555,True,tiles\Delhi\2020\Delhi_r04_c04.tif,17.0,8.350000000000001,"POLYGON ((77.234674 28.590337, 77.235163 28.613428, 77.208996 28.613857, 77.208513 28.590766, 77.234674 28.590337))"
Delhi_r04_c05,Delhi,2020,4,5,2020-01-01,2020-03-31,32643,718540.0,3164640.0,721100.0,3167200.0,77.24800019312616,28.60166586802368,1.0,12.5604248046875,0.2611514925956726,0.405282199382782,-0.11497511714696884,-0.3015149235725403,0.07523910701274872,True,tiles\Delhi\2020\Delhi_r04_c05.tif,17.0,8.350000000000001,"POLYGON ((77.260835 28.589904, 77.261329 28.612993, 77.235163 28.613428, 77.234674 28.590337, 77.260835 28.589904))"
Delhi_r04_c06,Delhi,2020,4,6,2020-01-01,2020-03-31,32643,721100.0,3164640.0,723660.0,3167200.0,77.2741633040967,28.601229434724956,1.0,12.757568359375,0.2495548129081726,0.3717818558216095,-0.14191558957099915,-0.24219200015068054,0.08373583853244781,True,tiles\Delhi\2020\Delhi_r04_c06.tif,17.0,8.350000000000001,"POLYGON ((77.286995 28.589465, 77.287495 28.612554, 77.261329 28.612993, 77.260835 28.589904, 77.286995 28.589465))"
Delhi_r04_c07,Delhi,2020,4,7,2020-01-01,2020-03-31,32643,723660.0,3164640.0,726220.0,3167200.0,77.30032583000947,28.600787960296813,1.0,13.18701171875,0.22429341077804565,0.2522267997264862,-0.04351882264018059,-0.24141721427440643,0.09565514326095581,True,tiles\Delhi\2020\Delhi_r04_c07.tif,17.0,8.350000000000001,"POLYGON ((77.313154 28.589021, 77.31366 28.61211, 77.287495 28.612554, 77.286995 28.589465, 77.313154 28.589021))"
Delhi_r05_c00,Delhi,2020,5,0,2020-01-01,2020-03-31,32643,705740.0,3162080.0,708300.0,3164640.0,77.11671325997823,28.580680360891296,1.0,11.97991943359375,0.29529887437820435,0.3663847744464874,-0.015707846730947495,-0.3858565390110016,0.08711099624633789,True,tiles\Delhi\2020\Delhi_r05_c00.tif,17.0,8.350000000000001,"POLYGON ((77.129561 28.56893, 77.130026 28.592022, 77.103863 28.59243, 77.103403 28.569338, 77.129561 28.56893))"
Delhi_r05_c01,Delhi,2020,5,1,2020-01-01,2020-03-31,32643,708300.0,3162080.0,710860.0,3164640.0,77.14287348603766,28.58026953168889,1.0,11.79144287109375,0.30638569593429565,0.39537760615348816,-0.055873773992061615,-0.36314845085144043,0.07804346084594727,True,tiles\Delhi\2020\Delhi_r05_c01.tif,17.0,8.350000000000001,"POLYGON ((77.155718 28.568517, 77.156189 28.591608, 77.130026 28.592022, 77.129561 28.56893, 77.155718 28.568517))"
Delhi_r05_c02,Delhi,2020,5,2,2020-01-01,2020-03-31,32643,710860.0,3162080.0,713420.0,3164640.0,77.16903316110508,28.579853664150157,1.0,11.358642578125,0.3318445682525635,0.3946665823459625,-0.08785863220691681,-0.31989699602127075,0.07690078020095825,True,tiles\Delhi\2020\Delhi_r05_c02.tif,17.0,8.350000000000001,"POLYGON ((77.181874 28.568099, 77.182351 28.59119, 77.156189 28.591608, 77.155718 28.568517, 77.181874 28.568099))"
Delhi_r05_c03,Delhi,2020,5,3,2020-01-01,2020-03-31,32643,713420.0,3162080.0,715980.0,3164640.0,77.1951922784739,28.579432758668208,1.0,12.71063232421875,0.2523157596588135,0.40390491485595703,-0.086086705327034,-0.3312205672264099,0.07787215709686279,True,tiles\Delhi\2020\Delhi_r05_c03.tif,17.0,8.350000000000001,"POLYGON ((77.20803 28.567675, 77.208513 28.590766, 77.182351 28.59119, 77.181874 28.568099, 77.20803 28.567675))"
Delhi_r05_c04,Delhi,2020,5,4,2020-01-01,2020-03-31,32643,715980.0,3162080.0,718540.0,3164640.0,77.22135083143861,28.57900681564096,1.0,13.34967041015625,0.21472525596618652,0.30100828409194946,-0.06097588688135147,-0.26685601472854614,0.08923744410276413,True,tiles\Delhi\2020\Delhi_r05_c04.tif,17.0,8.350000000000001,"POLYGON ((77.234186 28.567247, 77.234674 28.590337, 77.208513 28.590766, 77.20803 28.567675, 77.234186 28.567247))"
Delhi_r05_c05,Delhi,2020,5,5,2020-01-01,2020-03-31,32643,718540.0,3162080.0,721100.0,3164640.0,77.24750881329446,28.578575835471014,1.0,13.1993408203125,0.22356820106506348,0.29155540466308594,-0.059087853878736496,-0.25891342759132385,0.0893065556883812,True,tiles\Delhi\2020\Delhi_r05_c05.tif,17.0,8.350000000000001,"POLYGON ((77.260341 28.566814, 77.260835 28.589904, 77.234674 28.590337, 77.234186 28.567247, 77.260341 28.566814))"
Delhi_r05_c06,Delhi,2020,5,6,2020-01-01,2020-03-31,32643,721100.0,3162080.0,723660.0,3164640.0,77.2736662173375,28.57813981856575,1.0,13.0184326171875,0.2342098355293274,0.29868608713150024,-0.0651075690984726,-0.25979509949684143,0.0860922709107399,True,tiles\Delhi\2020\Delhi_r05_c06.tif,17.0,8.350000000000001,"POLYGON ((77.286495 28.566375, 77.286995 28.589465, 77.260835 28.589904, 77.260341 28.566814, 77.286495 28.566375))"
Delhi_r05_c07,Delhi,2020,5,7,2020-01-01,2020-03-31,32643,723660.0,3162080.0,726220.0,3164640.0,77.29982303686496,28.577698765337292,1.0,12.98773193359375,0.23601579666137695,0.2981252074241638,-0.09772208333015442,-0.21628452837467194,0.07819613814353943,True,tiles\Delhi\2020\Delhi_r05_c07.tif,17.0,8.350000000000001,"POLYGON ((77.312649 28.565932, 77.313154 28.589021, 77.286995 28.589465, 77.286495 28.566375, 77.312649 28.565932))"
Delhi_r06_c00,Delhi,2020,6,0,2020-01-01,2020-03-31,32643,705740.0,3159520.0,708300.0,3162080.0,77.11625096698258,28.557588232977555,1.0,12.29315185546875,0.2768734097480774,0.22908861935138702,0.0467085987329483,-0.3373504877090454,0.11748889088630676,True,tiles\Delhi\2020\Delhi_r06_c00.tif,17.0,8.350000000000001,"POLYGON ((77.129096 28.545838, 77.129561 28.56893, 77.103403 28.569338, 77.102944 28.546246, 77.129096 28.545838))"
Delhi_r06_c01,Delhi,2020,6,1,2020-01-01,2020-03-31,32643,708300.0,3159520.0,710860.0,3162080.0,77.1424054902046,28.557177795962918,1.0,12.083984375,0.28917741775512695,0.38720446825027466,0.002259007655084133,-0.41376376152038574,0.0769461840391159,True,tiles\Delhi\2020\Delhi_r06_c01.tif,17.0,8.350000000000001,"POLYGON ((77.155247 28.545425, 77.155718 28.568517, 77.129561 28.56893, 77.129096 28.545838, 77.155247 28.545425))"
Delhi_r06_c02,Delhi,2020,6,2,2020-01-01,2020-03-31,32643,710860.0,3159520.0,713420.0,3162080.0,77.16855946294476,28.556762325418614,1.0,11.63446044921875,0.31561994552612305,0.3923853635787964,-0.07930320501327515,-0.3263823688030243,0.07736989855766296,True,tiles\Delhi\2020\Delhi_r06_c02.tif,17.0,8.350000000000001,"POLYGON ((77.181398 28.545007, 77.181874 28.568099, 77.155718 28.568517, 77.155247 28.545425, 77.181398 28.545007))"
Delhi_r06_c03,Delhi,2020,6,3,2020-01-01,2020-03-31,32643,713420.0,3159520.0,715980.0,3162080.0,77.19471287850277,28.5563418217373,1.0,12.1893310546875,0.2829805016517639,0.3903823494911194,-0.09901267290115356,-0.2958250939846039,0.07763206958770752,True,tiles\Delhi\2020\Delhi_r06_c03.tif,17.0,8.350000000000001,"POLYGON ((77.207548 28.544585, 77.20803 28.567675, 77.181874 28.568099, 77.181398 28.545007, 77.207548 28.544585))"
Delhi_r06_c04,Delhi,2020,6,4,2020-01-01,2020-03-31,32643,715980.0,3159520.0,718540.0,3162080.0,77.22086573017926,28.555916285316364,1.0,12.95953369140625,0.23767447471618652,0.39075031876564026,-0.09882747381925583,-0.307050883769989,0.07833553850650787,True,tiles\Delhi\2020\Delhi_r06_c04.tif,17.0,8.350000000000001,"POLYGON ((77.233698 28.544157, 77.234186 28.567247, 77.20803 28.567675, 77.207548 28.544585, 77.233698 28.544157))"
Delhi_r06_c05,Delhi,2020,6,5,2020-01-01,2020-03-31,32643,718540.0,3159520.0,721100.0,3162080.0,77.24701801127564,28.555485716557936,1.0,13.5389404296875,0.20359176397323608,0.3004433810710907,-0.06408838927745819,-0.26544544100761414,0.08886373788118362,True,tiles\Delhi\2020\Delhi_r06_c05.tif,17.0,8.350000000000001,"POLYGON ((77.259847 28.543724, 77.260341 28.566814, 77.234186 28.567247, 77.233698 28.544157, 77.259847 28.543724))"
Delhi_r06_c06,Delhi,2020,6,6,2020-01-01,2020-03-31,32643,721100.0,3159520.0,723660.0,3162080.0,77.27316971509423,28.55505011586887,1.0,13.79052734375,0.18879252672195435,0.34887242317199707,-0.06307081133127213,-0.3092997074127197,0.08336082845926285,True,tiles\Delhi\2020\Delhi_r06_c06.tif,17.0,8.350000000000001,"POLYGON ((77.285996 28.543286, 77.286495 28.566375, 77.260341 28.566814, 77.259847 28.543724, 77.285996 28.543286))"
Delhi_r06_c07,Delhi,2020,6,7,2020-01-01,2020-03-31,32643,723660.0,3159520.0,726220.0,3162080.0,77.29932083493833,28.554609483660794,1.0,13.274658203125,0.21913772821426392,0.16104155778884888,-0.11923347413539886,-0.053328849375247955,0.07964101433753967,True,tiles\Delhi\2020\Delhi_r06_c07.tif,17.0,8.350000000000001,"POLYGON ((77.312144 28.542843, 77.312649 28.565932, 77.286495 28.566375, 77.285996 28.543286, 77.312144 28.542843))"
Delhi_r07_c00,Delhi,2020,7,0,2020-01-01,2020-03-31,32643,705740.0,3156960.0,708300.0,3159520.0,77.11578921776777,28.534496019609257,1.0,12.19830322265625,0.2824527621269226,0.31093597412109375,-0.007720867171883583,-0.35124000906944275,0.09961865842342377,True,tiles\Delhi\2020\Delhi_r07_c00.tif,17.0,8.350000000000001,"POLYGON ((77.128632 28.522746, 77.129096 28.545838, 77.102944 28.546246, 77.102485 28.523153, 77.128632 28.522746))"
Delhi_r07_c01,Delhi,2020,7,1,2020-01-01,2020-03-31,32643,708300.0,3156960.0,710860.0,3159520.0,77.1419380448535,28.534085974615557,1.0,11.40789794921875,0.32894718647003174,0.35387125611305237,-0.023672785609960556,-0.358452171087265,0.08279570192098618,True,tiles\Delhi\2020\Delhi_r07_c01.tif,17.0,8.350000000000001,"POLYGON ((77.154777 28.522333, 77.155247 28.545425, 77.129096 28.545838, 77.128632 28.522746, 77.154777 28.522333))"
Delhi_r07_c02,Delhi,2020,7,2,2020-01-01,2020-03-31,32643,710860.0,3156960.0,713420.0,3159520.0,77.16808632196674,28.533670900896816,1.0,11.278564453125,0.33655500411987305,0.4866040050983429,-0.06182710453867912,-0.41292327642440796,0.060616299510002136,True,tiles\Delhi\2020\Delhi_r07_c02.tif,17.0,8.350000000000001,"POLYGON ((77.180922 28.521916, 77.181398 28.545007, 77.155247 28.545425, 77.154777 28.522333, 77.180922 28.521916))"
Delhi_r07_c03,Delhi,2020,7,3,2020-01-01,2020-03-31,32643,713420.0,3156960.0,715980.0,3159520.0,77.19423404241337,28.533250798845206,1.0,11.447998046875,0.32658833265304565,0.453966349363327,-0.09925222396850586,-0.3553813397884369,0.07039638608694077,True,tiles\Delhi\2020\Delhi_r07_c03.tif,17.0,8.350000000000001,"POLYGON ((77.207067 28.521494, 77.207548 28.544585, 77.181398 28.545007, 77.180922 28.521916, 77.207067 28.521494))"
Delhi_r07_c04,Delhi,2020,7,4,2020-01-01,2020-03-31,32643,715980.0,3156960.0,718540.0,3159520.0,77.22038119950018,28.532825668857644,1.0,12.1468505859375,0.2854793667793274,0.31580787897109985,-0.05967589095234871,-0.2824174165725708,0.0867067277431488,True,tiles\Delhi\2020\Delhi_r07_c04.tif,17.0,8.350000000000001,"POLYGON ((77.233211 28.521066, 77.233698 28.544157, 77.207548 28.544585, 77.207067 28.521494, 77.233211 28.521066))"
Delhi_r07_c05,Delhi,2020,7,5,2020-01-01,2020-03-31,32643,718540.0,3156960.0,721100.0,3159520.0,77.24652778653476,28.532395511335743,1.0,12.689208984375,0.2535759210586548,0.33373475074768066,-0.06564594805240631,-0.2870795428752899,0.08289221674203873,True,tiles\Delhi\2020\Delhi_r07_c05.tif,17.0,8.350000000000001,"POLYGON ((77.259355 28.520634, 77.259847 28.543724, 77.233698 28.544157, 77.233211 28.521066, 77.259355 28.520634))"
Delhi_r07_c06,Delhi,2020,7,6,2020-01-01,2020-03-31,32643,721100.0,3156960.0,723660.0,3159520.0,77.27267379682567,28.531960326685873,1.0,13.81298828125,0.18747127056121826,0.24420124292373657,-0.006537015549838543,-0.2765253484249115,0.09683749079704285,True,tiles\Delhi\2020\Delhi_r07_c06.tif,17.0,8.350000000000001,"POLYGON ((77.285497 28.520196, 77.285996 28.543286, 77.259847 28.543724, 77.259355 28.520634, 77.285497 28.520196))"
Delhi_r07_c07,Delhi,2020,7,7,2020-01-01,2020-03-31,32643,723660.0,3156960.0,726220.0,3159520.0,77.29881922368227,28.53152011531914,1.0,13.24896240234375,0.22064924240112305,0.2642996907234192,-0.018412727862596512,-0.28595083951950073,0.09867799282073975,True,tiles\Delhi\2020\Delhi_r07_c07.tif,17.0,8.350000000000001,"POLYGON ((77.31164 28.519754, 77.312144 28.542843, 77.285996 28.543286, 77.285497 28.520196, 77.31164 28.519754))"
Delhi_r00_c00,Delhi,2021,0,0,2021-01-01,2021-03-31,32643,705740.0,3174880.0,708300.0,3177440.0,77.11903289934004,28.696139716889434,1.0,15.6505126953125,0.1305270791053772,0.18937692046165466,-0.02555043250322342,-0.20575928688049316,0.11512073874473572,True,tiles\Delhi\2021\Delhi_r00_c00.tif,18.0,1.745,"POLYGON ((77.131893 28.684388, 77.132362 28.70748, 77.10617 28.70789, 77.105707 28.684798, 77.131893 28.684388))"
Delhi_r00_c01,Delhi,2021,0,1,2021-01-01,2021-03-31,32643,708300.0,3174880.0,710860.0,3177440.0,77.1452217403209,28.695726924237366,1.0,14.58184814453125,0.16786599159240723,0.20361614227294922,-0.03016127645969391,-0.2131824791431427,0.10937865078449249,True,tiles\Delhi\2021\Delhi_r00_c01.tif,18.0,1.745,"POLYGON ((77.158079 28.683973, 77.158553 28.707064, 77.132362 28.70748, 77.131893 28.684388, 77.158079 28.683973))"
Delhi_r00_c02,Delhi,2021,0,2,2021-01-01,2021-03-31,32643,710860.0,3174880.0,713420.0,3177440.0,77.17141002774576,28.695309069184958,1.0,13.9605712890625,0.1787899136543274,0.20762327313423157,-0.021780988201498985,-0.2237769514322281,0.10628680884838104,True,tiles\Delhi\2021\Delhi_r00_c02.tif,18.0,1.745,"POLYGON ((77.184264 28.683553, 77.184744 28.706644, 77.158553 28.707064, 77.158079 28.683973, 77.184264 28.683553))"
Delhi_r00_c03,Delhi,2021,0,3,2021-01-01,2021-03-31,32643,713420.0,3174880.0,715980.0,3177440.0,77.19759775487707,28.6948861521278,1.0,14.76007080078125,0.13176053762435913,0.23523736000061035,-0.0430268868803978,-0.21589870750904083,0.1069413498044014,True,tiles\Delhi\2021\Delhi_r00_c03.tif,18.0,1.745,"POLYGON ((77.210449 28.683128, 77.210934 28.706218, 77.184744 28.706644, 77.184264 28.683553, 77.210449 28.683128))"
Delhi_r00_c04,Delhi,2021,0,4,2021-01-01,2021-03-31,32643,715980.0,3174880.0,718540.0,3177440.0,77.22378491497803,28.69445817346623,1.0,14.934326171875,0.12151020765304565,0.29421573877334595,-0.07943598926067352,-0.2237025499343872,0.0950397253036499,True,tiles\Delhi\2021\Delhi_r00_c04.tif,18.0,1.745,"POLYGON ((77.236633 28.682698, 77.237124 28.705787, 77.210934 28.706218, 77.210449 28.683128, 77.236633 28.682698))"
Delhi_r00_c05,Delhi,2021,0,5,2021-01-01,2021-03-31,32643,718540.0,3174880.0,721100.0,3177440.0,77.24997150131291,28.69402513360538,1.0,14.60919189453125,0.14063578844070435,0.2526134252548218,-0.025119861587882042,-0.25249332189559937,0.10924241691827774,True,tiles\Delhi\2021\Delhi_r00_c05.tif,18.0,1.745,"POLYGON ((77.262816 28.682262, 77.263313 28.705352, 77.237124 28.705787, 77.236633 28.682698, 77.262816 28.682262))"
Delhi_r00_c06,Delhi,2021,0,6,2021-01-01,2021-03-31,32643,721100.0,3174880.0,723660.0,3177440.0,77.27615750714673,28.693587032955154,1.0,14.9873046875,0.11839383840560913,0.10300512611865997,-0.007783178240060806,-0.13642597198486328,0.1245218887925148,True,tiles\Delhi\2021\Delhi_r00_c06.tif,18.0,1.745,"POLYGON ((77.288999 28.681822, 77.289502 28.704911, 77.263313 28.705352, 77.262816 28.682262, 77.288999 28.681822))"
Delhi_r00_c07,Delhi,2021,0,7,2021-01-01,2021-03-31,32643,723660.0,3174880.0,726220.0,3177440.0,77.30234292574546,28.69314387193023,1.0,15.2843017578125,0.10092341899871826,0.1503693163394928,-0.015552986413240433,-0.1735038459300995,0.11862042546272278,True,tiles\Delhi\2021\Delhi_r00_c07.tif,18.0,1.745,"POLYGON ((77.315181 28.681376, 77.31569 28.704465, 77.289502 28.704911, 77.288999 28.681822, 77.315181 28.681376))"
Delhi_r01_c00,Delhi,2021,1,0,2021-01-01,2021-03-31,32643,705740.0,3172320.0,708300.0,3174880.0,77.11856787986275,28.673048016999235,1.0,14.73284912109375,0.1815083622932434,0.21583858132362366,-0.030113674700260162,-0.2263157069683075,0.10816958546638489,True,tiles\Delhi\2021\Delhi_r01_c00.tif,18.0,1.745,"POLYGON ((77.131426 28.661297, 77.131893 28.684388, 77.105707 28.684798, 77.105245 28.661707, 77.131426 28.661297))"
Delhi_r01_c01,Delhi,2021,1,1,2021-01-01,2021-03-31,32643,708300.0,3172320.0,710860.0,3174880.0,77.14475098440738,28.672635617372674,1.0,14.5172119140625,0.1715545654296875,0.18006393313407898,-0.011571135371923447,-0.20974363386631012,0.11234070360660553,True,tiles\Delhi\2021\Delhi_r01_c01.tif,18.0,1.745,"POLYGON ((77.157606 28.660882, 77.158079 28.683973, 77.131893 28.684388, 77.131426 28.661297, 77.157606 28.660882))"
Delhi_r01_c02,Delhi,2021,1,2,2021-01-01,2021-03-31,32643,710860.0,3172320.0,713420.0,3174880.0,77.1709335359105,28.67221816016265,1.0,14.9130859375,0.12275964021682739,0.16081473231315613,-0.004376151133328676,-0.19818052649497986,0.11558370292186737,True,tiles\Delhi\2021\Delhi_r01_c02.tif,18.0,1.745,"POLYGON ((77.183785 28.660462, 77.184264 28.683553, 77.158079 28.683973, 77.157606 28.660882, 77.183785 28.660462))"
Delhi_r01_c03,Delhi,2021,1,3,2021-01-01,2021-03-31,32643,713420.0,3172320.0,715980.0,3174880.0,77.1971155276408,28.67179564576428,1.0,14.862548828125,0.125732421875,0.21086952090263367,-0.03049292415380478,-0.20873534679412842,0.10700574517250061,True,tiles\Delhi\2021\Delhi_r01_c03.tif,18.0,1.745,"POLYGON ((77.209964 28.660038, 77.210449 28.683128, 77.184264 28.683553, 77.183785 28.660462, 77.209964 28.660038))"
Delhi_r01_c04,Delhi,2021,1,4,2021-01-01,2021-03-31,32643,715980.0,3172320.0,718540.0,3174880.0,77.22329695286781,28.671368074577426,1.0,14.31085205078125,0.1581851840019226,0.25157269835472107,-0.057667408138513565,-0.20820578932762146,0.09821370989084244,True,tiles\Delhi\2021\Delhi_r01_c04.tif,18.0,1.745,"POLYGON ((77.236142 28.659608, 77.236633 28.682698, 77.210449 28.683128, 77.209964 28.660038, 77.236142 28.659608))"
Delhi_r01_c05,Delhi,2021,1,5,2021-01-01,2021-03-31,32643,718540.0,3172320.0,721100.0,3174880.0,77.24947780486191,28.670935447006695,1.0,14.0618896484375,0.17283004522323608,0.26425468921661377,-0.04608588665723801,-0.24131497740745544,0.10371273010969162,True,tiles\Delhi\2021\Delhi_r01_c05.tif,18.0,1.745,"POLYGON ((77.26232 28.659173, 77.262816 28.682262, 77.236633 28.682698, 77.236142 28.659608, 77.26232 28.659173))"
Delhi_r01_c06,Delhi,2021,1,6,2021-01-01,2021-03-31,32643,721100.0,3172320.0,723660.0,3174880.0,77.27565807689446,28.670497763461494,1.0,14.412109375,0.15222883224487305,0.09032683819532394,0.004178502596914768,-0.136038139462471,0.12651342153549194,True,tiles\Delhi\2021\Delhi_r01_c06.tif,18.0,1.745,"POLYGON ((77.288497 28.658733, 77.288999 28.681822, 77.262816 28.682262, 77.26232 28.659173, 77.288497 28.658733))"
Delhi_r01_c07,Delhi,2021,1,7,2021-01-01,2021-03-31,32643,723660.0,3172320.0,726220.0,3174880.0,77.30183776223761,28.670055024355975,1.0,14.82794189453125,0.12776809930801392,0.14830708503723145,-0.020655669271945953,-0.16523700952529907,0.12146207690238953,True,tiles\Delhi\2021\Delhi_r01_c07.tif,18.0,1.745,"POLYGON ((77.314674 28.658288, 77.315181 28.681376, 77.288999 28.681822, 77.288497 28.658733, 77.314674 28.658288))"
Delhi_r02_c00,Delhi,2021,2,0,2021-01-01,2021-03-31,32643,705740.0,3169760.0,708300.0,3172320.0,77.1181034066949,28.64995623140436,1.0,14.7357177734375,0.1813490390777588,0.17401495575904846,-0.015743551775813103,-0.20285049080848694,0.11222884058952332,True,tiles\Delhi\2021\Delhi_r02_c00.tif,18.0,1.745,"POLYGON ((77.130959 28.638205, 77.131426 28.661297, 77.105245 28.661707, 77.104784 28.638615, 77.130959 28.638205))"
Delhi_r02_c01,Delhi,2021,2,1,2021-01-01,2021-03-31,32643,708300.0,3169760.0,710860.0,3172320.0,77.14428078153549,28.649544224635267,1.0,14.41851806640625,0.17718666791915894,0.20513688027858734,-0.019043434411287308,-0.22911188006401062,0.11150973290205002,True,tiles\Delhi\2021\Delhi_r02_c01.tif,18.0,1.745,"POLYGON ((77.157133 28.637791, 77.157606 28.660882, 77.131426 28.661297, 77.130959 28.638205, 77.157133 28.637791))"
Delhi_r02_c02,Delhi,2021,2,2,2021-01-01,2021-03-31,32643,710860.0,3169760.0,713420.0,3172320.0,77.17045760384823,28.64912716509757,1.0,14.29559326171875,0.15908277034759521,0.21781310439109802,-0.028610441833734512,-0.22335141897201538,0.10822667181491852,True,tiles\Delhi\2021\Delhi_r02_c02.tif,18.0,1.745,"POLYGON ((77.183307 28.637372, 77.183785 28.660462, 77.157606 28.660882, 77.157133 28.637791, 77.183307 28.637372))"
Delhi_r02_c03,Delhi,2021,2,3,2021-01-01,2021-03-31,32643,713420.0,3169760.0,715980.0,3172320.0,77.19663386690804,28.648705053185886,1.0,14.2420654296875,0.1622314453125,0.22274458408355713,-0.034956350922584534,-0.21520419418811798,0.10285662859678268,True,tiles\Delhi\2021\Delhi_r02_c03.tif,18.0,1.745,"POLYGON ((77.20948 28.636947, 77.209964 28.660038, 77.183785 28.660462, 77.183307 28.637372, 77.20948 28.636947))"
Delhi_r02_c04,Delhi,2021,2,4,2021-01-01,2021-03-31,32643,715980.0,3169760.0,718540.0,3172320.0,77.22280956399064,28.648277889299568,1.0,14.31341552734375,0.15803438425064087,0.13271470367908478,0.004551193676888943,-0.18144755065441132,0.11522793769836426,True,tiles\Delhi\2021\Delhi_r02_c04.tif,18.0,1.745,"POLYGON ((77.235652 28.636518, 77.236142 28.659608, 77.209964 28.660038, 77.20948 28.636947, 77.235652 28.636518))"
Delhi_r02_c05,Delhi,2021,2,5,2021-01-01,2021-03-31,32643,718540.0,3169760.0,721100.0,3172320.0,77.24898468837269,28.64784567384273,1.0,14.2015380859375,0.16461539268493652,0.3206436038017273,-0.07364910840988159,-0.26566779613494873,0.09319115430116653,True,tiles\Delhi\2021\Delhi_r02_c05.tif,18.0,1.745,"POLYGON ((77.261824 28.636083, 77.26232 28.659173, 77.236142 28.659608, 77.235652 28.636518, 77.261824 28.636083))"
Delhi_r02_c06,Delhi,2021,2,6,2021-01-01,2021-03-31,32643,721100.0,3169760.0,723660.0,3172320.0,77.27515923333172,28.64740840722429,1.0,13.94769287109375,0.1795474886894226,0.15419220924377441,-0.029274113476276398,-0.16027843952178955,0.11691194772720337,True,tiles\Delhi\2021\Delhi_r02_c06.tif,18.0,1.745,"POLYGON ((77.287996 28.635643, 77.288497 28.658733, 77.26232 28.659173, 77.261824 28.636083, 77.287996 28.635643))"
Delhi_r02_c07,Delhi,2021,2,7,2021-01-01,2021-03-31,32643,723660.0,3169760.0,726220.0,3172320.0,77.30133319214619,28.646966089857877,1.0,14.30224609375,0.15869140625,0.18384432792663574,-0.031164616346359253,-0.18822191655635834,0.11895698308944702,True,tiles\Delhi\2021\Delhi_r02_c07.tif,18.0,1.745,"POLYGON ((77.314166 28.635199, 77.314674 28.658288, 77.288497 28.658733, 77.287996 28.635643, 77.314166 28.635199))"
Delhi_r03_c00,Delhi,2021,3,0,2021-01-01,2021-03-31,32643,705740.0,3167200.0,708300.0,3169760.0,77.11763947932911,28.62686436015474,1.0,14.85638427734375,0.1746453046798706,0.22571049630641937,-0.023480789735913277,-0.24048978090286255,0.10501036792993546,True,tiles\Delhi\2021\Delhi_r03_c00.tif,18.0,1.745,"POLYGON ((77.130492 28.615114, 77.130959 28.638205, 77.104784 28.638615, 77.104323 28.615522, 77.130492 28.615114))"
Delhi_r03_c01,Delhi,2021,3,1,2021-01-01,2021-03-31,32643,708300.0,3167200.0,710860.0,3169760.0,77.14381113119161,28.626452746075344,1.0,14.455322265625,0.1750863790512085,0.2664515972137451,-0.024754023179411888,-0.2779732942581177,0.1032218337059021,True,tiles\Delhi\2021\Delhi_r03_c01.tif,18.0,1.745,"POLYGON ((77.156661 28.6147, 77.157133 28.637791, 77.130959 28.638205, 77.130492 28.615114, 77.156661 28.6147))"
Delhi_r03_c02,Delhi,2021,3,2,2021-01-01,2021-03-31,32643,710860.0,3167200.0,713420.0,3169760.0,77.16998223103911,28.626036084040148,1.0,14.35699462890625,0.15547090768814087,0.3449981212615967,-0.01689065992832184,-0.33627626299858093,0.08273656666278839,True,tiles\Delhi\2021\Delhi_r03_c02.tif,18.0,1.745,"POLYGON ((77.182829 28.614281, 77.183307 28.637372, 77.157133 28.637791, 77.156661 28.6147, 77.182829 28.614281))"
Delhi_r03_c03,Delhi,2021,3,3,2021-01-01,2021-03-31,32643,713420.0,3167200.0,715980.0,3169760.0,77.19615277215264,28.62561437444326,1.0,14.37603759765625,0.15435075759887695,0.3718693256378174,-0.07561551034450531,-0.3009507954120636,0.08224650472402573,True,tiles\Delhi\2021\Delhi_r03_c03.tif,18.0,1.745,"POLYGON ((77.208996 28.613857, 77.20948 28.636947, 77.183307 28.637372, 77.182829 28.614281, 77.208996 28.613857))"
Delhi_r03_c04,Delhi,2021,3,4,2021-01-01,2021-03-31,32643,715980.0,3167200.0,718540.0,3169760.0,77.22232274781419,28.62518761768356,1.0,14.3243408203125,0.1573917269706726,0.3000887632369995,-0.08981656283140182,-0.22586393356323242,0.0959293469786644,True,tiles\Delhi\2021\Delhi_r03_c04.tif,18.0,1.745,"POLYGON ((77.235163 28.613428, 77.235652 28.636518, 77.20948 28.636947, 77.208996 28.613857, 77.235163 28.613428))"
Delhi_r03_c05,Delhi,2021,3,5,2021-01-01,2021-03-31,32643,718540.0,3167200.0,721100.0,3169760.0,77.24849215130665,28.624755814164665,1.0,13.955810546875,0.17906999588012695,0.2970002293586731,-0.08816183358430862,-0.22832156717777252,0.09032948315143585,True,tiles\Delhi\2021\Delhi_r03_c05.tif,18.0,1.745,"POLYGON ((77.261329 28.612993, 77.261824 28.636083, 77.235652 28.636518, 77.235163 28.613428, 77.261329 28.612993))"
Delhi_r03_c06,Delhi,2021,3,6,2021-01-01,2021-03-31,32643,721100.0,3167200.0,723660.0,3169760.0,77.27466097591376,28.624318964294968,1.0,13.94415283203125,0.17975568771362305,0.25773733854293823,-0.056740690022706985,-0.23329390585422516,0.10893332958221436,True,tiles\Delhi\2021\Delhi_r03_c06.tif,18.0,1.745,"POLYGON ((77.287495 28.612554, 77.287996 28.635643, 77.261824 28.636083, 77.261329 28.612993, 77.287495 28.612554))"
Delhi_r03_c07,Delhi,2021,3,7,2021-01-01,2021-03-31,32643,723660.0,3167200.0,726220.0,3169760.0,77.30082921492016,28.62387706848759,1.0,13.75750732421875,0.19073486328125,0.18191896378993988,-0.049223996698856354,-0.1662004590034485,0.11504600942134857,True,tiles\Delhi\2021\Delhi_r03_c07.tif,18.0,1.745,"POLYGON ((77.31366 28.61211, 77.314166 28.635199, 77.287996 28.635643, 77.287495 28.612554, 77.31366 28.61211))"
Delhi_r04_c00,Delhi,2021,4,0,2021-01-01,2021-03-31,32643,705740.0,3164640.0,708300.0,3167200.0,77.11717609725879,28.60377240330038,1.0,14.6964111328125,0.18353271484375,0.27465391159057617,-0.009720273315906525,-0.3029961585998535,0.09542039781808853,True,tiles\Delhi\2021\Delhi_r04_c00.tif,18.0,1.745,"POLYGON ((77.130026 28.592022, 77.130492 28.615114, 77.104323 28.615522, 77.103863 28.59243, 77.130026 28.592022))"
Delhi_r04_c01,Delhi,2021,4,1,2021-01-01,2021-03-31,32643,708300.0,3164640.0,710860.0,3167200.0,77.143342032863,28.60336118174313,1.0,14.65277099609375,0.16381865739822388,0.38506007194519043,-0.06725694239139557,-0.33061912655830383,0.07794778794050217,True,tiles\Delhi\2021\Delhi_r04_c01.tif,18.0,1.745,"POLYGON ((77.156189 28.591608, 77.156661 28.6147, 77.130492 28.615114, 77.130026 28.592022, 77.156189 28.591608))"
Delhi_r04_c02,Delhi,2021,4,2,2021-01-01,2021-03-31,32643,710860.0,3164640.0,713420.0,3167200.0,77.1695074169641,28.60294491704085,1.0,14.58306884765625,0.14217239618301392,0.42837560176849365,-0.08405552804470062,-0.33772554993629456,0.07319308817386627,True,tiles\Delhi\2021\Delhi_r04_c02.tif,18.0,1.745,"POLYGON ((77.182351 28.59119, 77.182829 28.614281, 77.156661 28.6147, 77.156189 28.591608, 77.182351 28.59119))"
Delhi_r04_c03,Delhi,2021,4,3,2021-01-01,2021-03-31,32643,713420.0,3164640.0,715980.0,3167200.0,77.19567224284938,28.602523609587127,1.0,13.8896484375,0.18296188116073608,0.3909238576889038,-0.10749462991952896,-0.2882784307003021,0.08742265403270721,True,tiles\Delhi\2021\Delhi_r04_c03.tif,18.0,1.745,"POLYGON ((77.208513 28.590766, 77.208996 28.613857, 77.182829 28.614281, 77.182351 28.59119, 77.208513 28.590766))"
Delhi_r04_c04,Delhi,2021,4,4,2021-01-01,2021-03-31,32643,715980.0,3164640.0,718540.0,3167200.0,77.22183650380704,28.602097259780365,1.0,14.0225830078125,0.17514216899871826,0.3909648060798645,-0.12528692185878754,-0.2706760764122009,0.08576661348342896,True,tiles\Delhi\2021\Delhi_r04_c04.tif,18.0,1.745,"POLYGON ((77.234674 28.590337, 77.235163 28.613428, 77.208996 28.613857, 77.208513 28.590766, 77.234674 28.590337))"
Delhi_r04_c05,Delhi,2021,4,5,2021-01-01,2021-03-31,32643,718540.0,3164640.0,721100.0,3167200.0,77.24800019312616,28.60166586802368,1.0,14.22772216796875,0.16307514905929565,0.3704984784126282,-0.10647056996822357,-0.2779998183250427,0.08550941944122314,True,tiles\Delhi\2021\Delhi_r04_c05.tif,18.0,1.745,"POLYGON ((77.260835 28.589904, 77.261329 28.612993, 77.235163 28.613428, 77.234674 28.590337, 77.260835 28.589904))"
Delhi_r04_c06,Delhi,2021,4,6,2021-01-01,2021-03-31,32643,721100.0,3164640.0,723660.0,3167200.0,77.2741633040967,28.601229434724956,1.0,13.834716796875,0.18619310855865479,0.35794639587402344,-0.12223248183727264,-0.25549840927124023,0.09361863136291504,True,tiles\Delhi\2021\Delhi_r04_c06.tif,18.0,1.745,"POLYGON ((77.286995 28.589465, 77.287495 28.612554, 77.261329 28.612993, 77.260835 28.589904, 77.286995 28.589465))"
Delhi_r04_c07,Delhi,2021,4,7,2021-01-01,2021-03-31,32643,723660.0,3164640.0,726220.0,3167200.0,77.30032583000947,28.600787960296813,1.0,13.5982666015625,0.20010197162628174,0.2104625701904297,-0.05021492391824722,-0.19732043147087097,0.10910972952842712,True,tiles\Delhi\2021\Delhi_r04_c07.tif,18.0,1.745,"POLYGON ((77.313154 28.589021, 77.31366 28.61211, 77.287495 28.612554, 77.286995 28.589465, 77.313154 28.589021))"
Delhi_r05_c00,Delhi,2021,5,0,2021-01-01,2021-03-31,32643,705740.0,3162080.0,708300.0,3164640.0,77.11671325997823,28.580680360891296,1.0,14.694091796875,0.1836615800857544,0.3035653531551361,-0.00028905365616083145,-0.3473089933395386,0.1001671552658081,True,tiles\Delhi\2021\Delhi_r05_c00.tif,18.0,1.745,"POLYGON ((77.129561 28.56893, 77.130026 28.592022, 77.103863 28.59243, 77.103403 28.569338, 77.129561 28.56893))"
Delhi_r05_c01,Delhi,2021,5,1,2021-01-01,2021-03-31,32643,708300.0,3162080.0,710860.0,3164640.0,77.14287348603766,28.58026953168889,1.0,14.7264404296875,0.15961462259292603,0.3384157717227936,-0.053477220237255096,-0.3138435482978821,0.09127363562583923,True,tiles\Delhi\2021\Delhi_r05_c01.tif,18.0,1.745,"POLYGON ((77.155718 28.568517, 77.156189 28.591608, 77.130026 28.592022, 77.129561 28.56893, 77.155718 28.568517))"
Delhi_r05_c02,Delhi,2021,5,2,2021-01-01,2021-03-31,32643,710860.0,3162080.0,713420.0,3164640.0,77.16903316110508,28.579853664150157,1.0,14.58013916015625,0.14234477281570435,0.34982550144195557,-0.08792783319950104,-0.2758615016937256,0.08830839395523071,True,tiles\Delhi\2021\Delhi_r05_c02.tif,18.0,1.745,"POLYGON ((77.181874 28.568099, 77.182351 28.59119, 77.156189 28.591608, 77.155718 28.568517, 77.181874 28.568099))"
Delhi_r05_c03,Delhi,2021,5,3,2021-01-01,2021-03-31,32643,713420.0,3162080.0,715980.0,3164640.0,77.1951922784739,28.579432758668208,1.0,14.25067138671875,0.1617252230644226,0.3387855291366577,-0.07172805070877075,-0.29094868898391724,0.09018637239933014,True,tiles\Delhi\2021\Delhi_r05_c03.tif,18.0,1.745,"POLYGON ((77.20803 28.567675, 77.208513 28.590766, 77.182351 28.59119, 77.181874 28.568099, 77.20803 28.567675))"
Delhi_r05_c04,Delhi,2021,5,4,2021-01-01,2021-03-31,32643,715980.0,3162080.0,718540.0,3164640.0,77.22135083143861,28.57900681564096,1.0,14.30865478515625,0.15831440687179565,0.2511065900325775,-0.058361705392599106,-0.2210594117641449,0.10266324877738953,True,tiles\Delhi\2021\Delhi_r05_c04.tif,18.0,1.745,"POLYGON ((77.234186 28.567247, 77.234674 28.590337, 77.208513 28.590766, 77.20803 28.567675, 77.234186 28.567247))"
Delhi_r05_c05,Delhi,2021,5,5,2021-01-01,2021-03-31,32643,718540.0,3162080.0,721100.0,3164640.0,77.24750881329446,28.578575835471014,1.0,14.30426025390625,0.15857291221618652,0.23953011631965637,-0.051645226776599884,-0.21846939623355865,0.10324472188949585,True,tiles\Delhi\2021\Delhi_r05_c05.tif,18.0,1.745,"POLYGON ((77.260341 28.566814, 77.260835 28.589904, 77.234674 28.590337, 77.234186 28.567247, 77.260341 28.566814))"
Delhi_r05_c06,Delhi,2021,5,6,2021-01-01,2021-03-31,32643,721100.0,3162080.0,723660.0,3164640.0,77.2736662173375,28.57813981856575,1.0,14.17022705078125,0.16645723581314087,0.26983362436294556,-0.05485685169696808,-0.2445298433303833,0.09775656461715698,True,tiles\Delhi\2021\Delhi_r05_c06.tif,18.0,1.745,"POLYGON ((77.286495 28.566375, 77.286995 28.589465, 77.260835 28.589904, 77.260341 28.566814, 77.286495 28.566375))"
Delhi_r05_c07,Delhi,2021,5,7,2021-01-01,2021-03-31,32643,723660.0,3162080.0,726220.0,3164640.0,77.29982303686496,28.577698765337292,1.0,14.68109130859375,0.13640642166137695,0.2774191200733185,-0.0795452892780304,-0.2213362604379654,0.09007453173398972,True,tiles\Delhi\2021\Delhi_r05_c07.tif,18.0,1.745,"POLYGON ((77.312649 28.565932, 77.313154 28.589021, 77.286995 28.589465, 77.286495 28.566375, 77.312649 28.565932))"
Delhi_r06_c00,Delhi,2021,6,0,2021-01-01,2021-03-31,32643,705740.0,3159520.0,708300.0,3162080.0,77.11625096698258,28.557588232977555,1.0,14.249755859375,0.2083469033241272,0.19281445443630219,0.06167292594909668,-0.3213769197463989,0.12399958074092865,True,tiles\Delhi\2021\Delhi_r06_c00.tif,18.0,1.745,"POLYGON ((77.129096 28.545838, 77.129561 28.56893, 77.103403 28.569338, 77.102944 28.546246, 77.129096 28.545838))"
Delhi_r06_c01,Delhi,2021,6,1,2021-01-01,2021-03-31,32643,708300.0,3159520.0,710860.0,3162080.0,77.1424054902046,28.557177795962918,1.0,14.580810546875,0.16792523860931396,0.3508133888244629,-0.016750924289226532,-0.3657110333442688,0.08608990907669067,True,tiles\Delhi\2021\Delhi_r06_c01.tif,18.0,1.745,"POLYGON ((77.155247 28.545425, 77.155718 28.568517, 77.129561 28.56893, 77.129096 28.545838, 77.155247 28.545425))"
Delhi_r06_c02,Delhi,2021,6,2,2021-01-01,2021-03-31,32643,710860.0,3159520.0,713420.0,3162080.0,77.16855946294476,28.556762325418614,1.0,14.44158935546875,0.1504947543144226,0.33694037795066833,-0.07365202903747559,-0.2794836163520813,0.08946798741817474,True,tiles\Delhi\2021\Delhi_r06_c02.tif,18.0,1.745,"POLYGON ((77.181398 28.545007, 77.181874 28.568099, 77.155718 28.568517, 77.155247 28.545425, 77.181398 28.545007))"
Delhi_r06_c03,Delhi,2021,6,3,2021-01-01,2021-03-31,32643,713420.0,3159520.0,715980.0,3162080.0,77.19471287850277,28.5563418217373,1.0,14.25372314453125,0.16154569387435913,0.33263686299324036,-0.09338338673114777,-0.2547801733016968,0.08835611492395401,True,tiles\Delhi\2021\Delhi_r06_c03.tif,18.0,1.745,"POLYGON ((77.207548 28.544585, 77.20803 28.567675, 77.181874 28.568099, 77.181398 28.545007, 77.207548 28.544585))"
Delhi_r06_c04,Delhi,2021,6,4,2021-01-01,2021-03-31,32643,715980.0,3159520.0,718540.0,3162080.0,77.22086573017926,28.555916285316364,1.0,13.895751953125,0.18260282278060913,0.32753878831863403,-0.08865195512771606,-0.2603779435157776,0.09074731171131134,True,tiles\Delhi\2021\Delhi_r06_c04.tif,18.0,1.745,"POLYGON ((77.233698 28.544157, 77.234186 28.567247, 77.20803 28.567675, 77.207548 28.544585, 77.233698 28.544157))"
Delhi_r06_c05,Delhi,2021,6,5,2021-01-01,2021-03-31,32643,718540.0,3159520.0,721100.0,3162080.0,77.24701801127564,28.555485716557936,1.0,14.70098876953125,0.1352359652519226,0.2523353695869446,-0.05770018324255943,-0.22394904494285583,0.10194963216781616,True,tiles\Delhi\2021\Delhi_r06_c05.tif,18.0,1.745,"POLYGON ((77.259847 28.543724, 77.260341 28.566814, 77.234186 28.567247, 77.233698 28.544157, 77.259847 28.543724))"
Delhi_r06_c06,Delhi,2021,6,6,2021-01-01,2021-03-31,32643,721100.0,3159520.0,723660.0,3162080.0,77.27316971509423,28.55505011586887,1.0,14.896240234375,0.12375056743621826,0.2956443428993225,-0.059994857758283615,-0.26558783650398254,0.09584462642669678,True,tiles\Delhi\2021\Delhi_r06_c06.tif,18.0,1.745,"POLYGON ((77.285996 28.543286, 77.286495 28.566375, 77.260341 28.566814, 77.259847 28.543724, 77.285996 28.543286))"
Delhi_r06_c07,Delhi,2021,6,7,2021-01-01,2021-03-31,32643,723660.0,3159520.0,726220.0,3162080.0,77.29932083493833,28.554609483660794,1.0,15.172119140625,0.10752242803573608,0.19265024363994598,-0.0843442976474762,-0.1326494812965393,0.09412418305873871,True,tiles\Delhi\2021\Delhi_r06_c07.tif,18.0,1.745,"POLYGON ((77.312144 28.542843, 77.312649 28.565932, 77.286495 28.566375, 77.285996 28.543286, 77.312144 28.542843))"
Delhi_r07_c00,Delhi,2021,7,0,2021-01-01,2021-03-31,32643,705740.0,3156960.0,708300.0,3159520.0,77.11578921776777,28.534496019609257,1.0,13.90155029296875,0.227691650390625,0.278642475605011,0.006800033152103424,-0.33927783370018005,0.10637365281581879,True,tiles\Delhi\2021\Delhi_r07_c00.tif,18.0,1.745,"POLYGON ((77.128632 28.522746, 77.129096 28.545838, 77.102944 28.546246, 77.102485 28.523153, 77.128632 28.522746))"
Delhi_r07_c01,Delhi,2021,7,1,2021-01-01,2021-03-31,32643,708300.0,3156960.0,710860.0,3159520.0,77.1419380448535,28.534085974615557,1.0,14.1798095703125,0.19080889225006104,0.33711346983909607,-0.03891284391283989,-0.3319515883922577,0.09172335267066956,True,tiles\Delhi\2021\Delhi_r07_c01.tif,18.0,1.745,"POLYGON ((77.154777 28.522333, 77.155247 28.545425, 77.129096 28.545838, 77.128632 28.522746, 77.154777 28.522333))"
Delhi_r07_c02,Delhi,2021,7,2,2021-01-01,2021-03-31,32643,710860.0,3156960.0,713420.0,3159520.0,77.16808632196674,28.533670900896816,1.0,15.0582275390625,0.11422193050384521,0.42589467763900757,-0.08219566941261292,-0.34620147943496704,0.07378337532281876,True,tiles\Delhi\2021\Delhi_r07_c02.tif,18.0,1.745,"POLYGON ((77.180922 28.521916, 77.181398 28.545007, 77.155247 28.545425, 77.154777 28.522333, 77.180922 28.521916))"
Delhi_r07_c03,Delhi,2021,7,3,2021-01-01,2021-03-31,32643,713420.0,3156960.0,715980.0,3159520.0,77.19423404241337,28.533250798845206,1.0,15.4835205078125,0.08920466899871826,0.390239953994751,-0.09802964329719543,-0.30233073234558105,0.08346395194530487,True,tiles\Delhi\2021\Delhi_r07_c03.tif,18.0,1.745,"POLYGON ((77.207067 28.521494, 77.207548 28.544585, 77.181398 28.545007, 77.180922 28.521916, 77.207067 28.521494))"
Delhi_r07_c04,Delhi,2021,7,4,2021-01-01,2021-03-31,32643,715980.0,3156960.0,718540.0,3159520.0,77.22038119950018,28.532825668857644,1.0,14.49017333984375,0.14763689041137695,0.2806621491909027,-0.06028592586517334,-0.25169843435287476,0.09578810632228851,True,tiles\Delhi\2021\Delhi_r07_c04.tif,18.0,1.745,"POLYGON ((77.233211 28.521066, 77.233698 28.544157, 77.207548 28.544585, 77.207067 28.521494, 77.233211 28.521066))"
Delhi_r07_c05,Delhi,2021,7,5,2021-01-01,2021-03-31,32643,718540.0,3156960.0,721100.0,3159520.0,77.24652778653476,28.532395511335743,1.0,14.77752685546875,0.13073372840881348,0.29981669783592224,-0.07271545380353928,-0.252987265586853,0.09296808391809464,True,tiles\Delhi\2021\Delhi_r07_c05.tif,18.0,1.745,"POLYGON ((77.259355 28.520634, 77.259847 28.543724, 77.233698 28.544157, 77.233211 28.521066, 77.259355 28.520634))"
Delhi_r07_c06,Delhi,2021,7,6,2021-01-01,2021-03-31,32643,721100.0,3156960.0,723660.0,3159520.0,77.27267379682567,28.531960326685873,1.0,15.09222412109375,0.11222213506698608,0.21966905891895294,-0.011862658895552158,-0.2529245615005493,0.10568714886903763,True,tiles\Delhi\2021\Delhi_r07_c06.tif,18.0,1.745,"POLYGON ((77.285497 28.520196, 77.285996 28.543286, 77.259847 28.543724, 77.259355 28.520634, 77.285497 28.520196))"
Delhi_r07_c07,Delhi,2021,7,7,2021-01-01,2021-03-31,32643,723660.0,3156960.0,726220.0,3159520.0,77.29881922368227,28.53152011531914,1.0,15.27667236328125,0.10137224197387695,0.23374077677726746,-0.01232233364135027,-0.27155670523643494,0.10609106719493866,True,tiles\Delhi\2021\Delhi_r07_c07.tif,18.0,1.745,"POLYGON ((77.31164 28.519754, 77.312144 28.542843, 77.285996 28.543286, 77.285497 28.520196, 77.31164 28.519754))"
Delhi_r00_c00,Delhi,2022,0,0,2022-01-01,2022-03-31,32643,705740.0,3174880.0,708300.0,3177440.0,77.11903289934004,28.696139716889434,1.0,9.566650390625,0.2027791142463684,0.2629930377006531,-0.029999123886227608,-0.27212846279144287,0.10256066918373108,True,tiles\Delhi\2022\Delhi_r00_c00.tif,12.0,0.000163,"POLYGON ((77.131893 28.684388, 77.132362 28.70748, 77.10617 28.70789, 77.105707 28.684798, 77.131893 28.684388))"
Delhi_r00_c01,Delhi,2022,0,1,2022-01-01,2022-03-31,32643,708300.0,3174880.0,710860.0,3177440.0,77.1452217403209,28.695726924237366,1.0,9.58868408203125,0.16789722442626953,0.26419752836227417,-0.026597850024700165,-0.27754247188568115,0.0998758003115654,True,tiles\Delhi\2022\Delhi_r00_c01.tif,12.0,0.000163,"POLYGON ((77.158079 28.683973, 77.158553 28.707064, 77.132362 28.70748, 77.131893 28.684388, 77.158079 28.683973))"
Delhi_r00_c02,Delhi,2022,0,2,2022-01-01,2022-03-31,32643,710860.0,3174880.0,713420.0,3177440.0,77.17141002774576,28.695309069184958,1.0,9.7142333984375,0.11688786745071411,0.2685336172580719,-0.018790006637573242,-0.28910332918167114,0.0965740829706192,True,tiles\Delhi\2022\Delhi_r00_c02.tif,12.0,0.000163,"POLYGON ((77.184264 28.683553, 77.184744 28.706644, 77.158553 28.707064, 77.158079 28.683973, 77.184264 28.683553))"
Delhi_r00_c03,Delhi,2022,0,3,2022-01-01,2022-03-31,32643,713420.0,3174880.0,715980.0,3177440.0,77.19759775487707,28.6948861521278,1.0,9.25933837890625,0.15824198722839355,0.28887730836868286,-0.034747205674648285,-0.283544659614563,0.09526583552360535,True,tiles\Delhi\2022\Delhi_r00_c03.tif,12.0,0.000163,"POLYGON ((77.210449 28.683128, 77.210934 28.706218, 77.184744 28.706644, 77.184264 28.683553, 77.210449 28.683128))"
Delhi_r00_c04,Delhi,2022,0,4,2022-01-01,2022-03-31,32643,715980.0,3174880.0,718540.0,3177440.0,77.22378491497803,28.69445817346623,1.0,9.301025390625,0.15445226430892944,0.3806335926055908,-0.09720566868782043,-0.2904205620288849,0.07998686283826828,True,tiles\Delhi\2022\Delhi_r00_c04.tif,12.0,0.000163,"POLYGON ((77.236633 28.682698, 77.237124 28.705787, 77.210934 28.706218, 77.210449 28.683128, 77.236633 28.682698))"
Delhi_r00_c05,Delhi,2022,0,5,2022-01-01,2022-03-31,32643,718540.0,3174880.0,721100.0,3177440.0,77.24997150131291,28.69402513360538,1.0,9.44232177734375,0.1416071057319641,0.37209269404411316,-0.06019895523786545,-0.3303597569465637,0.08895657956600189,True,tiles\Delhi\2022\Delhi_r00_c05.tif,12.0,0.000163,"POLYGON ((77.262816 28.682262, 77.263313 28.705352, 77.237124 28.705787, 77.236633 28.682698, 77.262816 28.682262))"
Delhi_r00_c06,Delhi,2022,0,6,2022-01-01,2022-03-31,32643,721100.0,3174880.0,723660.0,3177440.0,77.27615750714673,28.693587032955154,1.0,9.4346923828125,0.14230066537857056,0.13834884762763977,0.012273894622921944,-0.19869586825370789,0.11170636117458344,True,tiles\Delhi\2022\Delhi_r00_c06.tif,12.0,0.000163,"POLYGON ((77.288999 28.681822, 77.289502 28.704911, 77.263313 28.705352, 77.262816 28.682262, 77.288999 28.681822))"
Delhi_r00_c07,Delhi,2022,0,7,2022-01-01,2022-03-31,32643,723660.0,3174880.0,726220.0,3177440.0,77.30234292574546,28.69314387193023,1.0,9.46356201171875,0.13967615365982056,0.18623144924640656,-0.005907973274588585,-0.22335806488990784,0.10760083794593811,True,tiles\Delhi\2022\Delhi_r00_c07.tif,12.0,0.000163,"POLYGON ((77.315181 28.681376, 77.31569 28.704465, 77.289502 28.704911, 77.288999 28.681822, 77.315181 28.681376))"
Delhi_r01_c00,Delhi,2022,1,0,2022-01-01,2022-03-31,32643,705740.0,3172320.0,708300.0,3174880.0,77.11856787986275,28.673048016999235,1.0,9.88336181640625,0.1763865351676941,0.29761332273483276,-0.0406733937561512,-0.2965729534626007,0.09424018859863281,True,tiles\Delhi\2022\Delhi_r01_c00.tif,12.0,0.000163,"POLYGON ((77.131426 28.661297, 77.131893 28.684388, 77.105707 28.684798, 77.105245 28.661707, 77.131426 28.661297))"
Delhi_r01_c01,Delhi,2022,1,1,2022-01-01,2022-03-31,32643,708300.0,3172320.0,710860.0,3174880.0,77.14475098440738,28.672635617372674,1.0,9.4720458984375,0.17801904678344727,0.25103625655174255,-0.01195596531033516,-0.2815179228782654,0.09875182807445526,True,tiles\Delhi\2022\Delhi_r01_c01.tif,12.0,0.000163,"POLYGON ((77.157606 28.660882, 77.158079 28.683973, 77.131893 28.684388, 77.131426 28.661297, 77.157606 28.660882))"
Delhi_r01_c02,Delhi,2022,1,2,2022-01-01,2022-03-31,32643,710860.0,3172320.0,713420.0,3174880.0,77.1709335359105,28.67221816016265,1.0,9.4639892578125,0.13963735103607178,0.21495208144187927,0.002176322042942047,-0.2632841467857361,0.10241058468818665,True,tiles\Delhi\2022\Delhi_r01_c02.tif,12.0,0.000163,"POLYGON ((77.183785 28.660462, 77.184264 28.683553, 77.158079 28.683973, 77.157606 28.660882, 77.183785 28.660462))"
Delhi_r01_c03,Delhi,2022,1,3,2022-01-01,2022-03-31,32643,713420.0,3172320.0,715980.0,3174880.0,77.1971155276408,28.67179564576428,1.0,9.41259765625,0.14430928230285645,0.26855748891830444,-0.02082611247897148,-0.2825252115726471,0.0936441719532013,True,tiles\Delhi\2022\Delhi_r01_c03.tif,12.0,0.000163,"POLYGON ((77.209964 28.660038, 77.210449 28.683128, 77.184264 28.683553, 77.183785 28.660462, 77.209964 28.660038))"
Delhi_r01_c04,Delhi,2022,1,4,2022-01-01,2022-03-31,32643,715980.0,3172320.0,718540.0,3174880.0,77.22329695286781,28.671368074577426,1.0,9.033447265625,0.1787775158882141,0.31826162338256836,-0.06655554473400116,-0.2693066895008087,0.08542422950267792,True,tiles\Delhi\2022\Delhi_r01_c04.tif,12.0,0.000163,"POLYGON ((77.236142 28.659608, 77.236633 28.682698, 77.210449 28.683128, 77.209964 28.660038, 77.236142 28.659608))"
Delhi_r01_c05,Delhi,2022,1,5,2022-01-01,2022-03-31,32643,718540.0,3172320.0,721100.0,3174880.0,77.24947780486191,28.670935447006695,1.0,9.2059326171875,0.16309702396392822,0.3342239260673523,-0.054340019822120667,-0.30376970767974854,0.08796574920415878,True,tiles\Delhi\2022\Delhi_r01_c05.tif,12.0,0.000163,"POLYGON ((77.26232 28.659173, 77.262816 28.682262, 77.236633 28.682698, 77.236142 28.659608, 77.26232 28.659173))"
Delhi_r01_c06,Delhi,2022,1,6,2022-01-01,2022-03-31,32643,721100.0,3172320.0,723660.0,3174880.0,77.27565807689446,28.670497763461494,1.0,10.00823974609375,0.09016001224517822,0.1262637972831726,0.02938186004757881,-0.20757266879081726,0.11067672073841095,True,tiles\Delhi\2022\Delhi_r01_c06.tif,12.0,0.000163,"POLYGON ((77.288497 28.658733, 77.288999 28.681822, 77.262816 28.682262, 77.26232 28.659173, 77.288497 28.658733))"
Delhi_r01_c07,Delhi,2022,1,7,2022-01-01,2022-03-31,32643,723660.0,3172320.0,726220.0,3174880.0,77.30183776223761,28.670055024355975,1.0,10.0311279296875,0.08807927370071411,0.18815237283706665,-0.0038651316426694393,-0.22986623644828796,0.10841429978609085,True,tiles\Delhi\2022\Delhi_r01_c07.tif,12.0,0.000163,"POLYGON ((77.314674 28.658288, 77.315181 28.681376, 77.288999 28.681822, 77.288497 28.658733, 77.314674 28.658288))"
Delhi_r02_c00,Delhi,2022,2,0,2022-01-01,2022-03-31,32643,705740.0,3169760.0,708300.0,3172320.0,77.1181034066949,28.64995623140436,1.0,9.9803466796875,0.168304443359375,0.230812206864357,-0.011726735159754753,-0.2692713141441345,0.10227923095226288,True,tiles\Delhi\2022\Delhi_r02_c00.tif,12.0,0.000163,"POLYGON ((77.130959 28.638205, 77.131426 28.661297, 77.105245 28.661707, 77.104784 28.638615, 77.130959 28.638205))"
Delhi_r02_c01,Delhi,2022,2,1,2022-01-01,2022-03-31,32643,708300.0,3169760.0,710860.0,3172320.0,77.14428078153549,28.649544224635267,1.0,9.85418701171875,0.1448569893836975,0.2605134844779968,-0.01836586371064186,-0.2906642556190491,0.1021588146686554,True,tiles\Delhi\2022\Delhi_r02_c01.tif,12.0,0.000163,"POLYGON ((77.157133 28.637791, 77.157606 28.660882, 77.131426 28.661297, 77.130959 28.638205, 77.157133 28.637791))"
Delhi_r02_c02,Delhi,2022,2,2,2022-01-01,2022-03-31,32643,710860.0,3169760.0,713420.0,3172320.0,77.17045760384823,28.64912716509757,1.0,9.3890380859375,0.14645105600357056,0.28273847699165344,-0.028615005314350128,-0.2898915410041809,0.09680956602096558,True,tiles\Delhi\2022\Delhi_r02_c02.tif,12.0,0.000163,"POLYGON ((77.183307 28.637372, 77.183785 28.660462, 77.157606 28.660882, 77.157133 28.637791, 77.183307 28.637372))"
Delhi_r02_c03,Delhi,2022,2,3,2022-01-01,2022-03-31,32643,713420.0,3169760.0,715980.0,3172320.0,77.19663386690804,28.648705053185886,1.0,9.64605712890625,0.12308573722839355,0.28126880526542664,-0.029140613973140717,-0.2803058326244354,0.09239622950553894,True,tiles\Delhi\2022\Delhi_r02_c03.tif,12.0,0.000163,"POLYGON ((77.20948 28.636947, 77.209964 28.660038, 77.183785 28.660462, 77.183307 28.637372, 77.20948 28.636947))"
Delhi_r02_c04,Delhi,2022,2,4,2022-01-01,2022-03-31,32643,715980.0,3169760.0,718540.0,3172320.0,77.22280956399064,28.648277889299568,1.0,9.1187744140625,0.1710205078125,0.16355958580970764,0.025833215564489365,-0.23723873496055603,0.10629460960626602,True,tiles\Delhi\2022\Delhi_r02_c04.tif,12.0,0.000163,"POLYGON ((77.235652 28.636518, 77.236142 28.659608, 77.209964 28.660038, 77.20948 28.636947, 77.235652 28.636518))"
Delhi_r02_c05,Delhi,2022,2,5,2022-01-01,2022-03-31,32643,718540.0,3169760.0,721100.0,3172320.0,77.24898468837269,28.64784567384273,1.0,9.27252197265625,0.15704345703125,0.38581186532974243,-0.07333454489707947,-0.3303612470626831,0.08105924725532532,True,tiles\Delhi\2022\Delhi_r02_c05.tif,12.0,0.000163,"POLYGON ((77.261824 28.636083, 77.26232 28.659173, 77.236142 28.659608, 77.235652 28.636518, 77.261824 28.636083))"
Delhi_r02_c06,Delhi,2022,2,6,2022-01-01,2022-03-31,32643,721100.0,3169760.0,723660.0,3172320.0,77.27515923333172,28.64740840722429,1.0,9.133056640625,0.16972213983535767,0.18314000964164734,-0.023960869759321213,-0.19970311224460602,0.10319720208644867,True,tiles\Delhi\2022\Delhi_r02_c06.tif,12.0,0.000163,"POLYGON ((77.287996 28.635643, 77.288497 28.658733, 77.26232 28.659173, 77.261824 28.636083, 77.287996 28.635643))"
Delhi_r02_c07,Delhi,2022,2,7,2022-01-01,2022-03-31,32643,723660.0,3169760.0,726220.0,3172320.0,77.30133319214619,28.646966089857877,1.0,9.50567626953125,0.13584762811660767,0.23980456590652466,-0.0249971654266119,-0.2536821961402893,0.10517533868551254,True,tiles\Delhi\2022\Delhi_r02_c07.tif,12.0,0.000163,"POLYGON ((77.314166 28.635199, 77.314674 28.658288, 77.288497 28.658733, 77.287996 28.635643, 77.314166 28.635199))"
Delhi_r03_c00,Delhi,2022,3,0,2022-01-01,2022-03-31,32643,705740.0,3167200.0,708300.0,3169760.0,77.11763947932911,28.62686436015474,1.0,10.0,0.1666666865348816,0.2965031862258911,-0.02994384616613388,-0.31072375178337097,0.09336577355861664,True,tiles\Delhi\2022\Delhi_r03_c00.tif,12.0,0.000163,"POLYGON ((77.130492 28.615114, 77.130959 28.638205, 77.104784 28.638615, 77.104323 28.615522, 77.130492 28.615114))"
Delhi_r03_c01,Delhi,2022,3,1,2022-01-01,2022-03-31,32643,708300.0,3167200.0,710860.0,3169760.0,77.14381113119161,28.626452746075344,1.0,10.0,0.13220340013504028,0.34838175773620605,-0.04130006581544876,-0.3466145396232605,0.09153498709201813,True,tiles\Delhi\2022\Delhi_r03_c01.tif,12.0,0.000163,"POLYGON ((77.156661 28.6147, 77.157133 28.637791, 77.130959 28.638205, 77.130492 28.615114, 77.156661 28.6147))"
Delhi_r03_c02,Delhi,2022,3,2,2022-01-01,2022-03-31,32643,710860.0,3167200.0,713420.0,3169760.0,77.16998223103911,28.626036084040148,1.0,9.98809814453125,0.09199106693267822,0.5206401348114014,-0.08385820686817169,-0.4380563497543335,0.0632128044962883,True,tiles\Delhi\2022\Delhi_r03_c02.tif,12.0,0.000163,"POLYGON ((77.182829 28.614281, 77.183307 28.637372, 77.157133 28.637791, 77.156661 28.6147, 77.182829 28.614281))"
Delhi_r03_c03,Delhi,2022,3,3,2022-01-01,2022-03-31,32643,713420.0,3167200.0,715980.0,3169760.0,77.19615277215264,28.62561437444326,1.0,9.95513916015625,0.09498733282089233,0.48757582902908325,-0.096242755651474,-0.3970637321472168,0.06770803034305573,True,tiles\Delhi\2022\Delhi_r03_c03.tif,12.0,0.000163,"POLYGON ((77.208996 28.613857, 77.20948 28.636947, 77.183307 28.637372, 77.182829 28.614281, 77.208996 28.613857))"
Delhi_r03_c04,Delhi,2022,3,4,2022-01-01,2022-03-31,32643,715980.0,3167200.0,718540.0,3169760.0,77.22232274781419,28.62518761768356,1.0,9.73626708984375,0.11488479375839233,0.34696096181869507,-0.06604384630918503,-0.30864453315734863,0.08676660060882568,True,tiles\Delhi\2022\Delhi_r03_c04.tif,12.0,0.000163,"POLYGON ((77.235163 28.613428, 77.235652 28.636518, 77.20948 28.636947, 77.208996 28.613857, 77.235163 28.613428))"
Delhi_r03_c05,Delhi,2022,3,5,2022-01-01,2022-03-31,32643,718540.0,3167200.0,721100.0,3169760.0,77.24849215130665,28.624755814164665,1.0,9.55743408203125,0.13114237785339355,0.33750787377357483,-0.10582926869392395,-0.2559170722961426,0.08096476644277573,True,tiles\Delhi\2022\Delhi_r03_c05.tif,12.0,0.000163,"POLYGON ((77.261329 28.612993, 77.261824 28.636083, 77.235652 28.636518, 77.235163 28.613428, 77.261329 28.612993))"
Delhi_r03_c06,Delhi,2022,3,6,2022-01-01,2022-03-31,32643,721100.0,3167200.0,723660.0,3169760.0,77.27466097591376,28.624318964294968,1.0,9.85076904296875,0.10447555780410767,0.33861517906188965,-0.05935174226760864,-0.3133108913898468,0.09217836707830429,True,tiles\Delhi\2022\Delhi_r03_c06.tif,12.0,0.000163,"POLYGON ((77.287495 28.612554, 77.287996 28.635643, 77.261824 28.636083, 77.261329 28.612993, 77.287495 28.612554))"
Delhi_r03_c07,Delhi,2022,3,7,2022-01-01,2022-03-31,32643,723660.0,3167200.0,726220.0,3169760.0,77.30082921492016,28.62387706848759,1.0,9.4708251953125,0.13901591300964355,0.24662232398986816,-0.041058249771595,-0.2386842966079712,0.09900204837322235,True,tiles\Delhi\2022\Delhi_r03_c07.tif,12.0,0.000163,"POLYGON ((77.31366 28.61211, 77.314166 28.635199, 77.287996 28.635643, 77.287495 28.612554, 77.31366 28.61211))"
Delhi_r04_c00,Delhi,2022,4,0,2022-01-01,2022-03-31,32643,705740.0,3164640.0,708300.0,3167200.0,77.11717609725879,28.60377240330038,1.0,9.9552001953125,0.1703999638557434,0.38306570053100586,-0.04351181909441948,-0.3792496919631958,0.08169485628604889,True,tiles\Delhi\2022\Delhi_r04_c00.tif,12.0,0.000163,"POLYGON ((77.130026 28.592022, 77.130492 28.615114, 77.104323 28.615522, 77.103863 28.59243, 77.130026 28.592022))"
Delhi_r04_c01,Delhi,2022,4,1,2022-01-01,2022-03-31,32643,708300.0,3164640.0,710860.0,3167200.0,77.143342032863,28.60336118174313,1.0,9.98388671875,0.13360166549682617,0.5043761730194092,-0.09372767060995102,-0.4264083206653595,0.0623488686978817,True,tiles\Delhi\2022\Delhi_r04_c01.tif,12.0,0.000163,"POLYGON ((77.156189 28.591608, 77.156661 28.6147, 77.130492 28.615114, 77.130026 28.592022, 77.156189 28.591608))"
Delhi_r04_c02,Delhi,2022,4,2,2022-01-01,2022-03-31,32643,710860.0,3164640.0,713420.0,3167200.0,77.1695074169641,28.60294491704085,1.0,10.0,0.09090906381607056,0.5709019899368286,-0.11508007347583771,-0.4441792666912079,0.05600879341363907,True,tiles\Delhi\2022\Delhi_r04_c02.tif,12.0,0.000163,"POLYGON ((77.182351 28.59119, 77.182829 28.614281, 77.156661 28.6147, 77.156189 28.591608, 77.182351 28.59119))"
Delhi_r04_c03,Delhi,2022,4,3,2022-01-01,2022-03-31,32643,713420.0,3164640.0,715980.0,3167200.0,77.19567224284938,28.602523609587127,1.0,9.976806640625,0.093017578125,0.47731316089630127,-0.10132992267608643,-0.38281774520874023,0.07441696524620056,True,tiles\Delhi\2022\Delhi_r04_c03.tif,12.0,0.000163,"POLYGON ((77.208513 28.590766, 77.208996 28.613857, 77.182829 28.614281, 77.182351 28.59119, 77.208513 28.590766))"
Delhi_r04_c04,Delhi,2022,4,4,2022-01-01,2022-03-31,32643,715980.0,3164640.0,718540.0,3167200.0,77.22183650380704,28.602097259780365,1.0,9.8988037109375,0.10010874271392822,0.458270400762558,-0.10352684557437897,-0.3701412081718445,0.07470376789569855,True,tiles\Delhi\2022\Delhi_r04_c04.tif,12.0,0.000163,"POLYGON ((77.234674 28.590337, 77.235163 28.613428, 77.208996 28.613857, 77.208513 28.590766, 77.234674 28.590337))"
Delhi_r04_c05,Delhi,2022,4,5,2022-01-01,2022-03-31,32643,718540.0,3164640.0,721100.0,3167200.0,77.24800019312616,28.60166586802368,1.0,9.868896484375,0.10282760858535767,0.43395698070526123,-0.10514594614505768,-0.34428155422210693,0.07236851751804352,True,tiles\Delhi\2022\Delhi_r04_c05.tif,12.0,0.000163,"POLYGON ((77.260835 28.589904, 77.261329 28.612993, 77.235163 28.613428, 77.234674 28.590337, 77.260835 28.589904))"
Delhi_r04_c06,Delhi,2022,4,6,2022-01-01,2022-03-31,32643,721100.0,3164640.0,723660.0,3167200.0,77.2741633040967,28.601229434724956,1.0,10.6044921875,0.03595525026321411,0.39628034830093384,-0.12291684746742249,-0.2920844256877899,0.08321439474821091,True,tiles\Delhi\2022\Delhi_r04_c06.tif,12.0,0.000163,"POLYGON ((77.286995 28.589465, 77.287495 28.612554, 77.261329 28.612993, 77.260835 28.589904, 77.286995 28.589465))"
Delhi_r04_c07,Delhi,2022,4,7,2022-01-01,2022-03-31,32643,723660.0,3164640.0,726220.0,3167200.0,77.30032583000947,28.600787960296813,1.0,10.20721435546875,0.07207143306732178,0.2818550169467926,-0.04637795686721802,-0.2729911208152771,0.09515392780303955,True,tiles\Delhi\2022\Delhi_r04_c07.tif,12.0,0.000163,"POLYGON ((77.313154 28.589021, 77.31366 28.61211, 77.287495 28.612554, 77.286995 28.589465, 77.313154 28.589021))"
Delhi_r05_c00,Delhi,2022,5,0,2022-01-01,2022-03-31,32643,705740.0,3162080.0,708300.0,3164640.0,77.11671325997823,28.580680360891296,1.0,9.66339111328125,0.1947174072265625,0.39344674348831177,-0.023361705243587494,-0.4146525263786316,0.0898614153265953,True,tiles\Delhi\2022\Delhi_r05_c00.tif,12.0,0.000163,"POLYGON ((77.129561 28.56893, 77.130026 28.592022, 77.103863 28.59243, 77.103403 28.569338, 77.129561 28.56893))"
Delhi_r05_c01,Delhi,2022,5,1,2022-01-01,2022-03-31,32643,708300.0,3162080.0,710860.0,3164640.0,77.14287348603766,28.58026953168889,1.0,10.09979248046875,0.12354344129562378,0.42732030153274536,-0.0646262839436531,-0.3972640037536621,0.07818064838647842,True,tiles\Delhi\2022\Delhi_r05_c01.tif,12.0,0.000163,"POLYGON ((77.155718 28.568517, 77.156189 28.591608, 77.130026 28.592022, 77.129561 28.56893, 77.155718 28.568517))"
Delhi_r05_c02,Delhi,2022,5,2,2022-01-01,2022-03-31,32643,710860.0,3162080.0,713420.0,3164640.0,77.16903316110508,28.579853664150157,1.0,10.0,0.09090906381607056,0.4205206632614136,-0.08133159577846527,-0.36408835649490356,0.07620655000209808,True,tiles\Delhi\2022\Delhi_r05_c02.tif,12.0,0.000163,"POLYGON ((77.181874 28.568099, 77.182351 28.59119, 77.156189 28.591608, 77.155718 28.568517, 77.181874 28.568099))"
Delhi_r05_c03,Delhi,2022,5,3,2022-01-01,2022-03-31,32643,713420.0,3162080.0,715980.0,3164640.0,77.1951922784739,28.579432758668208,1.0,10.00140380859375,0.09078145027160645,0.41753268241882324,-0.06504817306995392,-0.3797299563884735,0.07722516357898712,True,tiles\Delhi\2022\Delhi_r05_c03.tif,12.0,0.000163,"POLYGON ((77.20803 28.567675, 77.208513 28.590766, 77.182351 28.59119, 77.181874 28.568099, 77.20803 28.567675))"
Delhi_r05_c04,Delhi,2022,5,4,2022-01-01,2022-03-31,32643,715980.0,3162080.0,718540.0,3164640.0,77.22135083143861,28.57900681564096,1.0,9.93890380859375,0.09646326303482056,0.310447633266449,-0.03775109723210335,-0.3093743920326233,0.08968485891819,True,tiles\Delhi\2022\Delhi_r05_c04.tif,12.0,0.000163,"POLYGON ((77.234186 28.567247, 77.234674 28.590337, 77.208513 28.590766, 77.20803 28.567675, 77.234186 28.567247))"
Delhi_r05_c05,Delhi,2022,5,5,2022-01-01,2022-03-31,32643,718540.0,3162080.0,721100.0,3164640.0,77.24750881329446,28.578575835471014,1.0,10.00152587890625,0.09077036380767822,0.30583682656288147,-0.042083341628313065,-0.30150651931762695,0.08973383903503418,True,tiles\Delhi\2022\Delhi_r05_c05.tif,12.0,0.000163,"POLYGON ((77.260341 28.566814, 77.260835 28.589904, 77.234674 28.590337, 77.234186 28.567247, 77.260341 28.566814))"
Delhi_r05_c06,Delhi,2022,5,6,2022-01-01,2022-03-31,32643,721100.0,3162080.0,723660.0,3164640.0,77.2736662173375,28.57813981856575,1.0,10.00006103515625,0.09090352058410645,0.3214966356754303,-0.06422010064125061,-0.28852397203445435,0.08489857614040375,True,tiles\Delhi\2022\Delhi_r05_c06.tif,12.0,0.000163,"POLYGON ((77.286495 28.566375, 77.286995 28.589465, 77.260835 28.589904, 77.260341 28.566814, 77.286495 28.566375))"
Delhi_r05_c07,Delhi,2022,5,7,2022-01-01,2022-03-31,32643,723660.0,3162080.0,726220.0,3164640.0,77.29982303686496,28.577698765337292,1.0,9.91583251953125,0.09856069087982178,0.330430269241333,-0.08983118832111359,-0.2619777321815491,0.07833601534366608,True,tiles\Delhi\2022\Delhi_r05_c07.tif,12.0,0.000163,"POLYGON ((77.312649 28.565932, 77.313154 28.589021, 77.286995 28.589465, 77.286495 28.566375, 77.312649 28.565932))"
Delhi_r06_c00,Delhi,2022,6,0,2022-01-01,2022-03-31,32643,705740.0,3159520.0,708300.0,3162080.0,77.11625096698258,28.557588232977555,1.0,9.80963134765625,0.1825307011604309,0.2394919991493225,0.03824964165687561,-0.3420507311820984,0.12332384288311005,True,tiles\Delhi\2022\Delhi_r06_c00.tif,12.0,0.000163,"POLYGON ((77.129096 28.545838, 77.129561 28.56893, 77.103403 28.569338, 77.102944 28.546246, 77.129096 28.545838))"
Delhi_r06_c01,Delhi,2022,6,1,2022-01-01,2022-03-31,32643,708300.0,3159520.0,710860.0,3162080.0,77.1424054902046,28.557177795962918,1.0,10.09674072265625,0.12380826473236084,0.46788251399993896,-0.05525737628340721,-0.43894511461257935,0.07125293463468552,True,tiles\Delhi\2022\Delhi_r06_c01.tif,12.0,0.000163,"POLYGON ((77.155247 28.545425, 77.155718 28.568517, 77.129561 28.56893, 77.129096 28.545838, 77.155247 28.545425))"
Delhi_r06_c02,Delhi,2022,6,2,2022-01-01,2022-03-31,32643,710860.0,3159520.0,713420.0,3162080.0,77.16855946294476,28.556762325418614,1.0,9.96270751953125,0.09429931640625,0.4172060489654541,-0.0698426365852356,-0.36814406514167786,0.07581786811351776,True,tiles\Delhi\2022\Delhi_r06_c02.tif,12.0,0.000163,"POLYGON ((77.181398 28.545007, 77.181874 28.568099, 77.155718 28.568517, 77.155247 28.545425, 77.181398 28.545007))"
Delhi_r06_c03,Delhi,2022,6,3,2022-01-01,2022-03-31,32643,713420.0,3159520.0,715980.0,3162080.0,77.19471287850277,28.5563418217373,1.0,9.99853515625,0.09104228019714355,0.4052234888076782,-0.08002569526433945,-0.34217900037765503,0.07768291234970093,True,tiles\Delhi\2022\Delhi_r06_c03.tif,12.0,0.000163,"POLYGON ((77.207548 28.544585, 77.20803 28.567675, 77.181874 28.568099, 77.181398 28.545007, 77.207548 28.544585))"
Delhi_r06_c04,Delhi,2022,6,4,2022-01-01,2022-03-31,32643,715980.0,3159520.0,718540.0,3162080.0,77.22086573017926,28.555916285316364,1.0,9.983154296875,0.09244054555892944,0.39758676290512085,-0.07835989445447922,-0.3443991541862488,0.07934461534023285,True,tiles\Delhi\2022\Delhi_r06_c04.tif,12.0,0.000163,"POLYGON ((77.233698 28.544157, 77.234186 28.567247, 77.20803 28.567675, 77.207548 28.544585, 77.233698 28.544157))"
Delhi_r06_c05,Delhi,2022,6,5,2022-01-01,2022-03-31,32643,718540.0,3159520.0,721100.0,3162080.0,77.24701801127564,28.555485716557936,1.0,9.98626708984375,0.09215754270553589,0.3167988061904907,-0.04825188219547272,-0.30525392293930054,0.08981828391551971,True,tiles\Delhi\2022\Delhi_r06_c05.tif,12.0,0.000163,"POLYGON ((77.259847 28.543724, 77.260341 28.566814, 77.234186 28.567247, 77.233698 28.544157, 77.259847 28.543724))"
Delhi_r06_c06,Delhi,2022,6,6,2022-01-01,2022-03-31,32643,721100.0,3159520.0,723660.0,3162080.0,77.27316971509423,28.55505011586887,1.0,9.9993896484375,0.09096455574035645,0.3698957562446594,-0.059465229511260986,-0.3405839800834656,0.08374866843223572,True,tiles\Delhi\2022\Delhi_r06_c06.tif,12.0,0.000163,"POLYGON ((77.285996 28.543286, 77.286495 28.566375, 77.260341 28.566814, 77.259847 28.543724, 77.285996 28.543286))"
Delhi_r06_c07,Delhi,2022,6,7,2022-01-01,2022-03-31,32643,723660.0,3159520.0,726220.0,3162080.0,77.29932083493833,28.554609483660794,1.0,10.0,0.09090906381607056,0.16225391626358032,-0.10791319608688354,-0.06737488508224487,0.08016598224639893,True,tiles\Delhi\2022\Delhi_r06_c07.tif,12.0,0.000163,"POLYGON ((77.312144 28.542843, 77.312649 28.565932, 77.286495 28.566375, 77.285996 28.543286, 77.312144 28.542843))"
Delhi_r07_c00,Delhi,2022,7,0,2022-01-01,2022-03-31,32643,705740.0,3156960.0,708300.0,3159520.0,77.11578921776777,28.534496019609257,1.0,9.71728515625,0.1902262568473816,0.3352978229522705,-0.019973793998360634,-0.3665667772293091,0.10074589401483536,True,tiles\Delhi\2022\Delhi_r07_c00.tif,12.0,0.000163,"POLYGON ((77.128632 28.522746, 77.129096 28.545838, 77.102944 28.546246, 77.102485 28.523153, 77.128632 28.522746))"
Delhi_r07_c01,Delhi,2022,7,1,2022-01-01,2022-03-31,32643,708300.0,3156960.0,710860.0,3159520.0,77.1419380448535,28.534085974615557,1.0,9.85748291015625,0.1445709466934204,0.4113296568393707,-0.07203835994005203,-0.37248846888542175,0.08377636969089508,True,tiles\Delhi\2022\Delhi_r07_c01.tif,12.0,0.000163,"POLYGON ((77.154777 28.522333, 77.155247 28.545425, 77.129096 28.545838, 77.128632 28.522746, 77.154777 28.522333))"
Delhi_r07_c02,Delhi,2022,7,2,2022-01-01,2022-03-31,32643,710860.0,3156960.0,713420.0,3159520.0,77.16808632196674,28.533670900896816,1.0,9.896484375,0.10031962394714355,0.5423280000686646,-0.10893788933753967,-0.4279254078865051,0.060285784304142,True,tiles\Delhi\2022\Delhi_r07_c02.tif,12.0,0.000163,"POLYGON ((77.180922 28.521916, 77.181398 28.545007, 77.155247 28.545425, 77.154777 28.522333, 77.180922 28.521916))"
Delhi_r07_c03,Delhi,2022,7,3,2022-01-01,2022-03-31,32643,713420.0,3156960.0,715980.0,3159520.0,77.19423404241337,28.533250798845206,1.0,9.70635986328125,0.11760365962982178,0.47228652238845825,-0.10261872410774231,-0.3754855692386627,0.07175096124410629,True,tiles\Delhi\2022\Delhi_r07_c03.tif,12.0,0.000163,"POLYGON ((77.207067 28.521494, 77.207548 28.544585, 77.181398 28.545007, 77.180922 28.521916, 77.207067 28.521494))"
Delhi_r07_c04,Delhi,2022,7,4,2022-01-01,2022-03-31,32643,715980.0,3156960.0,718540.0,3159520.0,77.22038119950018,28.532825668857644,1.0,9.8197021484375,0.1072998046875,0.3263702392578125,-0.04877020791172981,-0.3098186254501343,0.088914655148983,True,tiles\Delhi\2022\Delhi_r07_c04.tif,12.0,0.000163,"POLYGON ((77.233211 28.521066, 77.233698 28.544157, 77.207548 28.544585, 77.207067 28.521494, 77.233211 28.521066))"
Delhi_r07_c05,Delhi,2022,7,5,2022-01-01,2022-03-31,32643,718540.0,3156960.0,721100.0,3159520.0,77.24652778653476,28.532395511335743,1.0,9.77044677734375,0.11177754402160645,0.368125319480896,-0.07742052525281906,-0.3177488446235657,0.08266627788543701,True,tiles\Delhi\2022\Delhi_r07_c05.tif,12.0,0.000163,"POLYGON ((77.259355 28.520634, 77.259847 28.543724, 77.233698 28.544157, 77.233211 28.521066, 77.259355 28.520634))"
Delhi_r07_c06,Delhi,2022,7,6,2022-01-01,2022-03-31,32643,721100.0,3156960.0,723660.0,3159520.0,77.27267379682567,28.531960326685873,1.0,9.92083740234375,0.09810566902160645,0.28618624806404114,-0.01938285492360592,-0.30922845005989075,0.09749823063611984,True,tiles\Delhi\2022\Delhi_r07_c06.tif,12.0,0.000163,"POLYGON ((77.285497 28.520196, 77.285996 28.543286, 77.259847 28.543724, 77.259355 28.520634, 77.285497 28.520196))"
Delhi_r07_c07,Delhi,2022,7,7,2022-01-01,2022-03-31,32643,723660.0,3156960.0,726220.0,3159520.0,77.29881922368227,28.53152011531914,1.0,10.0001220703125,0.09089797735214233,0.30299198627471924,-0.02579244039952755,-0.3234643340110779,0.09585729241371155,True,tiles\Delhi\2022\Delhi_r07_c07.tif,12.0,0.000163,"POLYGON ((77.31164 28.519754, 77.312144 28.542843, 77.285996 28.543286, 77.285497 28.520196, 77.31164 28.519754))"
Delhi_r00_c00,Delhi,2023,0,0,2023-01-01,2023-03-31,32643,705740.0,3174880.0,708300.0,3177440.0,77.11903289934004,28.696139716889434,1.0,11.0677490234375,0.2621500492095947,0.26135265827178955,-0.019326459616422653,-0.2874394655227661,0.09961239248514175,True,tiles\Delhi\2023\Delhi_r00_c00.tif,15.0,4.725,"POLYGON ((77.131893 28.684388, 77.132362 28.70748, 77.10617 28.70789, 77.105707 28.684798, 77.131893 28.684388))"
Delhi_r00_c01,Delhi,2023,0,1,2023-01-01,2023-03-31,32643,708300.0,3174880.0,710860.0,3177440.0,77.1452217403209,28.695726924237366,1.0,11.10699462890625,0.20929068326950073,0.26284846663475037,-0.02474692091345787,-0.2806019186973572,0.09834133833646774,True,tiles\Delhi\2023\Delhi_r00_c01.tif,15.0,4.725,"POLYGON ((77.158079 28.683973, 77.158553 28.707064, 77.132362 28.70748, 77.131893 28.684388, 77.158079 28.683973))"
Delhi_r00_c02,Delhi,2023,0,2,2023-01-01,2023-03-31,32643,710860.0,3174880.0,713420.0,3177440.0,77.17141002774576,28.695309069184958,1.0,11.93536376953125,0.08189511299133301,0.2513757348060608,-0.0159724410623312,-0.2764890789985657,0.09818947315216064,True,tiles\Delhi\2023\Delhi_r00_c02.tif,15.0,4.725,"POLYGON ((77.184264 28.683553, 77.184744 28.706644, 77.158553 28.707064, 77.158079 28.683973, 77.184264 28.683553))"
Delhi_r00_c03,Delhi,2023,0,3,2023-01-01,2023-03-31,32643,713420.0,3174880.0,715980.0,3177440.0,77.19759775487707,28.6948861521278,1.0,11.60540771484375,0.1072763204574585,0.2715057134628296,-0.03443686664104462,-0.2696223855018616,0.09774448722600937,True,tiles\Delhi\2023\Delhi_r00_c03.tif,15.0,4.725,"POLYGON ((77.210449 28.683128, 77.210934 28.706218, 77.184744 28.706644, 77.184264 28.683553, 77.210449 28.683128))"
Delhi_r00_c04,Delhi,2023,0,4,2023-01-01,2023-03-31,32643,715980.0,3174880.0,718540.0,3177440.0,77.22378491497803,28.69445817346623,1.0,11.82666015625,0.09025692939758301,0.36260437965393066,-0.08663950860500336,-0.28521931171417236,0.08130350708961487,True,tiles\Delhi\2023\Delhi_r00_c04.tif,15.0,4.725,"POLYGON ((77.236633 28.682698, 77.237124 28.705787, 77.210934 28.706218, 77.210449 28.683128, 77.236633 28.682698))"
Delhi_r00_c05,Delhi,2023,0,5,2023-01-01,2023-03-31,32643,718540.0,3174880.0,721100.0,3177440.0,77.24997150131291,28.69402513360538,1.0,12.28582763671875,0.054936349391937256,0.36526501178741455,-0.08584617078304291,-0.30081892013549805,0.0890929251909256,True,tiles\Delhi\2023\Delhi_r00_c05.tif,15.0,4.725,"POLYGON ((77.262816 28.682262, 77.263313 28.705352, 77.237124 28.705787, 77.236633 28.682698, 77.262816 28.682262))"
Delhi_r00_c06,Delhi,2023,0,6,2023-01-01,2023-03-31,32643,721100.0,3174880.0,723660.0,3177440.0,77.27615750714673,28.693587032955154,1.0,11.73675537109375,0.09717267751693726,0.13565674424171448,0.010281424969434738,-0.20064736902713776,0.11207962036132812,True,tiles\Delhi\2023\Delhi_r00_c06.tif,15.0,4.725,"POLYGON ((77.288999 28.681822, 77.289502 28.704911, 77.263313 28.705352, 77.262816 28.682262, 77.288999 28.681822))"
Delhi_r00_c07,Delhi,2023,0,7,2023-01-01,2023-03-31,32643,723660.0,3174880.0,726220.0,3177440.0,77.30234292574546,28.69314387193023,1.0,11.3504638671875,0.12688738107681274,0.18989944458007812,-0.00412772735580802,-0.23574674129486084,0.1054135262966156,True,tiles\Delhi\2023\Delhi_r00_c07.tif,15.0,4.725,"POLYGON ((77.315181 28.681376, 77.31569 28.704465, 77.289502 28.704911, 77.288999 28.681822, 77.315181 28.681376))"
Delhi_r01_c00,Delhi,2023,1,0,2023-01-01,2023-03-31,32643,705740.0,3172320.0,708300.0,3174880.0,77.11856787986275,28.673048016999235,1.0,11.03704833984375,0.2641967535018921,0.2865167260169983,-0.024314282462000847,-0.3095216453075409,0.0928768441081047,True,tiles\Delhi\2023\Delhi_r01_c00.tif,15.0,4.725,"POLYGON ((77.131426 28.661297, 77.131893 28.684388, 77.105707 28.684798, 77.105245 28.661707, 77.131426 28.661297))"
Delhi_r01_c01,Delhi,2023,1,1,2023-01-01,2023-03-31,32643,708300.0,3172320.0,710860.0,3174880.0,77.14475098440738,28.672635617372674,1.0,11.49078369140625,0.18196868896484375,0.23651348054409027,-0.009478524327278137,-0.27607887983322144,0.10048507153987885,True,tiles\Delhi\2023\Delhi_r01_c01.tif,15.0,4.725,"POLYGON ((77.157606 28.660882, 77.158079 28.683973, 77.131893 28.684388, 77.131426 28.661297, 77.157606 28.660882))"
Delhi_r01_c02,Delhi,2023,1,2,2023-01-01,2023-03-31,32643,710860.0,3172320.0,713420.0,3174880.0,77.1709335359105,28.67221816016265,1.0,11.5118408203125,0.11447376012802124,0.19749408960342407,0.0022790771909058094,-0.24973729252815247,0.10465502738952637,True,tiles\Delhi\2023\Delhi_r01_c02.tif,15.0,4.725,"POLYGON ((77.183785 28.660462, 77.184264 28.683553, 77.158079 28.683973, 77.157606 28.660882, 77.183785 28.660462))"
Delhi_r01_c03,Delhi,2023,1,3,2023-01-01,2023-03-31,32643,713420.0,3172320.0,715980.0,3174880.0,77.1971155276408,28.67179564576428,1.0,11.8170166015625,0.09099870920181274,0.25264185667037964,-0.022110585123300552,-0.2689010202884674,0.09600838273763657,True,tiles\Delhi\2023\Delhi_r01_c03.tif,15.0,4.725,"POLYGON ((77.209964 28.660038, 77.210449 28.683128, 77.184264 28.683553, 77.183785 28.660462, 77.209964 28.660038))"
Delhi_r01_c04,Delhi,2023,1,4,2023-01-01,2023-03-31,32643,715980.0,3172320.0,718540.0,3174880.0,77.22329695286781,28.671368074577426,1.0,12.1785888671875,0.06318545341491699,0.298595666885376,-0.053214181214571,-0.26802337169647217,0.08761291205883026,True,tiles\Delhi\2023\Delhi_r01_c04.tif,15.0,4.725,"POLYGON ((77.236142 28.659608, 77.236633 28.682698, 77.210449 28.683128, 77.209964 28.660038, 77.236142 28.659608))"
Delhi_r01_c05,Delhi,2023,1,5,2023-01-01,2023-03-31,32643,718540.0,3172320.0,721100.0,3174880.0,77.24947780486191,28.670935447006695,1.0,12.12469482421875,0.06733119487762451,0.30056604743003845,-0.04955495148897171,-0.27991193532943726,0.09244226664304733,True,tiles\Delhi\2023\Delhi_r01_c05.tif,15.0,4.725,"POLYGON ((77.26232 28.659173, 77.262816 28.682262, 77.236633 28.682698, 77.236142 28.659608, 77.26232 28.659173))"
Delhi_r01_c06,Delhi,2023,1,6,2023-01-01,2023-03-31,32643,721100.0,3172320.0,723660.0,3174880.0,77.27565807689446,28.670497763461494,1.0,11.84991455078125,0.08846813440322876,0.1292535662651062,0.018752172589302063,-0.20288413763046265,0.11276835203170776,True,tiles\Delhi\2023\Delhi_r01_c06.tif,15.0,4.725,"POLYGON ((77.288497 28.658733, 77.288999 28.681822, 77.262816 28.682262, 77.26232 28.659173, 77.288497 28.658733))"
Delhi_r01_c07,Delhi,2023,1,7,2023-01-01,2023-03-31,32643,723660.0,3172320.0,726220.0,3174880.0,77.30183776223761,28.670055024355975,1.0,11.635009765625,0.10499924421310425,0.19344757497310638,-0.00761480862274766,-0.23515748977661133,0.10802733898162842,True,tiles\Delhi\2023\Delhi_r01_c07.tif,15.0,4.725,"POLYGON ((77.314674 28.658288, 77.315181 28.681376, 77.288999 28.681822, 77.288497 28.658733, 77.314674 28.658288))"
Delhi_r02_c00,Delhi,2023,2,0,2023-01-01,2023-03-31,32643,705740.0,3169760.0,708300.0,3172320.0,77.1181034066949,28.64995623140436,1.0,11.244873046875,0.2503417730331421,0.22358492016792297,-0.006317387335002422,-0.27010029554367065,0.1010579839348793,True,tiles\Delhi\2023\Delhi_r02_c00.tif,15.0,4.725,"POLYGON ((77.130959 28.638205, 77.131426 28.661297, 77.105245 28.661707, 77.104784 28.638615, 77.130959 28.638205))"
Delhi_r02_c01,Delhi,2023,2,1,2023-01-01,2023-03-31,32643,708300.0,3169760.0,710860.0,3172320.0,77.14428078153549,28.649544224635267,1.0,11.448486328125,0.1849798560142517,0.25898587703704834,-0.019153794273734093,-0.29182204604148865,0.10019244253635406,True,tiles\Delhi\2023\Delhi_r02_c01.tif,15.0,4.725,"POLYGON ((77.157133 28.637791, 77.157606 28.660882, 77.131426 28.661297, 77.130959 28.638205, 77.157133 28.637791))"
Delhi_r02_c02,Delhi,2023,2,2,2023-01-01,2023-03-31,32643,710860.0,3169760.0,713420.0,3172320.0,77.17045760384823,28.64912716509757,1.0,11.65087890625,0.10377854108810425,0.2584763765335083,-0.021904634311795235,-0.277226984500885,0.09979693591594696,True,tiles\Delhi\2023\Delhi_r02_c02.tif,15.0,4.725,"POLYGON ((77.183307 28.637372, 77.183785 28.660462, 77.157606 28.660882, 77.157133 28.637791, 77.183307 28.637372))"
Delhi_r02_c03,Delhi,2023,2,3,2023-01-01,2023-03-31,32643,713420.0,3169760.0,715980.0,3172320.0,77.19663386690804,28.648705053185886,1.0,12.33074951171875,0.05148082971572876,0.2600189745426178,-0.024885887280106544,-0.2702670693397522,0.09451963752508163,True,tiles\Delhi\2023\Delhi_r02_c03.tif,15.0,4.725,"POLYGON ((77.20948 28.636947, 77.209964 28.660038, 77.183785 28.660462, 77.183307 28.637372, 77.20948 28.636947))"
Delhi_r02_c04,Delhi,2023,2,4,2023-01-01,2023-03-31,32643,715980.0,3169760.0,718540.0,3172320.0,77.22280956399064,28.648277889299568,1.0,12.32037353515625,0.05227893590927124,0.15924042463302612,0.022292885929346085,-0.23578065633773804,0.1065414771437645,True,tiles\Delhi\2023\Delhi_r02_c04.tif,15.0,4.725,"POLYGON ((77.235652 28.636518, 77.236142 28.659608, 77.209964 28.660038, 77.20948 28.636947, 77.235652 28.636518))"
Delhi_r02_c05,Delhi,2023,2,5,2023-01-01,2023-03-31,32643,718540.0,3169760.0,721100.0,3172320.0,77.24898468837269,28.64784567384273,1.0,11.67132568359375,0.10220569372177124,0.3646075129508972,-0.059578318148851395,-0.331879585981369,0.08326031267642975,True,tiles\Delhi\2023\Delhi_r02_c05.tif,15.0,4.725,"POLYGON ((77.261824 28.636083, 77.26232 28.659173, 77.236142 28.659608, 77.235652 28.636518, 77.261824 28.636083))"
Delhi_r02_c06,Delhi,2023,2,6,2023-01-01,2023-03-31,32643,721100.0,3169760.0,723660.0,3172320.0,77.27515923333172,28.64740840722429,1.0,12.100341796875,0.06920444965362549,0.1702176034450531,-0.010708476416766644,-0.20306919515132904,0.10502642393112183,True,tiles\Delhi\2023\Delhi_r02_c06.tif,15.0,4.725,"POLYGON ((77.287996 28.635643, 77.288497 28.658733, 77.26232 28.659173, 77.261824 28.636083, 77.287996 28.635643))"
Delhi_r02_c07,Delhi,2023,2,7,2023-01-01,2023-03-31,32643,723660.0,3169760.0,726220.0,3172320.0,77.30133319214619,28.646966089857877,1.0,12.14483642578125,0.06578183174133301,0.23607277870178223,-0.02512437105178833,-0.25292956829071045,0.10436895489692688,True,tiles\Delhi\2023\Delhi_r02_c07.tif,15.0,4.725,"POLYGON ((77.314166 28.635199, 77.314674 28.658288, 77.288497 28.658733, 77.287996 28.635643, 77.314166 28.635199))"
Delhi_r03_c00,Delhi,2023,3,0,2023-01-01,2023-03-31,32643,705740.0,3167200.0,708300.0,3169760.0,77.11763947932911,28.62686436015474,1.0,11.61383056640625,0.2257446050643921,0.29314926266670227,-0.021554186940193176,-0.31569555401802063,0.09198471903800964,True,tiles\Delhi\2023\Delhi_r03_c00.tif,15.0,4.725,"POLYGON ((77.130492 28.615114, 77.130959 28.638205, 77.104784 28.638615, 77.104323 28.615522, 77.130492 28.615114))"
Delhi_r03_c01,Delhi,2023,3,1,2023-01-01,2023-03-31,32643,708300.0,3167200.0,710860.0,3169760.0,77.14381113119161,28.626452746075344,1.0,11.16156005859375,0.20540618896484375,0.3221275806427002,-0.022170059382915497,-0.3447669744491577,0.09183427691459656,True,tiles\Delhi\2023\Delhi_r03_c01.tif,15.0,4.725,"POLYGON ((77.156661 28.6147, 77.157133 28.637791, 77.130959 28.638205, 77.130492 28.615114, 77.156661 28.6147))"
Delhi_r03_c02,Delhi,2023,3,2,2023-01-01,2023-03-31,32643,710860.0,3167200.0,713420.0,3169760.0,77.16998223103911,28.626036084040148,1.0,12.12823486328125,0.06705886125564575,0.3948077857494354,0.0012002550065517426,-0.416445255279541,0.0710267573595047,True,tiles\Delhi\2023\Delhi_r03_c02.tif,15.0,4.725,"POLYGON ((77.182829 28.614281, 77.183307 28.637372, 77.157133 28.637791, 77.156661 28.6147, 77.182829 28.614281))"
Delhi_r03_c03,Delhi,2023,3,3,2023-01-01,2023-03-31,32643,713420.0,3167200.0,715980.0,3169760.0,77.19615277215264,28.62561437444326,1.0,12.232177734375,0.05906325578689575,0.4062468409538269,-0.04469284042716026,-0.3779135048389435,0.07347038388252258,True,tiles\Delhi\2023\Delhi_r03_c03.tif,15.0,4.725,"POLYGON ((77.208996 28.613857, 77.20948 28.636947, 77.183307 28.637372, 77.182829 28.614281, 77.208996 28.613857))"
Delhi_r03_c04,Delhi,2023,3,4,2023-01-01,2023-03-31,32643,715980.0,3167200.0,718540.0,3169760.0,77.22232274781419,28.62518761768356,1.0,12.15277099609375,0.06517148017883301,0.33765387535095215,-0.06455659121274948,-0.3002570569515228,0.08541275560855865,True,tiles\Delhi\2023\Delhi_r03_c04.tif,15.0,4.725,"POLYGON ((77.235163 28.613428, 77.235652 28.636518, 77.20948 28.636947, 77.208996 28.613857, 77.235163 28.613428))"
Delhi_r03_c05,Delhi,2023,3,5,2023-01-01,2023-03-31,32643,718540.0,3167200.0,721100.0,3169760.0,77.24849215130665,28.624755814164665,1.0,12.71099853515625,0.022230863571166992,0.3251342475414276,-0.08132484555244446,-0.26951873302459717,0.08131690323352814,True,tiles\Delhi\2023\Delhi_r03_c05.tif,15.0,4.725,"POLYGON ((77.261329 28.612993, 77.261824 28.636083, 77.235652 28.636518, 77.235163 28.613428, 77.261329 28.612993))"
Delhi_r03_c06,Delhi,2023,3,6,2023-01-01,2023-03-31,32643,721100.0,3167200.0,723660.0,3169760.0,77.27466097591376,28.624318964294968,1.0,12.53240966796875,0.03596848249435425,0.3116340935230255,-0.03962000831961632,-0.31055527925491333,0.0935913622379303,True,tiles\Delhi\2023\Delhi_r03_c06.tif,15.0,4.725,"POLYGON ((77.287495 28.612554, 77.287996 28.635643, 77.261824 28.636083, 77.261329 28.612993, 77.287495 28.612554))"
Delhi_r03_c07,Delhi,2023,3,7,2023-01-01,2023-03-31,32643,723660.0,3167200.0,726220.0,3169760.0,77.30082921492016,28.62387706848759,1.0,12.189453125,0.06234973669052124,0.23160743713378906,-0.025779470801353455,-0.24848303198814392,0.10106184333562851,True,tiles\Delhi\2023\Delhi_r03_c07.tif,15.0,4.725,"POLYGON ((77.31366 28.61211, 77.314166 28.635199, 77.287996 28.635643, 77.287495 28.612554, 77.31366 28.61211))"
Delhi_r04_c00,Delhi,2023,4,0,2023-01-01,2023-03-31,32643,705740.0,3164640.0,708300.0,3167200.0,77.11717609725879,28.60377240330038,1.0,11.39508056640625,0.24032795429229736,0.3506588935852051,-0.01495387963950634,-0.3810872435569763,0.08277349919080734,True,tiles\Delhi\2023\Delhi_r04_c00.tif,15.0,4.725,"POLYGON ((77.130026 28.592022, 77.130492 28.615114, 77.104323 28.615522, 77.103863 28.59243, 77.130026 28.592022))"
Delhi_r04_c01,Delhi,2023,4,1,2023-01-01,2023-03-31,32643,708300.0,3164640.0,710860.0,3167200.0,77.143342032863,28.60336118174313,1.0,11.562255859375,0.17688053846359253,0.4512724280357361,-0.06368008255958557,-0.40837782621383667,0.06677228957414627,True,tiles\Delhi\2023\Delhi_r04_c01.tif,15.0,4.725,"POLYGON ((77.156189 28.591608, 77.156661 28.6147, 77.130492 28.615114, 77.130026 28.592022, 77.156189 28.591608))"
Delhi_r04_c02,Delhi,2023,4,2,2023-01-01,2023-03-31,32643,710860.0,3164640.0,713420.0,3167200.0,77.1695074169641,28.60294491704085,1.0,11.8994140625,0.08466047048568726,0.47845458984375,-0.06657269597053528,-0.4124259948730469,0.06223854050040245,True,tiles\Delhi\2023\Delhi_r04_c02.tif,15.0,4.725,"POLYGON ((77.182351 28.59119, 77.182829 28.614281, 77.156661 28.6147, 77.156189 28.591608, 77.182351 28.59119))"
Delhi_r04_c03,Delhi,2023,4,3,2023-01-01,2023-03-31,32643,713420.0,3164640.0,715980.0,3167200.0,77.19567224284938,28.602523609587127,1.0,11.5689697265625,0.11007922887802124,0.43549299240112305,-0.0894041657447815,-0.35363397002220154,0.0773041844367981,True,tiles\Delhi\2023\Delhi_r04_c03.tif,15.0,4.725,"POLYGON ((77.208513 28.590766, 77.208996 28.613857, 77.182829 28.614281, 77.182351 28.59119, 77.208513 28.590766))"
Delhi_r04_c04,Delhi,2023,4,4,2023-01-01,2023-03-31,32643,715980.0,3164640.0,718540.0,3167200.0,77.22183650380704,28.602097259780365,1.0,12.4268798828125,0.04408615827560425,0.43740367889404297,-0.10575030744075775,-0.34325486421585083,0.07498790323734283,True,tiles\Delhi\2023\Delhi_r04_c04.tif,15.0,4.725,"POLYGON ((77.234674 28.590337, 77.235163 28.613428, 77.208996 28.613857, 77.208513 28.590766, 77.234674 28.590337))"
Delhi_r04_c05,Delhi,2023,4,5,2023-01-01,2023-03-31,32643,718540.0,3164640.0,721100.0,3167200.0,77.24800019312616,28.60166586802368,1.0,12.7176513671875,0.02171909809112549,0.3928857445716858,-0.08269809186458588,-0.33017101883888245,0.0765676498413086,True,tiles\Delhi\2023\Delhi_r04_c05.tif,15.0,4.725,"POLYGON ((77.260835 28.589904, 77.261329 28.612993, 77.235163 28.613428, 77.234674 28.590337, 77.260835 28.589904))"
Delhi_r04_c06,Delhi,2023,4,6,2023-01-01,2023-03-31,32643,721100.0,3164640.0,723660.0,3167200.0,77.2741633040967,28.601229434724956,1.0,12.02557373046875,0.07495588064193726,0.3785797655582428,-0.1269254982471466,-0.2673485279083252,0.08426806330680847,True,tiles\Delhi\2023\Delhi_r04_c06.tif,15.0,4.725,"POLYGON ((77.286995 28.589465, 77.287495 28.612554, 77.261329 28.612993, 77.260835 28.589904, 77.286995 28.589465))"
Delhi_r04_c07,Delhi,2023,4,7,2023-01-01,2023-03-31,32643,723660.0,3164640.0,726220.0,3167200.0,77.30032583000947,28.600787960296813,1.0,12.40972900390625,0.045405447483062744,0.281500905752182,-0.05118488520383835,-0.26820528507232666,0.0953117161989212,True,tiles\Delhi\2023\Delhi_r04_c07.tif,15.0,4.725,"POLYGON ((77.313154 28.589021, 77.31366 28.61211, 77.287495 28.612554, 77.286995 28.589465, 77.313154 28.589021))"
Delhi_r05_c00,Delhi,2023,5,0,2023-01-01,2023-03-31,32643,705740.0,3162080.0,708300.0,3164640.0,77.11671325997823,28.580680360891296,1.0,11.39453125,0.24036461114883423,0.3643447756767273,0.0016351244412362576,-0.41629651188850403,0.0900755226612091,True,tiles\Delhi\2023\Delhi_r05_c00.tif,15.0,4.725,"POLYGON ((77.129561 28.56893, 77.130026 28.592022, 77.103863 28.59243, 77.103403 28.569338, 77.129561 28.56893))"
Delhi_r05_c01,Delhi,2023,5,1,2023-01-01,2023-03-31,32643,708300.0,3162080.0,710860.0,3164640.0,77.14287348603766,28.58026953168889,1.0,12.315185546875,0.12327933311462402,0.39769861102104187,-0.053960561752319336,-0.3800618648529053,0.08073951303958893,True,tiles\Delhi\2023\Delhi_r05_c01.tif,15.0,4.725,"POLYGON ((77.155718 28.568517, 77.156189 28.591608, 77.130026 28.592022, 77.129561 28.56893, 77.155718 28.568517))"
Delhi_r05_c02,Delhi,2023,5,2,2023-01-01,2023-03-31,32643,710860.0,3162080.0,713420.0,3164640.0,77.16903316110508,28.579853664150157,1.0,11.96875,0.07932692766189575,0.39222222566604614,-0.08281300216913223,-0.32964181900024414,0.07949044555425644,True,tiles\Delhi\2023\Delhi_r05_c02.tif,15.0,4.725,"POLYGON ((77.181874 28.568099, 77.182351 28.59119, 77.156189 28.591608, 77.155718 28.568517, 77.181874 28.568099))"
Delhi_r05_c03,Delhi,2023,5,3,2023-01-01,2023-03-31,32643,713420.0,3162080.0,715980.0,3164640.0,77.1951922784739,28.579432758668208,1.0,11.70135498046875,0.09989577531814575,0.3841066062450409,-0.06024054437875748,-0.3504102826118469,0.08009836077690125,True,tiles\Delhi\2023\Delhi_r05_c03.tif,15.0,4.725,"POLYGON ((77.20803 28.567675, 77.208513 28.590766, 77.182351 28.59119, 77.181874 28.568099, 77.20803 28.567675))"
Delhi_r05_c04,Delhi,2023,5,4,2023-01-01,2023-03-31,32643,715980.0,3162080.0,718540.0,3164640.0,77.22135083143861,28.57900681564096,1.0,12.75048828125,0.01919323205947876,0.29481565952301025,-0.03949621692299843,-0.2901807427406311,0.0917125791311264,True,tiles\Delhi\2023\Delhi_r05_c04.tif,15.0,4.725,"POLYGON ((77.234186 28.567247, 77.234674 28.590337, 77.208513 28.590766, 77.20803 28.567675, 77.234186 28.567247))"
Delhi_r05_c05,Delhi,2023,5,5,2023-01-01,2023-03-31,32643,718540.0,3162080.0,721100.0,3164640.0,77.24750881329446,28.578575835471014,1.0,12.240478515625,0.05842471122741699,0.2847331166267395,-0.041308239102363586,-0.2803955078125,0.0916614681482315,True,tiles\Delhi\2023\Delhi_r05_c05.tif,15.0,4.725,"POLYGON ((77.260341 28.566814, 77.260835 28.589904, 77.234674 28.590337, 77.234186 28.567247, 77.260341 28.566814))"
Delhi_r05_c06,Delhi,2023,5,6,2023-01-01,2023-03-31,32643,721100.0,3162080.0,723660.0,3164640.0,77.2736662173375,28.57813981856575,1.0,11.522216796875,0.11367565393447876,0.30693262815475464,-0.06249711290001869,-0.27286234498023987,0.08690336346626282,True,tiles\Delhi\2023\Delhi_r05_c06.tif,15.0,4.725,"POLYGON ((77.286495 28.566375, 77.286995 28.589465, 77.260835 28.589904, 77.260341 28.566814, 77.286495 28.566375))"
Delhi_r05_c07,Delhi,2023,5,7,2023-01-01,2023-03-31,32643,723660.0,3162080.0,726220.0,3164640.0,77.29982303686496,28.577698765337292,1.0,12.80108642578125,0.015301048755645752,0.3233112692832947,-0.08989977091550827,-0.24872764945030212,0.07927605509757996,True,tiles\Delhi\2023\Delhi_r05_c07.tif,15.0,4.725,"POLYGON ((77.312649 28.565932, 77.313154 28.589021, 77.286995 28.589465, 77.286495 28.566375, 77.312649 28.565932))"
Delhi_r06_c00,Delhi,2023,6,0,2023-01-01,2023-03-31,32643,705740.0,3159520.0,708300.0,3162080.0,77.11625096698258,28.557588232977555,1.0,12.8592529296875,0.14271646738052368,0.2044433355331421,0.058950528502464294,-0.33826780319213867,0.12750396132469177,True,tiles\Delhi\2023\Delhi_r06_c00.tif,15.0,4.725,"POLYGON ((77.129096 28.545838, 77.129561 28.56893, 77.103403 28.569338, 77.102944 28.546246, 77.129096 28.545838))"
Delhi_r06_c01,Delhi,2023,6,1,2023-01-01,2023-03-31,32643,708300.0,3159520.0,710860.0,3162080.0,77.1424054902046,28.557177795962918,1.0,12.8702392578125,0.08376497030258179,0.4160323739051819,-0.021686257794499397,-0.4303141236305237,0.07410706579685211,True,tiles\Delhi\2023\Delhi_r06_c01.tif,15.0,4.725,"POLYGON ((77.155247 28.545425, 77.155718 28.568517, 77.129561 28.56893, 77.129096 28.545838, 77.155247 28.545425))"
Delhi_r06_c02,Delhi,2023,6,2,2023-01-01,2023-03-31,32643,710860.0,3159520.0,713420.0,3162080.0,77.16855946294476,28.556762325418614,1.0,12.32379150390625,0.05201601982116699,0.3976777195930481,-0.0759529396891594,-0.3418927788734436,0.07844355702400208,True,tiles\Delhi\2023\Delhi_r06_c02.tif,15.0,4.725,"POLYGON ((77.181398 28.545007, 77.181874 28.568099, 77.155718 28.568517, 77.155247 28.545425, 77.181398 28.545007))"
Delhi_r06_c03,Delhi,2023,6,3,2023-01-01,2023-03-31,32643,713420.0,3159520.0,715980.0,3162080.0,77.19471287850277,28.5563418217373,1.0,12.61163330078125,0.02987438440322876,0.38127654790878296,-0.08229217678308487,-0.3162161707878113,0.0802759975194931,True,tiles\Delhi\2023\Delhi_r06_c03.tif,15.0,4.725,"POLYGON ((77.207548 28.544585, 77.20803 28.567675, 77.181874 28.568099, 77.181398 28.545007, 77.207548 28.544585))"
Delhi_r06_c04,Delhi,2023,6,4,2023-01-01,2023-03-31,32643,715980.0,3159520.0,718540.0,3162080.0,77.22086573017926,28.555916285316364,1.0,12.548828125,0.034705519676208496,0.37637582421302795,-0.07842724025249481,-0.3230355679988861,0.08094745874404907,True,tiles\Delhi\2023\Delhi_r06_c04.tif,15.0,4.725,"POLYGON ((77.233698 28.544157, 77.234186 28.567247, 77.20803 28.567675, 77.207548 28.544585, 77.233698 28.544157))"
Delhi_r06_c05,Delhi,2023,6,5,2023-01-01,2023-03-31,32643,718540.0,3159520.0,721100.0,3162080.0,77.24701801127564,28.555485716557936,1.0,11.73248291015625,0.09750133752822876,0.2952191233634949,-0.04769669473171234,-0.28239327669143677,0.09153160452842712,True,tiles\Delhi\2023\Delhi_r06_c05.tif,15.0,4.725,"POLYGON ((77.259847 28.543724, 77.260341 28.566814, 77.234186 28.567247, 77.233698 28.544157, 77.259847 28.543724))"
Delhi_r06_c06,Delhi,2023,6,6,2023-01-01,2023-03-31,32643,721100.0,3159520.0,723660.0,3162080.0,77.27316971509423,28.55505011586887,1.0,12.31689453125,0.052546560764312744,0.3343040943145752,-0.04867689311504364,-0.3174218535423279,0.08818933367729187,True,tiles\Delhi\2023\Delhi_r06_c06.tif,15.0,4.725,"POLYGON ((77.285996 28.543286, 77.286495 28.566375, 77.260341 28.566814, 77.259847 28.543724, 77.285996 28.543286))"
Delhi_r06_c07,Delhi,2023,6,7,2023-01-01,2023-03-31,32643,723660.0,3159520.0,726220.0,3162080.0,77.29932083493833,28.554609483660794,1.0,12.7718505859375,0.01754993200302124,0.21362169086933136,-0.1337858885526657,-0.07887449860572815,0.08009368181228638,True,tiles\Delhi\2023\Delhi_r06_c07.tif,15.0,4.725,"POLYGON ((77.312144 28.542843, 77.312649 28.565932, 77.286495 28.566375, 77.285996 28.543286, 77.312144 28.542843))"
Delhi_r07_c00,Delhi,2023,7,0,2023-01-01,2023-03-31,32643,705740.0,3156960.0,708300.0,3159520.0,77.11578921776777,28.534496019609257,1.0,13.1907958984375,0.12061363458633423,0.3102115988731384,-0.004670996218919754,-0.36763477325439453,0.10134407132863998,True,tiles\Delhi\2023\Delhi_r07_c00.tif,15.0,4.725,"POLYGON ((77.128632 28.522746, 77.129096 28.545838, 77.102944 28.546246, 77.102485 28.523153, 77.128632 28.522746))"
Delhi_r07_c01,Delhi,2023,7,1,2023-01-01,2023-03-31,32643,708300.0,3156960.0,710860.0,3159520.0,77.1419380448535,28.534085974615557,1.0,13.0987548828125,0.0674968957901001,0.3892177641391754,-0.057258691638708115,-0.37025269865989685,0.0852775126695633,True,tiles\Delhi\2023\Delhi_r07_c01.tif,15.0,4.725,"POLYGON ((77.154777 28.522333, 77.155247 28.545425, 77.129096 28.545838, 77.128632 28.522746, 77.154777 28.522333))"
Delhi_r07_c02,Delhi,2023,7,2,2023-01-01,2023-03-31,32643,710860.0,3156960.0,713420.0,3159520.0,77.16808632196674,28.533670900896816,1.0,12.2635498046875,0.05665004253387451,0.4884486794471741,-0.08710862696170807,-0.40482527017593384,0.0650242418050766,True,tiles\Delhi\2023\Delhi_r07_c02.tif,15.0,4.725,"POLYGON ((77.180922 28.521916, 77.181398 28.545007, 77.155247 28.545425, 77.154777 28.522333, 77.180922 28.521916))"
Delhi_r07_c03,Delhi,2023,7,3,2023-01-01,2023-03-31,32643,713420.0,3156960.0,715980.0,3159520.0,77.19423404241337,28.533250798845206,1.0,12.81256103515625,0.014418363571166992,0.45566651225090027,-0.10154958814382553,-0.3670044243335724,0.07341982424259186,True,tiles\Delhi\2023\Delhi_r07_c03.tif,15.0,4.725,"POLYGON ((77.207067 28.521494, 77.207548 28.544585, 77.181398 28.545007, 77.180922 28.521916, 77.207067 28.521494))"
Delhi_r07_c04,Delhi,2023,7,4,2023-01-01,2023-03-31,32643,715980.0,3156960.0,718540.0,3159520.0,77.22038119950018,28.532825668857644,1.0,11.75958251953125,0.09541672468185425,0.31835973262786865,-0.054903700947761536,-0.2964661419391632,0.0898849219083786,True,tiles\Delhi\2023\Delhi_r07_c04.tif,15.0,4.725,"POLYGON ((77.233211 28.521066, 77.233698 28.544157, 77.207548 28.544585, 77.207067 28.521494, 77.233211 28.521066))"
Delhi_r07_c05,Delhi,2023,7,5,2023-01-01,2023-03-31,32643,718540.0,3156960.0,721100.0,3159520.0,77.24652778653476,28.532395511335743,1.0,11.8607177734375,0.08763706684112549,0.3436737656593323,-0.06814779341220856,-0.3034641742706299,0.08441536128520966,True,tiles\Delhi\2023\Delhi_r07_c05.tif,15.0,4.725,"POLYGON ((77.259355 28.520634, 77.259847 28.543724, 77.233698 28.544157, 77.233211 28.521066, 77.259355 28.520634))"
Delhi_r07_c06,Delhi,2023,7,6,2023-01-01,2023-03-31,32643,721100.0,3156960.0,723660.0,3159520.0,77.27267379682567,28.531960326685873,1.0,12.46514892578125,0.041142404079437256,0.26442795991897583,-0.011210710741579533,-0.2974129021167755,0.09926887601613998,True,tiles\Delhi\2023\Delhi_r07_c06.tif,15.0,4.725,"POLYGON ((77.285497 28.520196, 77.285996 28.543286, 77.259847 28.543724, 77.259355 28.520634, 77.285497 28.520196))"
Delhi_r07_c07,Delhi,2023,7,7,2023-01-01,2023-03-31,32643,723660.0,3156960.0,726220.0,3159520.0,77.29881922368227,28.53152011531914,1.0,12.61822509765625,0.02936732769012451,0.271636039018631,-0.010976688005030155,-0.310092568397522,0.10175951570272446,True,tiles\Delhi\2023\Delhi_r07_c07.tif,15.0,4.725,"POLYGON ((77.31164 28.519754, 77.312144 28.542843, 77.285996 28.543286, 77.285497 28.520196, 77.31164 28.519754))"
Delhi_r00_c00,Delhi,2024,0,0,2024-01-01,2024-03-31,32643,705740.0,3174880.0,708300.0,3177440.0,77.11903289934004,28.696139716889434,1.0,10.181640625,0.1515299677848816,0.27166008949279785,-0.020602256059646606,-0.2999711036682129,0.10161098837852478,True,tiles\Delhi\2024\Delhi_r00_c00.tif,,,"POLYGON ((77.131893 28.684388, 77.132362 28.70748, 77.10617 28.70789, 77.105707 28.684798, 77.131893 28.684388))"
Delhi_r00_c01,Delhi,2024,0,1,2024-01-01,2024-03-31,32643,708300.0,3174880.0,710860.0,3177440.0,77.1452217403209,28.695726924237366,1.0,10.31927490234375,0.1400604248046875,0.26682737469673157,-0.03348875790834427,-0.2766745984554291,0.10214582085609436,True,tiles\Delhi\2024\Delhi_r00_c01.tif,,,"POLYGON ((77.158079 28.683973, 77.158553 28.707064, 77.132362 28.70748, 77.131893 28.684388, 77.158079 28.683973))"
Delhi_r00_c02,Delhi,2024,0,2,2024-01-01,2024-03-31,32643,710860.0,3174880.0,713420.0,3177440.0,77.17141002774576,28.695309069184958,1.0,8.89990234375,0.2583414912223816,0.250012069940567,-0.01773745007812977,-0.2723485827445984,0.10200410336256027,True,tiles\Delhi\2024\Delhi_r00_c02.tif,,,"POLYGON ((77.184264 28.683553, 77.184744 28.706644, 77.158553 28.707064, 77.158079 28.683973, 77.184264 28.683553))"
Delhi_r00_c03,Delhi,2024,0,3,2024-01-01,2024-03-31,32643,713420.0,3174880.0,715980.0,3177440.0,77.19759775487707,28.6948861521278,1.0,7.30731201171875,0.3910573124885559,0.2762787640094757,-0.030303167179226875,-0.2804616391658783,0.10075332224369049,True,tiles\Delhi\2024\Delhi_r00_c03.tif,,,"POLYGON ((77.210449 28.683128, 77.210934 28.706218, 77.184744 28.706644, 77.184264 28.683553, 77.210449 28.683128))"
Delhi_r00_c04,Delhi,2024,0,4,2024-01-01,2024-03-31,32643,715980.0,3174880.0,718540.0,3177440.0,77.22378491497803,28.69445817346623,1.0,6.77227783203125,0.4356434941291809,0.3718191981315613,-0.08259034901857376,-0.3017750680446625,0.08149094879627228,True,tiles\Delhi\2024\Delhi_r00_c04.tif,,,"POLYGON ((77.236633 28.682698, 77.237124 28.705787, 77.210934 28.706218, 77.210449 28.683128, 77.236633 28.682698))"
Delhi_r00_c05,Delhi,2024,0,5,2024-01-01,2024-03-31,32643,718540.0,3174880.0,721100.0,3177440.0,77.24997150131291,28.69402513360538,1.0,6.338623046875,0.4717814326286316,0.3569492697715759,-0.07283645123243332,-0.30248263478279114,0.09212684631347656,True,tiles\Delhi\2024\Delhi_r00_c05.tif,,,"POLYGON ((77.262816 28.682262, 77.263313 28.705352, 77.237124 28.705787, 77.236633 28.682698, 77.262816 28.682262))"
Delhi_r00_c06,Delhi,2024,0,6,2024-01-01,2024-03-31,32643,721100.0,3174880.0,723660.0,3177440.0,77.27615750714673,28.693587032955154,1.0,7.2374267578125,0.396881103515625,0.14567452669143677,0.017062433063983917,-0.21937549114227295,0.11531471461057663,True,tiles\Delhi\2024\Delhi_r00_c06.tif,,,"POLYGON ((77.288999 28.681822, 77.289502 28.704911, 77.263313 28.705352, 77.262816 28.682262, 77.288999 28.681822))"
Delhi_r00_c07,Delhi,2024,0,7,2024-01-01,2024-03-31,32643,723660.0,3174880.0,726220.0,3177440.0,77.30234292574546,28.69314387193023,1.0,7.21533203125,0.3987223505973816,0.20620031654834747,-0.006454093381762505,-0.251498281955719,0.10682722926139832,True,tiles\Delhi\2024\Delhi_r00_c07.tif,,,"POLYGON ((77.315181 28.681376, 77.31569 28.704465, 77.289502 28.704911, 77.288999 28.681822, 77.315181 28.681376))"
Delhi_r01_c00,Delhi,2024,1,0,2024-01-01,2024-03-31,32643,705740.0,3172320.0,708300.0,3174880.0,77.11856787986275,28.673048016999235,1.0,10.60760498046875,0.11603289842605591,0.2867777943611145,-0.02359163388609886,-0.31517937779426575,0.09811647236347198,True,tiles\Delhi\2024\Delhi_r01_c00.tif,,,"POLYGON ((77.131426 28.661297, 77.131893 28.684388, 77.105707 28.684798, 77.105245 28.661707, 77.131426 28.661297))"
Delhi_r01_c01,Delhi,2024,1,1,2024-01-01,2024-03-31,32643,708300.0,3172320.0,710860.0,3174880.0,77.14475098440738,28.672635617372674,1.0,10.05462646484375,0.1621144413948059,0.23645168542861938,-0.008428072556853294,-0.2777908444404602,0.10464368760585785,True,tiles\Delhi\2024\Delhi_r01_c01.tif,,,"POLYGON ((77.157606 28.660882, 77.158079 28.683973, 77.131893 28.684388, 77.131426 28.661297, 77.157606 28.660882))"
Delhi_r01_c02,Delhi,2024,1,2,2024-01-01,2024-03-31,32643,710860.0,3172320.0,713420.0,3174880.0,77.1709335359105,28.67221816016265,1.0,9.38629150390625,0.2178090214729309,0.19956433773040771,-0.002540514338761568,-0.2469182014465332,0.10787785798311234,True,tiles\Delhi\2024\Delhi_r01_c02.tif,,,"POLYGON ((77.183785 28.660462, 77.184264 28.683553, 77.158079 28.683973, 77.157606 28.660882, 77.183785 28.660462))"
Delhi_r01_c03,Delhi,2024,1,3,2024-01-01,2024-03-31,32643,713420.0,3172320.0,715980.0,3174880.0,77.1971155276408,28.67179564576428,1.0,7.79791259765625,0.3501739501953125,0.2534671723842621,-0.024952784180641174,-0.2683088183403015,0.09951058030128479,True,tiles\Delhi\2024\Delhi_r01_c03.tif,,,"POLYGON ((77.209964 28.660038, 77.210449 28.683128, 77.184264 28.683553, 77.183785 28.660462, 77.209964 28.660038))"
Delhi_r01_c04,Delhi,2024,1,4,2024-01-01,2024-03-31,32643,715980.0,3172320.0,718540.0,3174880.0,77.22329695286781,28.671368074577426,1.0,7.674072265625,0.3604939579963684,0.3044319152832031,-0.05076862871646881,-0.27506303787231445,0.09043075889348984,True,tiles\Delhi\2024\Delhi_r01_c04.tif,,,"POLYGON ((77.236142 28.659608, 77.236633 28.682698, 77.210449 28.683128, 77.209964 28.660038, 77.236142 28.659608))"
Delhi_r01_c05,Delhi,2024,1,5,2024-01-01,2024-03-31,32643,718540.0,3172320.0,721100.0,3174880.0,77.24947780486191,28.670935447006695,1.0,7.6800537109375,0.3599955439567566,0.31733763217926025,-0.052617285400629044,-0.29414844512939453,0.09325108677148819,True,tiles\Delhi\2024\Delhi_r01_c05.tif,,,"POLYGON ((77.26232 28.659173, 77.262816 28.682262, 77.236633 28.682698, 77.236142 28.659608, 77.26232 28.659173))"
Delhi_r01_c06,Delhi,2024,1,6,2024-01-01,2024-03-31,32643,721100.0,3172320.0,723660.0,3174880.0,77.27565807689446,28.670497763461494,1.0,7.69268798828125,0.3589426875114441,0.14300429821014404,0.02111637033522129,-0.2193557173013687,0.11439922451972961,True,tiles\Delhi\2024\Delhi_r01_c06.tif,,,"POLYGON ((77.288497 28.658733, 77.288999 28.681822, 77.262816 28.682262, 77.26232 28.659173, 77.288497 28.658733))"
Delhi_r01_c07,Delhi,2024,1,7,2024-01-01,2024-03-31,32643,723660.0,3172320.0,726220.0,3174880.0,77.30183776223761,28.670055024355975,1.0,7.40362548828125,0.3830311894416809,0.21101438999176025,-0.00867795292288065,-0.2513868510723114,0.10780935734510422,True,tiles\Delhi\2024\Delhi_r01_c07.tif,,,"POLYGON ((77.314674 28.658288, 77.315181 28.681376, 77.288999 28.681822, 77.288497 28.658733, 77.314674 28.658288))"
Delhi_r02_c00,Delhi,2024,2,0,2024-01-01,2024-03-31,32643,705740.0,3169760.0,708300.0,3172320.0,77.1181034066949,28.64995623140436,1.0,9.84161376953125,0.1798655390739441,0.22660382091999054,-0.0048301867209374905,-0.28131669759750366,0.10485038161277771,True,tiles\Delhi\2024\Delhi_r02_c00.tif,,,"POLYGON ((77.130959 28.638205, 77.131426 28.661297, 77.105245 28.661707, 77.104784 28.638615, 77.130959 28.638205))"
Delhi_r02_c01,Delhi,2024,2,1,2024-01-01,2024-03-31,32643,708300.0,3169760.0,710860.0,3172320.0,77.14428078153549,28.649544224635267,1.0,10.0008544921875,0.166595458984375,0.26324209570884705,-0.022344153374433517,-0.296541690826416,0.10378386080265045,True,tiles\Delhi\2024\Delhi_r02_c01.tif,,,"POLYGON ((77.157133 28.637791, 77.157606 28.660882, 77.131426 28.661297, 77.130959 28.638205, 77.157133 28.637791))"
Delhi_r02_c02,Delhi,2024,2,2,2024-01-01,2024-03-31,32643,710860.0,3169760.0,713420.0,3172320.0,77.17045760384823,28.64912716509757,1.0,9.996826171875,0.16693115234375,0.26321354508399963,-0.02318909391760826,-0.28208988904953003,0.10226381570100784,True,tiles\Delhi\2024\Delhi_r02_c02.tif,,,"POLYGON ((77.183307 28.637372, 77.183785 28.660462, 77.157606 28.660882, 77.157133 28.637791, 77.183307 28.637372))"
Delhi_r02_c03,Delhi,2024,2,3,2024-01-01,2024-03-31,32643,713420.0,3169760.0,715980.0,3172320.0,77.19663386690804,28.648705053185886,1.0,9.55499267578125,0.2037506103515625,0.26433688402175903,-0.027538493275642395,-0.27091214060783386,0.09736806154251099,True,tiles\Delhi\2024\Delhi_r02_c03.tif,,,"POLYGON ((77.20948 28.636947, 77.209964 28.660038, 77.183785 28.660462, 77.183307 28.637372, 77.20948 28.636947))"
Delhi_r02_c04,Delhi,2024,2,4,2024-01-01,2024-03-31,32643,715980.0,3169760.0,718540.0,3172320.0,77.22280956399064,28.648277889299568,1.0,8.75067138671875,0.2707774043083191,0.1657072901725769,0.01771167851984501,-0.23541796207427979,0.11054098606109619,True,tiles\Delhi\2024\Delhi_r02_c04.tif,,,"POLYGON ((77.235652 28.636518, 77.236142 28.659608, 77.209964 28.660038, 77.20948 28.636947, 77.235652 28.636518))"
Delhi_r02_c05,Delhi,2024,2,5,2024-01-01,2024-03-31,32643,718540.0,3169760.0,721100.0,3172320.0,77.24898468837269,28.64784567384273,1.0,8.26068115234375,0.3116099238395691,0.375957727432251,-0.07078631967306137,-0.3328213691711426,0.08400126546621323,True,tiles\Delhi\2024\Delhi_r02_c05.tif,,,"POLYGON ((77.261824 28.636083, 77.26232 28.659173, 77.236142 28.659608, 77.235652 28.636518, 77.261824 28.636083))"
Delhi_r02_c06,Delhi,2024,2,6,2024-01-01,2024-03-31,32643,721100.0,3169760.0,723660.0,3172320.0,77.27515923333172,28.64740840722429,1.0,7.90655517578125,0.3411204218864441,0.185761958360672,-0.015427532605826855,-0.21395307779312134,0.10528174042701721,True,tiles\Delhi\2024\Delhi_r02_c06.tif,,,"POLYGON ((77.287996 28.635643, 77.288497 28.658733, 77.26232 28.659173, 77.261824 28.636083, 77.287996 28.635643))"
Delhi_r02_c07,Delhi,2024,2,7,2024-01-01,2024-03-31,32643,723660.0,3169760.0,726220.0,3172320.0,77.30133319214619,28.646966089857877,1.0,7.34197998046875,0.3881683349609375,0.24074786901474,-0.0169796422123909,-0.26512396335601807,0.1054832935333252,True,tiles\Delhi\2024\Delhi_r02_c07.tif,,,"POLYGON ((77.314166 28.635199, 77.314674 28.658288, 77.288497 28.658733, 77.287996 28.635643, 77.314166 28.635199))"
Delhi_r03_c00,Delhi,2024,3,0,2024-01-01,2024-03-31,32643,705740.0,3167200.0,708300.0,3169760.0,77.11763947932911,28.62686436015474,1.0,9.53955078125,0.2050374150276184,0.2960207462310791,-0.0100878169760108,-0.3410341739654541,0.09278349578380585,True,tiles\Delhi\2024\Delhi_r03_c00.tif,,,"POLYGON ((77.130492 28.615114, 77.130959 28.638205, 77.104784 28.638615, 77.104323 28.615522, 77.130492 28.615114))"
Delhi_r03_c01,Delhi,2024,3,1,2024-01-01,2024-03-31,32643,708300.0,3167200.0,710860.0,3169760.0,77.14381113119161,28.626452746075344,1.0,9.96490478515625,0.1695912480354309,0.32370448112487793,-0.018680846318602562,-0.3564693033695221,0.09351857006549835,True,tiles\Delhi\2024\Delhi_r03_c01.tif,,,"POLYGON ((77.156661 28.6147, 77.157133 28.637791, 77.130959 28.638205, 77.130492 28.615114, 77.156661 28.6147))"
Delhi_r03_c02,Delhi,2024,3,2,2024-01-01,2024-03-31,32643,710860.0,3167200.0,713420.0,3169760.0,77.16998223103911,28.626036084040148,1.0,9.87152099609375,0.1773732304573059,0.396131694316864,0.007274419069290161,-0.42764249444007874,0.0716056376695633,True,tiles\Delhi\2024\Delhi_r03_c02.tif,,,"POLYGON ((77.182829 28.614281, 77.183307 28.637372, 77.157133 28.637791, 77.156661 28.6147, 77.182829 28.614281))"
Delhi_r03_c03,Delhi,2024,3,3,2024-01-01,2024-03-31,32643,713420.0,3167200.0,715980.0,3169760.0,77.19615277215264,28.62561437444326,1.0,9.717529296875,0.1902058720588684,0.40855154395103455,-0.040295179933309555,-0.3807699680328369,0.07455046474933624,True,tiles\Delhi\2024\Delhi_r03_c03.tif,,,"POLYGON ((77.208996 28.613857, 77.20948 28.636947, 77.183307 28.637372, 77.182829 28.614281, 77.208996 28.613857))"
Delhi_r03_c04,Delhi,2024,3,4,2024-01-01,2024-03-31,32643,715980.0,3167200.0,718540.0,3169760.0,77.22232274781419,28.62518761768356,1.0,9.267333984375,0.22772216796875,0.3449949026107788,-0.0733053907752037,-0.29566627740859985,0.08944377303123474,True,tiles\Delhi\2024\Delhi_r03_c04.tif,,,"POLYGON ((77.235163 28.613428, 77.235652 28.636518, 77.20948 28.636947, 77.208996 28.613857, 77.235163 28.613428))"
Delhi_r03_c05,Delhi,2024,3,5,2024-01-01,2024-03-31,32643,718540.0,3167200.0,721100.0,3169760.0,77.24849215130665,28.624755814164665,1.0,8.35675048828125,0.3036041259765625,0.31527090072631836,-0.08511628210544586,-0.2530977725982666,0.08369699120521545,True,tiles\Delhi\2024\Delhi_r03_c05.tif,,,"POLYGON ((77.261329 28.612993, 77.261824 28.636083, 77.235652 28.636518, 77.235163 28.613428, 77.261329 28.612993))"
Delhi_r03_c06,Delhi,2024,3,6,2024-01-01,2024-03-31,32643,721100.0,3167200.0,723660.0,3169760.0,77.27466097591376,28.624318964294968,1.0,7.95819091796875,0.3368174433708191,0.33105289936065674,-0.05119375139474869,-0.31596654653549194,0.09488625079393387,True,tiles\Delhi\2024\Delhi_r03_c06.tif,,,"POLYGON ((77.287495 28.612554, 77.287996 28.635643, 77.261824 28.636083, 77.261329 28.612993, 77.287495 28.612554))"
Delhi_r03_c07,Delhi,2024,3,7,2024-01-01,2024-03-31,32643,723660.0,3167200.0,726220.0,3169760.0,77.30082921492016,28.62387706848759,1.0,7.622802734375,0.3647664189338684,0.2395847588777542,-0.015706708654761314,-0.2701554000377655,0.10269151628017426,True,tiles\Delhi\2024\Delhi_r03_c07.tif,,,"POLYGON ((77.31366 28.61211, 77.314166 28.635199, 77.287996 28.635643, 77.287495 28.612554, 77.31366 28.61211))"
Delhi_r04_c00,Delhi,2024,4,0,2024-01-01,2024-03-31,32643,705740.0,3164640.0,708300.0,3167200.0,77.11717609725879,28.60377240330038,1.0,9.84954833984375,0.1792042851448059,0.3321138620376587,-0.0023067211732268333,-0.38568124175071716,0.0870247408747673,True,tiles\Delhi\2024\Delhi_r04_c00.tif,,,"POLYGON ((77.130026 28.592022, 77.130492 28.615114, 77.104323 28.615522, 77.103863 28.59243, 77.130026 28.592022))"
Delhi_r04_c01,Delhi,2024,4,1,2024-01-01,2024-03-31,32643,708300.0,3164640.0,710860.0,3167200.0,77.143342032863,28.60336118174313,1.0,9.99676513671875,0.1669362187385559,0.44819051027297974,-0.05685696750879288,-0.42278268933296204,0.06803493201732635,True,tiles\Delhi\2024\Delhi_r04_c01.tif,,,"POLYGON ((77.156189 28.591608, 77.156661 28.6147, 77.130492 28.615114, 77.130026 28.592022, 77.156189 28.591608))"
Delhi_r04_c02,Delhi,2024,4,2,2024-01-01,2024-03-31,32643,710860.0,3164640.0,713420.0,3167200.0,77.1695074169641,28.60294491704085,1.0,9.9874267578125,0.1677144169807434,0.46074914932250977,-0.043055273592472076,-0.424709677696228,0.06385655701160431,True,tiles\Delhi\2024\Delhi_r04_c02.tif,,,"POLYGON ((77.182351 28.59119, 77.182829 28.614281, 77.156661 28.6147, 77.156189 28.591608, 77.182351 28.59119))"
Delhi_r04_c03,Delhi,2024,4,3,2024-01-01,2024-03-31,32643,713420.0,3164640.0,715980.0,3167200.0,77.19567224284938,28.602523609587127,1.0,9.95928955078125,0.1700592041015625,0.4377312660217285,-0.07972399890422821,-0.36646103858947754,0.07853030413389206,True,tiles\Delhi\2024\Delhi_r04_c03.tif,,,"POLYGON ((77.208513 28.590766, 77.208996 28.613857, 77.182829 28.614281, 77.182351 28.59119, 77.208513 28.590766))"
Delhi_r04_c04,Delhi,2024,4,4,2024-01-01,2024-03-31,32643,715980.0,3164640.0,718540.0,3167200.0,77.22183650380704,28.602097259780365,1.0,9.40130615234375,0.2165578007698059,0.45451998710632324,-0.11314710974693298,-0.34977227449417114,0.07639743387699127,True,tiles\Delhi\2024\Delhi_r04_c04.tif,,,"POLYGON ((77.234674 28.590337, 77.235163 28.613428, 77.208996 28.613857, 77.208513 28.590766, 77.234674 28.590337))"
Delhi_r04_c05,Delhi,2024,4,5,2024-01-01,2024-03-31,32643,718540.0,3164640.0,721100.0,3167200.0,77.24800019312616,28.60166586802368,1.0,8.7825927734375,0.2681172490119934,0.3959745168685913,-0.08301971852779388,-0.330161452293396,0.07874055206775665,True,tiles\Delhi\2024\Delhi_r04_c05.tif,,,"POLYGON ((77.260835 28.589904, 77.261329 28.612993, 77.235163 28.613428, 77.234674 28.590337, 77.260835 28.589904))"
Delhi_r04_c06,Delhi,2024,4,6,2024-01-01,2024-03-31,32643,721100.0,3164640.0,723660.0,3167200.0,77.2741633040967,28.601229434724956,1.0,8.00738525390625,0.3327178955078125,0.3514009118080139,-0.09588739275932312,-0.2742044925689697,0.0869792103767395,True,tiles\Delhi\2024\Delhi_r04_c06.tif,,,"POLYGON ((77.286995 28.589465, 77.287495 28.612554, 77.261329 28.612993, 77.260835 28.589904, 77.286995 28.589465))"
Delhi_r04_c07,Delhi,2024,4,7,2024-01-01,2024-03-31,32643,723660.0,3164640.0,726220.0,3167200.0,77.30032583000947,28.600787960296813,1.0,7.96331787109375,0.3363901972770691,0.27063262462615967,-0.03657585382461548,-0.2725977301597595,0.09842018783092499,True,tiles\Delhi\2024\Delhi_r04_c07.tif,,,"POLYGON ((77.313154 28.589021, 77.31366 28.61211, 77.287495 28.612554, 77.286995 28.589465, 77.313154 28.589021))"
Delhi_r05_c00,Delhi,2024,5,0,2024-01-01,2024-03-31,32643,705740.0,3162080.0,708300.0,3164640.0,77.11671325997823,28.580680360891296,1.0,9.80047607421875,0.1832936406135559,0.342424213886261,0.018095901235938072,-0.418662428855896,0.09428195655345917,True,tiles\Delhi\2024\Delhi_r05_c00.tif,,,"POLYGON ((77.129561 28.56893, 77.130026 28.592022, 77.103863 28.59243, 77.103403 28.569338, 77.129561 28.56893))"
Delhi_r05_c01,Delhi,2024,5,1,2024-01-01,2024-03-31,32643,708300.0,3162080.0,710860.0,3164640.0,77.14287348603766,28.58026953168889,1.0,9.63580322265625,0.1970164179801941,0.37848591804504395,-0.04006237909197807,-0.3810085654258728,0.08534795790910721,True,tiles\Delhi\2024\Delhi_r05_c01.tif,,,"POLYGON ((77.155718 28.568517, 77.156189 28.591608, 77.130026 28.592022, 77.129561 28.56893, 77.155718 28.568517))"
Delhi_r05_c02,Delhi,2024,5,2,2024-01-01,2024-03-31,32643,710860.0,3162080.0,713420.0,3164640.0,77.16903316110508,28.579853664150157,1.0,9.42730712890625,0.2143910527229309,0.3879324793815613,-0.07637152075767517,-0.336861252784729,0.08187858760356903,True,tiles\Delhi\2024\Delhi_r05_c02.tif,,,"POLYGON ((77.181874 28.568099, 77.182351 28.59119, 77.156189 28.591608, 77.155718 28.568517, 77.181874 28.568099))"
Delhi_r05_c03,Delhi,2024,5,3,2024-01-01,2024-03-31,32643,713420.0,3162080.0,715980.0,3164640.0,77.1951922784739,28.579432758668208,1.0,9.18060302734375,0.2349497675895691,0.37596970796585083,-0.054645292460918427,-0.35213330388069153,0.08545473217964172,True,tiles\Delhi\2024\Delhi_r05_c03.tif,,,"POLYGON ((77.20803 28.567675, 77.208513 28.590766, 77.182351 28.59119, 77.181874 28.568099, 77.20803 28.567675))"
Delhi_r05_c04,Delhi,2024,5,4,2024-01-01,2024-03-31,32643,715980.0,3162080.0,718540.0,3164640.0,77.22135083143861,28.57900681564096,1.0,9.57965087890625,0.2016957402229309,0.30020952224731445,-0.041443876922130585,-0.2914707660675049,0.0945141613483429,True,tiles\Delhi\2024\Delhi_r05_c04.tif,,,"POLYGON ((77.234186 28.567247, 77.234674 28.590337, 77.208513 28.590766, 77.20803 28.567675, 77.234186 28.567247))"
Delhi_r05_c05,Delhi,2024,5,5,2024-01-01,2024-03-31,32643,718540.0,3162080.0,721100.0,3164640.0,77.24750881329446,28.578575835471014,1.0,8.71649169921875,0.2736256718635559,0.28364455699920654,-0.03936684876680374,-0.2808041572570801,0.09620892256498337,True,tiles\Delhi\2024\Delhi_r05_c05.tif,,,"POLYGON ((77.260341 28.566814, 77.260835 28.589904, 77.234674 28.590337, 77.234186 28.567247, 77.260341 28.566814))"
Delhi_r05_c06,Delhi,2024,5,6,2024-01-01,2024-03-31,32643,721100.0,3162080.0,723660.0,3164640.0,77.2736662173375,28.57813981856575,1.0,8.22137451171875,0.3148854374885559,0.3042246401309967,-0.058075081557035446,-0.2783246338367462,0.08923076093196869,True,tiles\Delhi\2024\Delhi_r05_c06.tif,,,"POLYGON ((77.286495 28.566375, 77.286995 28.589465, 77.260835 28.589904, 77.260341 28.566814, 77.286495 28.566375))"
Delhi_r05_c07,Delhi,2024,5,7,2024-01-01,2024-03-31,32643,723660.0,3162080.0,726220.0,3164640.0,77.29982303686496,28.577698765337292,1.0,8.34271240234375,0.3047739863395691,0.3129090666770935,-0.09034469723701477,-0.2399664670228958,0.0807739794254303,True,tiles\Delhi\2024\Delhi_r05_c07.tif,,,"POLYGON ((77.312649 28.565932, 77.313154 28.589021, 77.286995 28.589465, 77.286495 28.566375, 77.312649 28.565932))"
Delhi_r06_c00,Delhi,2024,6,0,2024-01-01,2024-03-31,32643,705740.0,3159520.0,708300.0,3162080.0,77.11625096698258,28.557588232977555,1.0,9.46746826171875,0.2110443115234375,0.18293869495391846,0.060564540326595306,-0.31436219811439514,0.14038926362991333,True,tiles\Delhi\2024\Delhi_r06_c00.tif,,,"POLYGON ((77.129096 28.545838, 77.129561 28.56893, 77.103403 28.569338, 77.102944 28.546246, 77.129096 28.545838))"
Delhi_r06_c01,Delhi,2024,6,1,2024-01-01,2024-03-31,32643,708300.0,3159520.0,710860.0,3162080.0,77.1424054902046,28.557177795962918,1.0,9.394287109375,0.2171427607536316,0.3484988212585449,0.034362755715847015,-0.42721837759017944,0.08135485649108887,True,tiles\Delhi\2024\Delhi_r06_c01.tif,,,"POLYGON ((77.155247 28.545425, 77.155718 28.568517, 77.129561 28.56893, 77.129096 28.545838, 77.155247 28.545425))"
Delhi_r06_c02,Delhi,2024,6,2,2024-01-01,2024-03-31,32643,710860.0,3159520.0,713420.0,3162080.0,77.16855946294476,28.556762325418614,1.0,9.68011474609375,0.1933237910270691,0.37923258543014526,-0.06080926954746246,-0.34123897552490234,0.08238931745290756,True,tiles\Delhi\2024\Delhi_r06_c02.tif,,,"POLYGON ((77.181398 28.545007, 77.181874 28.568099, 77.155718 28.568517, 77.155247 28.545425, 77.181398 28.545007))"
Delhi_r06_c03,Delhi,2024,6,3,2024-01-01,2024-03-31,32643,713420.0,3159520.0,715980.0,3162080.0,77.19471287850277,28.5563418217373,1.0,9.45855712890625,0.2117869257926941,0.3810606002807617,-0.08428721129894257,-0.31405675411224365,0.08125324547290802,True,tiles\Delhi\2024\Delhi_r06_c03.tif,,,"POLYGON ((77.207548 28.544585, 77.20803 28.567675, 77.181874 28.568099, 77.181398 28.545007, 77.207548 28.544585))"
Delhi_r06_c04,Delhi,2024,6,4,2024-01-01,2024-03-31,32643,715980.0,3159520.0,718540.0,3162080.0,77.22086573017926,28.555916285316364,1.0,9.2105712890625,0.232452392578125,0.37804150581359863,-0.08034498244524002,-0.31966719031333923,0.08302807062864304,True,tiles\Delhi\2024\Delhi_r06_c04.tif,,,"POLYGON ((77.233698 28.544157, 77.234186 28.567247, 77.20803 28.567675, 77.207548 28.544585, 77.233698 28.544157))"
Delhi_r06_c05,Delhi,2024,6,5,2024-01-01,2024-03-31,32643,718540.0,3159520.0,721100.0,3162080.0,77.24701801127564,28.555485716557936,1.0,8.5440673828125,0.287994384765625,0.2898067235946655,-0.0441785529255867,-0.281406044960022,0.0945773720741272,True,tiles\Delhi\2024\Delhi_r06_c05.tif,,,"POLYGON ((77.259847 28.543724, 77.260341 28.566814, 77.234186 28.567247, 77.233698 28.544157, 77.259847 28.543724))"
Delhi_r06_c06,Delhi,2024,6,6,2024-01-01,2024-03-31,32643,721100.0,3159520.0,723660.0,3162080.0,77.27316971509423,28.55505011586887,1.0,8.294921875,0.3087565302848816,0.33023375272750854,-0.04538515955209732,-0.3167240619659424,0.09015902876853943,True,tiles\Delhi\2024\Delhi_r06_c06.tif,,,"POLYGON ((77.285996 28.543286, 77.286495 28.566375, 77.260341 28.566814, 77.259847 28.543724, 77.285996 28.543286))"
Delhi_r06_c07,Delhi,2024,6,7,2024-01-01,2024-03-31,32643,723660.0,3159520.0,726220.0,3162080.0,77.29932083493833,28.554609483660794,1.0,8.66845703125,0.2776286005973816,0.1940230131149292,-0.12698417901992798,-0.0865468680858612,0.08380547165870667,True,tiles\Delhi\2024\Delhi_r06_c07.tif,,,"POLYGON ((77.312144 28.542843, 77.312649 28.565932, 77.286495 28.566375, 77.285996 28.543286, 77.312144 28.542843))"
Delhi_r07_c00,Delhi,2024,7,0,2024-01-01,2024-03-31,32643,705740.0,3156960.0,708300.0,3159520.0,77.11578921776777,28.534496019609257,1.0,9.60516357421875,0.1995697021484375,0.2822681665420532,0.0201058778911829,-0.3650684058666229,0.10516364872455597,True,tiles\Delhi\2024\Delhi_r07_c00.tif,,,"POLYGON ((77.128632 28.522746, 77.129096 28.545838, 77.102944 28.546246, 77.102485 28.523153, 77.128632 28.522746))"
Delhi_r07_c01,Delhi,2024,7,1,2024-01-01,2024-03-31,32643,708300.0,3156960.0,710860.0,3159520.0,77.1419380448535,28.534085974615557,1.0,9.96319580078125,0.1697337031364441,0.33278918266296387,-0.008853400126099586,-0.3610961139202118,0.09046709537506104,True,tiles\Delhi\2024\Delhi_r07_c01.tif,,,"POLYGON ((77.154777 28.522333, 77.155247 28.545425, 77.129096 28.545838, 77.128632 28.522746, 77.154777 28.522333))"
Delhi_r07_c02,Delhi,2024,7,2,2024-01-01,2024-03-31,32643,710860.0,3156960.0,713420.0,3159520.0,77.16808632196674,28.533670900896816,1.0,9.8695068359375,0.1775410771369934,0.426761656999588,-0.03203042596578598,-0.4020642042160034,0.06996091455221176,True,tiles\Delhi\2024\Delhi_r07_c02.tif,,,"POLYGON ((77.180922 28.521916, 77.181398 28.545007, 77.155247 28.545425, 77.154777 28.522333, 77.180922 28.521916))"
Delhi_r07_c03,Delhi,2024,7,3,2024-01-01,2024-03-31,32643,713420.0,3156960.0,715980.0,3159520.0,77.19423404241337,28.533250798845206,1.0,9.90399169921875,0.1746673583984375,0.4314192533493042,-0.08975418657064438,-0.3553124666213989,0.0768589973449707,True,tiles\Delhi\2024\Delhi_r07_c03.tif,,,"POLYGON ((77.207067 28.521494, 77.207548 28.544585, 77.181398 28.545007, 77.180922 28.521916, 77.207067 28.521494))"
Delhi_r07_c04,Delhi,2024,7,4,2024-01-01,2024-03-31,32643,715980.0,3156960.0,718540.0,3159520.0,77.22038119950018,28.532825668857644,1.0,9.567626953125,0.20269775390625,0.313258558511734,-0.05788232386112213,-0.2875083088874817,0.09343647211790085,True,tiles\Delhi\2024\Delhi_r07_c04.tif,,,"POLYGON ((77.233211 28.521066, 77.233698 28.544157, 77.207548 28.544585, 77.207067 28.521494, 77.233211 28.521066))"
Delhi_r07_c05,Delhi,2024,7,5,2024-01-01,2024-03-31,32643,718540.0,3156960.0,721100.0,3159520.0,77.24652778653476,28.532395511335743,1.0,8.92706298828125,0.2560780644416809,0.33424559235572815,-0.06434933096170425,-0.2971278429031372,0.08741923421621323,True,tiles\Delhi\2024\Delhi_r07_c05.tif,,,"POLYGON ((77.259355 28.520634, 77.259847 28.543724, 77.233698 28.544157, 77.233211 28.521066, 77.259355 28.520634))"
Delhi_r07_c06,Delhi,2024,7,6,2024-01-01,2024-03-31,32643,721100.0,3156960.0,723660.0,3159520.0,77.27267379682567,28.531960326685873,1.0,8.77386474609375,0.2688446044921875,0.2581734359264374,-0.010753899812698364,-0.28430384397506714,0.10370118170976639,True,tiles\Delhi\2024\Delhi_r07_c06.tif,,,"POLYGON ((77.285497 28.520196, 77.285996 28.543286, 77.259847 28.543724, 77.259355 28.520634, 77.285497 28.520196))"
Delhi_r07_c07,Delhi,2024,7,7,2024-01-01,2024-03-31,32643,723660.0,3156960.0,726220.0,3159520.0,77.29881922368227,28.53152011531914,1.0,8.99847412109375,0.2501271367073059,0.26242807507514954,-0.007631066255271435,-0.302794873714447,0.10393049567937851,True,tiles\Delhi\2024\Delhi_r07_c07.tif,,,"POLYGON ((77.31164 28.519754, 77.312144 28.542843, 77.285996 28.543286, 77.285497 28.520196, 77.31164 28.519754))"
Delhi_r00_c00,Delhi,2025,0,0,2025-01-01,2025-03-31,32643,705740.0,3174880.0,708300.0,3177440.0,77.11903289934004,28.696139716889434,1.0,12.06890869140625,0.24569320678710938,0.2828294634819031,-0.02230089157819748,-0.30104154348373413,0.09765835106372833,True,tiles\Delhi\2025\Delhi_r00_c00.tif,16.0,0.970458,"POLYGON ((77.131893 28.684388, 77.132362 28.70748, 77.10617 28.70789, 77.105707 28.684798, 77.131893 28.684388))"
Delhi_r00_c01,Delhi,2025,0,1,2025-01-01,2025-03-31,32643,708300.0,3174880.0,710860.0,3177440.0,77.1452217403209,28.695726924237366,1.0,14.00482177734375,0.12469863891601562,0.284125953912735,-0.020710429176688194,-0.303458034992218,0.09668250381946564,True,tiles\Delhi\2025\Delhi_r00_c01.tif,16.0,0.970458,"POLYGON ((77.158079 28.683973, 77.158553 28.707064, 77.132362 28.70748, 77.131893 28.684388, 77.158079 28.683973))"
Delhi_r00_c02,Delhi,2025,0,2,2025-01-01,2025-03-31,32643,710860.0,3174880.0,713420.0,3177440.0,77.17141002774576,28.695309069184958,1.0,13.70849609375,0.143218994140625,0.28453415632247925,-0.025601906701922417,-0.2962242364883423,0.09591355919837952,True,tiles\Delhi\2025\Delhi_r00_c02.tif,16.0,0.970458,"POLYGON ((77.184264 28.683553, 77.184744 28.706644, 77.158553 28.707064, 77.158079 28.683973, 77.184264 28.683553))"
Delhi_r00_c03,Delhi,2025,0,3,2025-01-01,2025-03-31,32643,713420.0,3174880.0,715980.0,3177440.0,77.19759775487707,28.6948861521278,1.0,14.514892578125,0.0928192138671875,0.29890862107276917,-0.035032324492931366,-0.29284656047821045,0.09674537181854248,True,tiles\Delhi\2025\Delhi_r00_c03.tif,16.0,0.970458,"POLYGON ((77.210449 28.683128, 77.210934 28.706218, 77.184744 28.706644, 77.184264 28.683553, 77.210449 28.683128))"
Delhi_r00_c04,Delhi,2025,0,4,2025-01-01,2025-03-31,32643,715980.0,3174880.0,718540.0,3177440.0,77.22378491497803,28.69445817346623,1.0,15.24981689453125,0.046886444091796875,0.4037942588329315,-0.09207530319690704,-0.3229617774486542,0.07581763714551926,True,tiles\Delhi\2025\Delhi_r00_c04.tif,16.0,0.970458,"POLYGON ((77.236633 28.682698, 77.237124 28.705787, 77.210934 28.706218, 77.210449 28.683128, 77.236633 28.682698))"
Delhi_r00_c05,Delhi,2025,0,5,2025-01-01,2025-03-31,32643,718540.0,3174880.0,721100.0,3177440.0,77.24997150131291,28.69402513360538,1.0,15.2630615234375,0.04605865478515625,0.37629973888397217,-0.0627291351556778,-0.33497074246406555,0.08871282637119293,True,tiles\Delhi\2025\Delhi_r00_c05.tif,16.0,0.970458,"POLYGON ((77.262816 28.682262, 77.263313 28.705352, 77.237124 28.705787, 77.236633 28.682698, 77.262816 28.682262))"
Delhi_r00_c06,Delhi,2025,0,6,2025-01-01,2025-03-31,32643,721100.0,3174880.0,723660.0,3177440.0,77.27615750714673,28.693587032955154,1.0,15.3768310546875,0.03894805908203125,0.14752469956874847,0.010606449097394943,-0.20816393196582794,0.11152970790863037,True,tiles\Delhi\2025\Delhi_r00_c06.tif,16.0,0.970458,"POLYGON ((77.288999 28.681822, 77.289502 28.704911, 77.263313 28.705352, 77.262816 28.682262, 77.288999 28.681822))"
Delhi_r00_c07,Delhi,2025,0,7,2025-01-01,2025-03-31,32643,723660.0,3174880.0,726220.0,3177440.0,77.30234292574546,28.69314387193023,1.0,14.6207275390625,0.08620452880859375,0.2080533802509308,-0.011188913136720657,-0.24203379452228546,0.10441619157791138,True,tiles\Delhi\2025\Delhi_r00_c07.tif,16.0,0.970458,"POLYGON ((77.315181 28.681376, 77.31569 28.704465, 77.289502 28.704911, 77.288999 28.681822, 77.315181 28.681376))"
Delhi_r01_c00,Delhi,2025,1,0,2025-01-01,2025-03-31,32643,705740.0,3172320.0,708300.0,3174880.0,77.11856787986275,28.673048016999235,1.0,12.57763671875,0.213897705078125,0.31281933188438416,-0.026759285479784012,-0.3272160291671753,0.09198734164237976,True,tiles\Delhi\2025\Delhi_r01_c00.tif,16.0,0.970458,"POLYGON ((77.131426 28.661297, 77.131893 28.684388, 77.105707 28.684798, 77.105245 28.661707, 77.131426 28.661297))"
Delhi_r01_c01,Delhi,2025,1,1,2025-01-01,2025-03-31,32643,708300.0,3172320.0,710860.0,3174880.0,77.14475098440738,28.672635617372674,1.0,13.7996826171875,0.13751983642578125,0.263356477022171,-0.00846155546605587,-0.29994523525238037,0.09620791673660278,True,tiles\Delhi\2025\Delhi_r01_c01.tif,16.0,0.970458,"POLYGON ((77.157606 28.660882, 77.158079 28.683973, 77.131893 28.684388, 77.131426 28.661297, 77.157606 28.660882))"
Delhi_r01_c02,Delhi,2025,1,2,2025-01-01,2025-03-31,32643,710860.0,3172320.0,713420.0,3174880.0,77.1709335359105,28.67221816016265,1.0,13.941650390625,0.1286468505859375,0.22860391438007355,0.0029835901223123074,-0.28001925349235535,0.0990782156586647,True,tiles\Delhi\2025\Delhi_r01_c02.tif,16.0,0.970458,"POLYGON ((77.183785 28.660462, 77.184264 28.683553, 77.158079 28.683973, 77.157606 28.660882, 77.183785 28.660462))"
Delhi_r01_c03,Delhi,2025,1,3,2025-01-01,2025-03-31,32643,713420.0,3172320.0,715980.0,3174880.0,77.1971155276408,28.67179564576428,1.0,13.1988525390625,0.17507171630859375,0.28681856393814087,-0.022829091176390648,-0.3013371527194977,0.093813955783844,True,tiles\Delhi\2025\Delhi_r01_c03.tif,16.0,0.970458,"POLYGON ((77.209964 28.660038, 77.210449 28.683128, 77.184264 28.683553, 77.183785 28.660462, 77.209964 28.660038))"
Delhi_r01_c04,Delhi,2025,1,4,2025-01-01,2025-03-31,32643,715980.0,3172320.0,718540.0,3174880.0,77.22329695286781,28.671368074577426,1.0,15.0355224609375,0.06027984619140625,0.3312608301639557,-0.05185879021883011,-0.30093541741371155,0.08565577864646912,True,tiles\Delhi\2025\Delhi_r01_c04.tif,16.0,0.970458,"POLYGON ((77.236142 28.659608, 77.236633 28.682698, 77.210449 28.683128, 77.209964 28.660038, 77.236142 28.659608))"
Delhi_r01_c05,Delhi,2025,1,5,2025-01-01,2025-03-31,32643,718540.0,3172320.0,721100.0,3174880.0,77.24947780486191,28.670935447006695,1.0,15.05169677734375,0.059268951416015625,0.32979118824005127,-0.032705578953027725,-0.334607869386673,0.08793313801288605,True,tiles\Delhi\2025\Delhi_r01_c05.tif,16.0,0.970458,"POLYGON ((77.26232 28.659173, 77.262816 28.682262, 77.236633 28.682698, 77.236142 28.659608, 77.26232 28.659173))"
Delhi_r01_c06,Delhi,2025,1,6,2025-01-01,2025-03-31,32643,721100.0,3172320.0,723660.0,3174880.0,77.27565807689446,28.670497763461494,1.0,14.9947509765625,0.06282806396484375,0.14654655754566193,0.01773843728005886,-0.2145935595035553,0.1113620325922966,True,tiles\Delhi\2025\Delhi_r01_c06.tif,16.0,0.970458,"POLYGON ((77.288497 28.658733, 77.288999 28.681822, 77.262816 28.682262, 77.26232 28.659173, 77.288497 28.658733))"
Delhi_r01_c07,Delhi,2025,1,7,2025-01-01,2025-03-31,32643,723660.0,3172320.0,726220.0,3174880.0,77.30183776223761,28.670055024355975,1.0,14.95697021484375,0.06518936157226562,0.21078628301620483,-0.01221060287207365,-0.24330583214759827,0.10605751723051071,True,tiles\Delhi\2025\Delhi_r01_c07.tif,16.0,0.970458,"POLYGON ((77.314674 28.658288, 77.315181 28.681376, 77.288999 28.681822, 77.288497 28.658733, 77.314674 28.658288))"
Delhi_r02_c00,Delhi,2025,2,0,2025-01-01,2025-03-31,32643,705740.0,3169760.0,708300.0,3172320.0,77.1181034066949,28.64995623140436,1.0,12.97845458984375,0.18884658813476562,0.2361455112695694,-0.0002444871934130788,-0.28364378213882446,0.10061201453208923,True,tiles\Delhi\2025\Delhi_r02_c00.tif,16.0,0.970458,"POLYGON ((77.130959 28.638205, 77.131426 28.661297, 77.105245 28.661707, 77.104784 28.638615, 77.130959 28.638205))"
Delhi_r02_c01,Delhi,2025,2,1,2025-01-01,2025-03-31,32643,708300.0,3169760.0,710860.0,3172320.0,77.14428078153549,28.649544224635267,1.0,13.30487060546875,0.16844558715820312,0.27527040243148804,-0.01739410310983658,-0.30459198355674744,0.09911606460809708,True,tiles\Delhi\2025\Delhi_r02_c01.tif,16.0,0.970458,"POLYGON ((77.157133 28.637791, 77.157606 28.660882, 77.131426 28.661297, 77.130959 28.638205, 77.157133 28.637791))"
Delhi_r02_c02,Delhi,2025,2,2,2025-01-01,2025-03-31,32643,710860.0,3169760.0,713420.0,3172320.0,77.17045760384823,28.64912716509757,1.0,13.26446533203125,0.17097091674804688,0.2953435480594635,-0.02764430083334446,-0.3044961094856262,0.09573062509298325,True,tiles\Delhi\2025\Delhi_r02_c02.tif,16.0,0.970458,"POLYGON ((77.183307 28.637372, 77.183785 28.660462, 77.157606 28.660882, 77.157133 28.637791, 77.183307 28.637372))"
Delhi_r02_c03,Delhi,2025,2,3,2025-01-01,2025-03-31,32643,713420.0,3169760.0,715980.0,3172320.0,77.19663386690804,28.648705053185886,1.0,13.0614013671875,0.18366241455078125,0.2960096001625061,-0.02585648186504841,-0.3044952154159546,0.09174957871437073,True,tiles\Delhi\2025\Delhi_r02_c03.tif,16.0,0.970458,"POLYGON ((77.20948 28.636947, 77.209964 28.660038, 77.183785 28.660462, 77.183307 28.637372, 77.20948 28.636947))"
Delhi_r02_c04,Delhi,2025,2,4,2025-01-01,2025-03-31,32643,715980.0,3169760.0,718540.0,3172320.0,77.22280956399064,28.648277889299568,1.0,14.300048828125,0.1062469482421875,0.17505279183387756,0.026653701439499855,-0.25290340185165405,0.10668011009693146,True,tiles\Delhi\2025\Delhi_r02_c04.tif,16.0,0.970458,"POLYGON ((77.235652 28.636518, 77.236142 28.659608, 77.209964 28.660038, 77.20948 28.636947, 77.235652 28.636518))"
Delhi_r02_c05,Delhi,2025,2,5,2025-01-01,2025-03-31,32643,718540.0,3169760.0,721100.0,3172320.0,77.24898468837269,28.64784567384273,1.0,14.64794921875,0.084503173828125,0.39475151896476746,-0.06077636778354645,-0.36048638820648193,0.07945506274700165,True,tiles\Delhi\2025\Delhi_r02_c05.tif,16.0,0.970458,"POLYGON ((77.261824 28.636083, 77.26232 28.659173, 77.236142 28.659608, 77.235652 28.636518, 77.261824 28.636083))"
Delhi_r02_c06,Delhi,2025,2,6,2025-01-01,2025-03-31,32643,721100.0,3169760.0,723660.0,3172320.0,77.27515923333172,28.64740840722429,1.0,14.879150390625,0.0700531005859375,0.20387738943099976,-0.008239507675170898,-0.2358960211277008,0.09967244416475296,True,tiles\Delhi\2025\Delhi_r02_c06.tif,16.0,0.970458,"POLYGON ((77.287996 28.635643, 77.288497 28.658733, 77.26232 28.659173, 77.261824 28.636083, 77.287996 28.635643))"
Delhi_r02_c07,Delhi,2025,2,7,2025-01-01,2025-03-31,32643,723660.0,3169760.0,726220.0,3172320.0,77.30133319214619,28.646966089857877,1.0,14.95391845703125,0.06538009643554688,0.249984011054039,-0.026368238031864166,-0.26134157180786133,0.10254015028476715,True,tiles\Delhi\2025\Delhi_r02_c07.tif,16.0,0.970458,"POLYGON ((77.314166 28.635199, 77.314674 28.658288, 77.288497 28.658733, 77.287996 28.635643, 77.314166 28.635199))"
Delhi_r03_c00,Delhi,2025,3,0,2025-01-01,2025-03-31,32643,705740.0,3167200.0,708300.0,3169760.0,77.11763947932911,28.62686436015474,1.0,13.2403564453125,0.17247772216796875,0.3147510588169098,-0.01671973243355751,-0.33788082003593445,0.08932773768901825,True,tiles\Delhi\2025\Delhi_r03_c00.tif,16.0,0.970458,"POLYGON ((77.130492 28.615114, 77.130959 28.638205, 77.104784 28.638615, 77.104323 28.615522, 77.130492 28.615114))"
Delhi_r03_c01,Delhi,2025,3,1,2025-01-01,2025-03-31,32643,708300.0,3167200.0,710860.0,3169760.0,77.14381113119161,28.626452746075344,1.0,13.2144775390625,0.17409515380859375,0.36203253269195557,-0.03938377648591995,-0.35920917987823486,0.08810103684663773,True,tiles\Delhi\2025\Delhi_r03_c01.tif,16.0,0.970458,"POLYGON ((77.156661 28.6147, 77.157133 28.637791, 77.130959 28.638205, 77.130492 28.615114, 77.156661 28.6147))"
Delhi_r03_c02,Delhi,2025,3,2,2025-01-01,2025-03-31,32643,710860.0,3167200.0,713420.0,3169760.0,77.16998223103911,28.626036084040148,1.0,13.08587646484375,0.18213272094726562,0.5090600848197937,-0.07690249383449554,-0.43887168169021606,0.06411005556583405,True,tiles\Delhi\2025\Delhi_r03_c02.tif,16.0,0.970458,"POLYGON ((77.182829 28.614281, 77.183307 28.637372, 77.157133 28.637791, 77.156661 28.6147, 77.182829 28.614281))"
Delhi_r03_c03,Delhi,2025,3,3,2025-01-01,2025-03-31,32643,713420.0,3167200.0,715980.0,3169760.0,77.19615277215264,28.62561437444326,1.0,13.5960693359375,0.15024566650390625,0.4767274260520935,-0.08661382645368576,-0.4015916585922241,0.06912221759557724,True,tiles\Delhi\2025\Delhi_r03_c03.tif,16.0,0.970458,"POLYGON ((77.208996 28.613857, 77.20948 28.636947, 77.183307 28.637372, 77.182829 28.614281, 77.208996 28.613857))"
Delhi_r03_c04,Delhi,2025,3,4,2025-01-01,2025-03-31,32643,715980.0,3167200.0,718540.0,3169760.0,77.22232274781419,28.62518761768356,1.0,13.98870849609375,0.12570571899414062,0.36783188581466675,-0.08279813826084137,-0.30979111790657043,0.085015669465065,True,tiles\Delhi\2025\Delhi_r03_c04.tif,16.0,0.970458,"POLYGON ((77.235163 28.613428, 77.235652 28.636518, 77.20948 28.636947, 77.208996 28.613857, 77.235163 28.613428))"
Delhi_r03_c05,Delhi,2025,3,5,2025-01-01,2025-03-31,32643,718540.0,3167200.0,721100.0,3169760.0,77.24849215130665,28.624755814164665,1.0,14.23443603515625,0.11034774780273438,0.3586307168006897,-0.09051068127155304,-0.2877159118652344,0.076840840280056,True,tiles\Delhi\2025\Delhi_r03_c05.tif,16.0,0.970458,"POLYGON ((77.261329 28.612993, 77.261824 28.636083, 77.235652 28.636518, 77.235163 28.613428, 77.261329 28.612993))"
Delhi_r03_c06,Delhi,2025,3,6,2025-01-01,2025-03-31,32643,721100.0,3167200.0,723660.0,3169760.0,77.27466097591376,28.624318964294968,1.0,14.657958984375,0.0838775634765625,0.3380722999572754,-0.04947865381836891,-0.3251456916332245,0.08995313942432404,True,tiles\Delhi\2025\Delhi_r03_c06.tif,16.0,0.970458,"POLYGON ((77.287495 28.612554, 77.287996 28.635643, 77.261824 28.636083, 77.261329 28.612993, 77.287495 28.612554))"
Delhi_r03_c07,Delhi,2025,3,7,2025-01-01,2025-03-31,32643,723660.0,3167200.0,726220.0,3169760.0,77.30082921492016,28.62387706848759,1.0,14.985595703125,0.0634002685546875,0.256192684173584,-0.02965434454381466,-0.26606976985931396,0.09891682118177414,True,tiles\Delhi\2025\Delhi_r03_c07.tif,16.0,0.970458,"POLYGON ((77.31366 28.61211, 77.314166 28.635199, 77.287996 28.635643, 77.287495 28.612554, 77.31366 28.61211))"
Delhi_r04_c00,Delhi,2025,4,0,2025-01-01,2025-03-31,32643,705740.0,3164640.0,708300.0,3167200.0,77.11717609725879,28.60377240330038,1.0,12.39849853515625,0.22509384155273438,0.377740740776062,-0.017499228939414024,-0.3979974389076233,0.08088045567274094,True,tiles\Delhi\2025\Delhi_r04_c00.tif,16.0,0.970458,"POLYGON ((77.130026 28.592022, 77.130492 28.615114, 77.104323 28.615522, 77.103863 28.59243, 77.130026 28.592022))"
Delhi_r04_c01,Delhi,2025,4,1,2025-01-01,2025-03-31,32643,708300.0,3164640.0,710860.0,3167200.0,77.143342032863,28.60336118174313,1.0,12.36627197265625,0.22710800170898438,0.4914875030517578,-0.07040882110595703,-0.440820574760437,0.0634559839963913,True,tiles\Delhi\2025\Delhi_r04_c01.tif,16.0,0.970458,"POLYGON ((77.156189 28.591608, 77.156661 28.6147, 77.130492 28.615114, 77.130026 28.592022, 77.156189 28.591608))"
Delhi_r04_c02,Delhi,2025,4,2,2025-01-01,2025-03-31,32643,710860.0,3164640.0,713420.0,3167200.0,77.1695074169641,28.60294491704085,1.0,12.97442626953125,0.18909835815429688,0.5598167181015015,-0.10329446941614151,-0.45300883054733276,0.05574720352888107,True,tiles\Delhi\2025\Delhi_r04_c02.tif,16.0,0.970458,"POLYGON ((77.182351 28.59119, 77.182829 28.614281, 77.156661 28.6147, 77.156189 28.591608, 77.182351 28.59119))"
Delhi_r04_c03,Delhi,2025,4,3,2025-01-01,2025-03-31,32643,713420.0,3164640.0,715980.0,3167200.0,77.19567224284938,28.602523609587127,1.0,13.6097412109375,0.14939117431640625,0.46593692898750305,-0.09519965201616287,-0.37945422530174255,0.07527586817741394,True,tiles\Delhi\2025\Delhi_r04_c03.tif,16.0,0.970458,"POLYGON ((77.208513 28.590766, 77.208996 28.613857, 77.182829 28.614281, 77.182351 28.59119, 77.208513 28.590766))"
Delhi_r04_c04,Delhi,2025,4,4,2025-01-01,2025-03-31,32643,715980.0,3164640.0,718540.0,3167200.0,77.22183650380704,28.602097259780365,1.0,14.0732421875,0.12042236328125,0.46805062890052795,-0.11202550679445267,-0.36711782217025757,0.07224691659212112,True,tiles\Delhi\2025\Delhi_r04_c04.tif,16.0,0.970458,"POLYGON ((77.234674 28.590337, 77.235163 28.613428, 77.208996 28.613857, 77.208513 28.590766, 77.234674 28.590337))"
Delhi_r04_c05,Delhi,2025,4,5,2025-01-01,2025-03-31,32643,718540.0,3164640.0,721100.0,3167200.0,77.24800019312616,28.60166586802368,1.0,14.08624267578125,0.11960983276367188,0.42982691526412964,-0.0915558859705925,-0.3561796247959137,0.07121595740318298,True,tiles\Delhi\2025\Delhi_r04_c05.tif,16.0,0.970458,"POLYGON ((77.260835 28.589904, 77.261329 28.612993, 77.235163 28.613428, 77.234674 28.590337, 77.260835 28.589904))"
Delhi_r04_c06,Delhi,2025,4,6,2025-01-01,2025-03-31,32643,721100.0,3164640.0,723660.0,3167200.0,77.2741633040967,28.601229434724956,1.0,14.589111328125,0.0881805419921875,0.38789570331573486,-0.10025140643119812,-0.3084052801132202,0.08023734390735626,True,tiles\Delhi\2025\Delhi_r04_c06.tif,16.0,0.970458,"POLYGON ((77.286995 28.589465, 77.287495 28.612554, 77.261329 28.612993, 77.260835 28.589904, 77.286995 28.589465))"
Delhi_r04_c07,Delhi,2025,4,7,2025-01-01,2025-03-31,32643,723660.0,3164640.0,726220.0,3167200.0,77.30032583000947,28.600787960296813,1.0,14.70037841796875,0.08122634887695312,0.2982417047023773,-0.048679158091545105,-0.2839406728744507,0.0920577272772789,True,tiles\Delhi\2025\Delhi_r04_c07.tif,16.0,0.970458,"POLYGON ((77.313154 28.589021, 77.31366 28.61211, 77.287495 28.612554, 77.286995 28.589465, 77.313154 28.589021))"
Delhi_r05_c00,Delhi,2025,5,0,2025-01-01,2025-03-31,32643,705740.0,3162080.0,708300.0,3164640.0,77.11671325997823,28.580680360891296,1.0,12.73687744140625,0.20394515991210938,0.3932715952396393,-0.00909471046179533,-0.43091049790382385,0.08659325540065765,True,tiles\Delhi\2025\Delhi_r05_c00.tif,16.0,0.970458,"POLYGON ((77.129561 28.56893, 77.130026 28.592022, 77.103863 28.59243, 77.103403 28.569338, 77.129561 28.56893))"
Delhi_r05_c01,Delhi,2025,5,1,2025-01-01,2025-03-31,32643,708300.0,3162080.0,710860.0,3164640.0,77.14287348603766,28.58026953168889,1.0,12.41302490234375,0.22418594360351562,0.4207434058189392,-0.05523933470249176,-0.4008604884147644,0.07951522618532181,True,tiles\Delhi\2025\Delhi_r05_c01.tif,16.0,0.970458,"POLYGON ((77.155718 28.568517, 77.156189 28.591608, 77.130026 28.592022, 77.129561 28.56893, 77.155718 28.568517))"
Delhi_r05_c02,Delhi,2025,5,2,2025-01-01,2025-03-31,32643,710860.0,3162080.0,713420.0,3164640.0,77.16903316110508,28.579853664150157,1.0,12.206298828125,0.2371063232421875,0.42758697271347046,-0.08237063884735107,-0.36936694383621216,0.07527358829975128,True,tiles\Delhi\2025\Delhi_r05_c02.tif,16.0,0.970458,"POLYGON ((77.181874 28.568099, 77.182351 28.59119, 77.156189 28.591608, 77.155718 28.568517, 77.181874 28.568099))"
Delhi_r05_c03,Delhi,2025,5,3,2025-01-01,2025-03-31,32643,713420.0,3162080.0,715980.0,3164640.0,77.1951922784739,28.579432758668208,1.0,13.07098388671875,0.18306350708007812,0.3961726129055023,-0.06279046088457108,-0.36021092534065247,0.08155332505702972,True,tiles\Delhi\2025\Delhi_r05_c03.tif,16.0,0.970458,"POLYGON ((77.20803 28.567675, 77.208513 28.590766, 77.182351 28.59119, 77.181874 28.568099, 77.20803 28.567675))"
Delhi_r05_c04,Delhi,2025,5,4,2025-01-01,2025-03-31,32643,715980.0,3162080.0,718540.0,3164640.0,77.22135083143861,28.57900681564096,1.0,13.654296875,0.1466064453125,0.3210141062736511,-0.04198051244020462,-0.3117547035217285,0.08894618600606918,True,tiles\Delhi\2025\Delhi_r05_c04.tif,16.0,0.970458,"POLYGON ((77.234186 28.567247, 77.234674 28.590337, 77.208513 28.590766, 77.20803 28.567675, 77.234186 28.567247))"
Delhi_r05_c05,Delhi,2025,5,5,2025-01-01,2025-03-31,32643,718540.0,3162080.0,721100.0,3164640.0,77.24750881329446,28.578575835471014,1.0,13.79443359375,0.137847900390625,0.30816715955734253,-0.04217928647994995,-0.30168992280960083,0.0902799516916275,True,tiles\Delhi\2025\Delhi_r05_c05.tif,16.0,0.970458,"POLYGON ((77.260341 28.566814, 77.260835 28.589904, 77.234674 28.590337, 77.234186 28.567247, 77.260341 28.566814))"
Delhi_r05_c06,Delhi,2025,5,6,2025-01-01,2025-03-31,32643,721100.0,3162080.0,723660.0,3164640.0,77.2736662173375,28.57813981856575,1.0,14.144775390625,0.1159515380859375,0.33525145053863525,-0.06281666457653046,-0.30382436513900757,0.08063800632953644,True,tiles\Delhi\2025\Delhi_r05_c06.tif,16.0,0.970458,"POLYGON ((77.286495 28.566375, 77.286995 28.589465, 77.260835 28.589904, 77.260341 28.566814, 77.286495 28.566375))"
Delhi_r05_c07,Delhi,2025,5,7,2025-01-01,2025-03-31,32643,723660.0,3162080.0,726220.0,3164640.0,77.29982303686496,28.577698765337292,1.0,14.29327392578125,0.10667037963867188,0.3284948170185089,-0.07906058430671692,-0.2700634300708771,0.07590395212173462,True,tiles\Delhi\2025\Delhi_r05_c07.tif,16.0,0.970458,"POLYGON ((77.312649 28.565932, 77.313154 28.589021, 77.286995 28.589465, 77.286495 28.566375, 77.312649 28.565932))"
Delhi_r06_c00,Delhi,2025,6,0,2025-01-01,2025-03-31,32643,705740.0,3159520.0,708300.0,3162080.0,77.11625096698258,28.557588232977555,1.0,12.48870849609375,0.21945571899414062,0.23328202962875366,0.04745493829250336,-0.34233683347702026,0.12446732819080353,True,tiles\Delhi\2025\Delhi_r06_c00.tif,16.0,0.970458,"POLYGON ((77.129096 28.545838, 77.129561 28.56893, 77.103403 28.569338, 77.102944 28.546246, 77.129096 28.545838))"
Delhi_r06_c01,Delhi,2025,6,1,2025-01-01,2025-03-31,32643,708300.0,3159520.0,710860.0,3162080.0,77.1424054902046,28.557177795962918,1.0,12.38787841796875,0.22575759887695312,0.44997531175613403,-0.029962114989757538,-0.45272505283355713,0.07113458216190338,True,tiles\Delhi\2025\Delhi_r06_c01.tif,16.0,0.970458,"POLYGON ((77.155247 28.545425, 77.155718 28.568517, 77.129561 28.56893, 77.129096 28.545838, 77.155247 28.545425))"
Delhi_r06_c02,Delhi,2025,6,2,2025-01-01,2025-03-31,32643,710860.0,3159520.0,713420.0,3162080.0,77.16855946294476,28.556762325418614,1.0,12.5511474609375,0.21555328369140625,0.42824840545654297,-0.07054828107357025,-0.3824377954006195,0.07478173077106476,True,tiles\Delhi\2025\Delhi_r06_c02.tif,16.0,0.970458,"POLYGON ((77.181398 28.545007, 77.181874 28.568099, 77.155718 28.568517, 77.155247 28.545425, 77.181398 28.545007))"
Delhi_r06_c03,Delhi,2025,6,3,2025-01-01,2025-03-31,32643,713420.0,3159520.0,715980.0,3162080.0,77.19471287850277,28.5563418217373,1.0,13.25592041015625,0.17150497436523438,0.41513389348983765,-0.08357000350952148,-0.35095393657684326,0.07693074643611908,True,tiles\Delhi\2025\Delhi_r06_c03.tif,16.0,0.970458,"POLYGON ((77.207548 28.544585, 77.20803 28.567675, 77.181874 28.568099, 77.181398 28.545007, 77.207548 28.544585))"
Delhi_r06_c04,Delhi,2025,6,4,2025-01-01,2025-03-31,32643,715980.0,3159520.0,718540.0,3162080.0,77.22086573017926,28.555916285316364,1.0,14.0120849609375,0.12424468994140625,0.4090825319290161,-0.08421812206506729,-0.34843483567237854,0.07884122431278229,True,tiles\Delhi\2025\Delhi_r06_c04.tif,16.0,0.970458,"POLYGON ((77.233698 28.544157, 77.234186 28.567247, 77.20803 28.567675, 77.207548 28.544585, 77.233698 28.544157))"
Delhi_r06_c05,Delhi,2025,6,5,2025-01-01,2025-03-31,32643,718540.0,3159520.0,721100.0,3162080.0,77.24701801127564,28.555485716557936,1.0,14.341796875,0.1036376953125,0.3165379762649536,-0.04791935533285141,-0.3019815683364868,0.09040990471839905,True,tiles\Delhi\2025\Delhi_r06_c05.tif,16.0,0.970458,"POLYGON ((77.259847 28.543724, 77.260341 28.566814, 77.234186 28.567247, 77.233698 28.544157, 77.259847 28.543724))"
Delhi_r06_c06,Delhi,2025,6,6,2025-01-01,2025-03-31,32643,721100.0,3159520.0,723660.0,3162080.0,77.27316971509423,28.55505011586887,1.0,14.93072509765625,0.06682968139648438,0.36051657795906067,-0.054162271320819855,-0.3371371626853943,0.08496641367673874,True,tiles\Delhi\2025\Delhi_r06_c06.tif,16.0,0.970458,"POLYGON ((77.285996 28.543286, 77.286495 28.566375, 77.260341 28.566814, 77.259847 28.543724, 77.285996 28.543286))"
Delhi_r06_c07,Delhi,2025,6,7,2025-01-01,2025-03-31,32643,723660.0,3159520.0,726220.0,3162080.0,77.29932083493833,28.554609483660794,1.0,15.292236328125,0.0442352294921875,0.18509867787361145,-0.09470760077238083,-0.10322840511798859,0.08110851049423218,True,tiles\Delhi\2025\Delhi_r06_c07.tif,16.0,0.970458,"POLYGON ((77.312144 28.542843, 77.312649 28.565932, 77.286495 28.566375, 77.285996 28.543286, 77.312144 28.542843))"
Delhi_r07_c00,Delhi,2025,7,0,2025-01-01,2025-03-31,32643,705740.0,3156960.0,708300.0,3159520.0,77.11578921776777,28.534496019609257,1.0,12.0081787109375,0.24948883056640625,0.32833772897720337,0.0021799392998218536,-0.38483136892318726,0.09692296385765076,True,tiles\Delhi\2025\Delhi_r07_c00.tif,16.0,0.970458,"POLYGON ((77.128632 28.522746, 77.129096 28.545838, 77.102944 28.546246, 77.102485 28.523153, 77.128632 28.522746))"
Delhi_r07_c01,Delhi,2025,7,1,2025-01-01,2025-03-31,32643,708300.0,3156960.0,710860.0,3159520.0,77.1419380448535,28.534085974615557,1.0,12.2708740234375,0.23307037353515625,0.4175727665424347,-0.05913284420967102,-0.3961082100868225,0.08147510141134262,True,tiles\Delhi\2025\Delhi_r07_c01.tif,16.0,0.970458,"POLYGON ((77.154777 28.522333, 77.155247 28.545425, 77.129096 28.545838, 77.128632 28.522746, 77.154777 28.522333))"
Delhi_r07_c02,Delhi,2025,7,2,2025-01-01,2025-03-31,32643,710860.0,3156960.0,713420.0,3159520.0,77.16808632196674,28.533670900896816,1.0,12.80157470703125,0.19990158081054688,0.5377287268638611,-0.10005226731300354,-0.44879424571990967,0.06043407693505287,True,tiles\Delhi\2025\Delhi_r07_c02.tif,16.0,0.970458,"POLYGON ((77.180922 28.521916, 77.181398 28.545007, 77.155247 28.545425, 77.154777 28.522333, 77.180922 28.521916))"
Delhi_r07_c03,Delhi,2025,7,3,2025-01-01,2025-03-31,32643,713420.0,3156960.0,715980.0,3159520.0,77.19423404241337,28.533250798845206,1.0,13.34454345703125,0.16596603393554688,0.4826606214046478,-0.10059516131877899,-0.4005500078201294,0.07049425691366196,True,tiles\Delhi\2025\Delhi_r07_c03.tif,16.0,0.970458,"POLYGON ((77.207067 28.521494, 77.207548 28.544585, 77.181398 28.545007, 77.180922 28.521916, 77.207067 28.521494))"
Delhi_r07_c04,Delhi,2025,7,4,2025-01-01,2025-03-31,32643,715980.0,3156960.0,718540.0,3159520.0,77.22038119950018,28.532825668857644,1.0,13.9171142578125,0.13018035888671875,0.3387288451194763,-0.05415632575750351,-0.31779974699020386,0.08785930275917053,True,tiles\Delhi\2025\Delhi_r07_c04.tif,16.0,0.970458,"POLYGON ((77.233211 28.521066, 77.233698 28.544157, 77.207548 28.544585, 77.207067 28.521494, 77.233211 28.521066))"
Delhi_r07_c05,Delhi,2025,7,5,2025-01-01,2025-03-31,32643,718540.0,3156960.0,721100.0,3159520.0,77.24652778653476,28.532395511335743,1.0,14.13641357421875,0.11647415161132812,0.36564603447914124,-0.07111567258834839,-0.3231147527694702,0.08236284554004669,True,tiles\Delhi\2025\Delhi_r07_c05.tif,16.0,0.970458,"POLYGON ((77.259355 28.520634, 77.259847 28.543724, 77.233698 28.544157, 77.233211 28.521066, 77.259355 28.520634))"
Delhi_r07_c06,Delhi,2025,7,6,2025-01-01,2025-03-31,32643,721100.0,3156960.0,723660.0,3159520.0,77.27267379682567,28.531960326685873,1.0,15.15704345703125,0.052684783935546875,0.28276097774505615,-0.015029966831207275,-0.3070480227470398,0.09757709503173828,True,tiles\Delhi\2025\Delhi_r07_c06.tif,16.0,0.970458,"POLYGON ((77.285497 28.520196, 77.285996 28.543286, 77.259847 28.543724, 77.259355 28.520634, 77.285497 28.520196))"
Delhi_r07_c07,Delhi,2025,7,7,2025-01-01,2025-03-31,32643,723660.0,3156960.0,726220.0,3159520.0,77.29881922368227,28.53152011531914,1.0,15.154052734375,0.0528717041015625,0.28063058853149414,-0.010676305741071701,-0.3174121677875519,0.09915950149297714,True,tiles\Delhi\2025\Delhi_r07_c07.tif,16.0,0.970458,"POLYGON ((77.31164 28.519754, 77.312144 28.542843, 77.285996 28.543286, 77.285497 28.520196, 77.31164 28.519754))"
Delhi_r00_c00,Delhi,2026,0,0,2026-01-01,2026-03-31,32643,705740.0,3174880.0,708300.0,3177440.0,77.11903289934004,28.696139716889434,1.0,10.6190185546875,0.29206544160842896,0.2558131515979767,-0.00986679270863533,-0.28749728202819824,0.09635667502880096,True,tiles\Delhi\2026\Delhi_r00_c00.tif,17.0,16.525,"POLYGON ((77.131893 28.684388, 77.132362 28.70748, 77.10617 28.70789, 77.105707 28.684798, 77.131893 28.684388))"
Delhi_r00_c01,Delhi,2026,0,1,2026-01-01,2026-03-31,32643,708300.0,3174880.0,710860.0,3177440.0,77.1452217403209,28.695726924237366,1.0,11.54376220703125,0.23041588068008423,0.2552722692489624,-0.012559330090880394,-0.2853708565235138,0.0944332480430603,True,tiles\Delhi\2026\Delhi_r00_c01.tif,17.0,16.525,"POLYGON ((77.158079 28.683973, 77.158553 28.707064, 77.132362 28.70748, 77.131893 28.684388, 77.158079 28.683973))"
Delhi_r00_c02,Delhi,2026,0,2,2026-01-01,2026-03-31,32643,710860.0,3174880.0,713420.0,3177440.0,77.17141002774576,28.695309069184958,1.0,11.74127197265625,0.2172485589981079,0.26525765657424927,-0.008184188976883888,-0.29965367913246155,0.0896371454000473,True,tiles\Delhi\2026\Delhi_r00_c02.tif,17.0,16.525,"POLYGON ((77.184264 28.683553, 77.184744 28.706644, 77.158553 28.707064, 77.158079 28.683973, 77.184264 28.683553))"
Delhi_r00_c03,Delhi,2026,0,3,2026-01-01,2026-03-31,32643,713420.0,3174880.0,715980.0,3177440.0,77.19759775487707,28.6948861521278,1.0,12.0673828125,0.19550782442092896,0.2758696377277374,-0.016764523461461067,-0.29446718096733093,0.09158112108707428,True,tiles\Delhi\2026\Delhi_r00_c03.tif,17.0,16.525,"POLYGON ((77.210449 28.683128, 77.210934 28.706218, 77.184744 28.706644, 77.184264 28.683553, 77.210449 28.683128))"
Delhi_r00_c04,Delhi,2026,0,4,2026-01-01,2026-03-31,32643,715980.0,3174880.0,718540.0,3177440.0,77.22378491497803,28.69445817346623,1.0,11.393798828125,0.24041342735290527,0.35583508014678955,-0.057027529925107956,-0.3059210181236267,0.07588250935077667,True,tiles\Delhi\2026\Delhi_r00_c04.tif,17.0,16.525,"POLYGON ((77.236633 28.682698, 77.237124 28.705787, 77.210934 28.706218, 77.210449 28.683128, 77.236633 28.682698))"
Delhi_r00_c05,Delhi,2026,0,5,2026-01-01,2026-03-31,32643,718540.0,3174880.0,721100.0,3177440.0,77.24997150131291,28.69402513360538,1.0,11.4542236328125,0.23638510704040527,0.3639492392539978,-0.0725063681602478,-0.2997848391532898,0.07984599471092224,True,tiles\Delhi\2026\Delhi_r00_c05.tif,17.0,16.525,"POLYGON ((77.262816 28.682262, 77.263313 28.705352, 77.237124 28.705787, 77.236633 28.682698, 77.262816 28.682262))"
Delhi_r00_c06,Delhi,2026,0,6,2026-01-01,2026-03-31,32643,721100.0,3174880.0,723660.0,3177440.0,77.27615750714673,28.693587032955154,1.0,11.55712890625,0.22952473163604736,0.14215236902236938,0.013062398880720139,-0.20958125591278076,0.10784143209457397,True,tiles\Delhi\2026\Delhi_r00_c06.tif,17.0,16.525,"POLYGON ((77.288999 28.681822, 77.289502 28.704911, 77.263313 28.705352, 77.262816 28.682262, 77.288999 28.681822))"
Delhi_r00_c07,Delhi,2026,0,7,2026-01-01,2026-03-31,32643,723660.0,3174880.0,726220.0,3177440.0,77.30234292574546,28.69314387193023,1.0,11.4219970703125,0.23853355646133423,0.19046878814697266,0.0013951531145721674,-0.2426462322473526,0.10049469769001007,True,tiles\Delhi\2026\Delhi_r00_c07.tif,17.0,16.525,"POLYGON ((77.315181 28.681376, 77.31569 28.704465, 77.289502 28.704911, 77.288999 28.681822, 77.315181 28.681376))"
Delhi_r01_c00,Delhi,2026,1,0,2026-01-01,2026-03-31,32643,705740.0,3172320.0,708300.0,3174880.0,77.11856787986275,28.673048016999235,1.0,10.82574462890625,0.2782837152481079,0.27875345945358276,-0.007562278304249048,-0.31464821100234985,0.09029585123062134,True,tiles\Delhi\2026\Delhi_r01_c00.tif,17.0,16.525,"POLYGON ((77.131426 28.661297, 77.131893 28.684388, 77.105707 28.684798, 77.105245 28.661707, 77.131426 28.661297))"
Delhi_r01_c01,Delhi,2026,1,1,2026-01-01,2026-03-31,32643,708300.0,3172320.0,710860.0,3174880.0,77.14475098440738,28.672635617372674,1.0,11.97998046875,0.2013346552848816,0.23744700849056244,0.00512813962996006,-0.2893868088722229,0.0949241891503334,True,tiles\Delhi\2026\Delhi_r01_c01.tif,17.0,16.525,"POLYGON ((77.157606 28.660882, 77.158079 28.683973, 77.131893 28.684388, 77.131426 28.661297, 77.157606 28.660882))"
Delhi_r01_c02,Delhi,2026,1,2,2026-01-01,2026-03-31,32643,710860.0,3172320.0,713420.0,3174880.0,77.1709335359105,28.67221816016265,1.0,12.1982421875,0.18678385019302368,0.20387554168701172,0.01696830801665783,-0.2756345868110657,0.0960065945982933,True,tiles\Delhi\2026\Delhi_r01_c02.tif,17.0,16.525,"POLYGON ((77.183785 28.660462, 77.184264 28.683553, 77.158079 28.683973, 77.157606 28.660882, 77.183785 28.660462))"
Delhi_r01_c03,Delhi,2026,1,3,2026-01-01,2026-03-31,32643,713420.0,3172320.0,715980.0,3174880.0,77.1971155276408,28.67179564576428,1.0,11.5517578125,0.2298828363418579,0.2511897385120392,-0.0035265397746115923,-0.29154446721076965,0.09118662774562836,True,tiles\Delhi\2026\Delhi_r01_c03.tif,17.0,16.525,"POLYGON ((77.209964 28.660038, 77.210449 28.683128, 77.184264 28.683553, 77.183785 28.660462, 77.209964 28.660038))"
Delhi_r01_c04,Delhi,2026,1,4,2026-01-01,2026-03-31,32643,715980.0,3172320.0,718540.0,3174880.0,77.22329695286781,28.671368074577426,1.0,10.75177001953125,0.28321534395217896,0.2840655446052551,-0.03203856945037842,-0.2752006947994232,0.08482010662555695,True,tiles\Delhi\2026\Delhi_r01_c04.tif,17.0,16.525,"POLYGON ((77.236142 28.659608, 77.236633 28.682698, 77.210449 28.683128, 77.209964 28.660038, 77.236142 28.659608))"
Delhi_r01_c05,Delhi,2026,1,5,2026-01-01,2026-03-31,32643,718540.0,3172320.0,721100.0,3174880.0,77.24947780486191,28.670935447006695,1.0,11.18511962890625,0.25432533025741577,0.2939765453338623,-0.02570907399058342,-0.2958972752094269,0.08432059735059738,True,tiles\Delhi\2026\Delhi_r01_c05.tif,17.0,16.525,"POLYGON ((77.26232 28.659173, 77.262816 28.682262, 77.236633 28.682698, 77.236142 28.659608, 77.26232 28.659173))"
Delhi_r01_c06,Delhi,2026,1,6,2026-01-01,2026-03-31,32643,721100.0,3172320.0,723660.0,3174880.0,77.27565807689446,28.670497763461494,1.0,12.4149169921875,0.1723388433456421,0.13370807468891144,0.026450347155332565,-0.2156447470188141,0.10804898291826248,True,tiles\Delhi\2026\Delhi_r01_c06.tif,17.0,16.525,"POLYGON ((77.288497 28.658733, 77.288999 28.681822, 77.262816 28.682262, 77.26232 28.659173, 77.288497 28.658733))"
Delhi_r01_c07,Delhi,2026,1,7,2026-01-01,2026-03-31,32643,723660.0,3172320.0,726220.0,3174880.0,77.30183776223761,28.670055024355975,1.0,13.1712646484375,0.12191569805145264,0.18928009271621704,0.0013741240836679935,-0.2418762594461441,0.10447202622890472,True,tiles\Delhi\2026\Delhi_r01_c07.tif,17.0,16.525,"POLYGON ((77.314674 28.658288, 77.315181 28.681376, 77.288999 28.681822, 77.288497 28.658733, 77.314674 28.658288))"
Delhi_r02_c00,Delhi,2026,2,0,2026-01-01,2026-03-31,32643,705740.0,3169760.0,708300.0,3172320.0,77.1181034066949,28.64995623140436,1.0,10.87261962890625,0.27515870332717896,0.21756534278392792,0.007158652413636446,-0.2797008156776428,0.09999388456344604,True,tiles\Delhi\2026\Delhi_r02_c00.tif,17.0,16.525,"POLYGON ((77.130959 28.638205, 77.131426 28.661297, 77.105245 28.661707, 77.104784 28.638615, 77.130959 28.638205))"
Delhi_r02_c01,Delhi,2026,2,1,2026-01-01,2026-03-31,32643,708300.0,3169760.0,710860.0,3172320.0,77.14428078153549,28.649544224635267,1.0,12.21148681640625,0.18590086698532104,0.2538459897041321,-0.0050427597016096115,-0.30080896615982056,0.09700667858123779,True,tiles\Delhi\2026\Delhi_r02_c01.tif,17.0,16.525,"POLYGON ((77.157133 28.637791, 77.157606 28.660882, 77.131426 28.661297, 77.130959 28.638205, 77.157133 28.637791))"
Delhi_r02_c02,Delhi,2026,2,2,2026-01-01,2026-03-31,32643,710860.0,3169760.0,713420.0,3172320.0,77.17045760384823,28.64912716509757,1.0,12.11309814453125,0.19246011972427368,0.2641661763191223,-0.008287901058793068,-0.29835355281829834,0.09393943846225739,True,tiles\Delhi\2026\Delhi_r02_c02.tif,17.0,16.525,"POLYGON ((77.183307 28.637372, 77.183785 28.660462, 77.157606 28.660882, 77.157133 28.637791, 77.183307 28.637372))"
Delhi_r02_c03,Delhi,2026,2,3,2026-01-01,2026-03-31,32643,713420.0,3169760.0,715980.0,3172320.0,77.19663386690804,28.648705053185886,1.0,11.92822265625,0.20478516817092896,0.259377121925354,-0.005260290578007698,-0.2909824848175049,0.0905856192111969,True,tiles\Delhi\2026\Delhi_r02_c03.tif,17.0,16.525,"POLYGON ((77.20948 28.636947, 77.209964 28.660038, 77.183785 28.660462, 77.183307 28.637372, 77.20948 28.636947))"
Delhi_r02_c04,Delhi,2026,2,4,2026-01-01,2026-03-31,32643,715980.0,3169760.0,718540.0,3172320.0,77.22280956399064,28.648277889299568,1.0,11.50079345703125,0.23328042030334473,0.15317192673683167,0.03674247860908508,-0.24570047855377197,0.1051337718963623,True,tiles\Delhi\2026\Delhi_r02_c04.tif,17.0,16.525,"POLYGON ((77.235652 28.636518, 77.236142 28.659608, 77.209964 28.660038, 77.20948 28.636947, 77.235652 28.636518))"
Delhi_r02_c05,Delhi,2026,2,5,2026-01-01,2026-03-31,32643,718540.0,3169760.0,721100.0,3172320.0,77.24898468837269,28.64784567384273,1.0,11.50262451171875,0.23315834999084473,0.3543054759502411,-0.04279991239309311,-0.34080415964126587,0.07834768295288086,True,tiles\Delhi\2026\Delhi_r02_c05.tif,17.0,16.525,"POLYGON ((77.261824 28.636083, 77.26232 28.659173, 77.236142 28.659608, 77.235652 28.636518, 77.261824 28.636083))"
Delhi_r02_c06,Delhi,2026,2,6,2026-01-01,2026-03-31,32643,721100.0,3169760.0,723660.0,3172320.0,77.27515923333172,28.64740840722429,1.0,11.83673095703125,0.21088463068008423,0.17319953441619873,0.0003220094367861748,-0.21698781847953796,0.09908811002969742,True,tiles\Delhi\2026\Delhi_r02_c06.tif,17.0,16.525,"POLYGON ((77.287996 28.635643, 77.288497 28.658733, 77.26232 28.659173, 77.261824 28.636083, 77.287996 28.635643))"
Delhi_r02_c07,Delhi,2026,2,7,2026-01-01,2026-03-31,32643,723660.0,3169760.0,726220.0,3172320.0,77.30133319214619,28.646966089857877,1.0,12.005126953125,0.19965821504592896,0.21870431303977966,-0.009242855943739414,-0.2522154450416565,0.09999947994947433,True,tiles\Delhi\2026\Delhi_r02_c07.tif,17.0,16.525,"POLYGON ((77.314166 28.635199, 77.314674 28.658288, 77.288497 28.658733, 77.287996 28.635643, 77.314166 28.635199))"
Delhi_r03_c00,Delhi,2026,3,0,2026-01-01,2026-03-31,32643,705740.0,3167200.0,708300.0,3169760.0,77.11763947932911,28.62686436015474,1.0,11.2120361328125,0.25253093242645264,0.2845759689807892,-0.0046047004871070385,-0.32279056310653687,0.08933425694704056,True,tiles\Delhi\2026\Delhi_r03_c00.tif,17.0,16.525,"POLYGON ((77.130492 28.615114, 77.130959 28.638205, 77.104784 28.638615, 77.104323 28.615522, 77.130492 28.615114))"
Delhi_r03_c01,Delhi,2026,3,1,2026-01-01,2026-03-31,32643,708300.0,3167200.0,710860.0,3169760.0,77.14381113119161,28.626452746075344,1.0,11.9556884765625,0.20295411348342896,0.33508020639419556,-0.018251940608024597,-0.3553875684738159,0.08679191768169403,True,tiles\Delhi\2026\Delhi_r03_c01.tif,17.0,16.525,"POLYGON ((77.156661 28.6147, 77.157133 28.637791, 77.130959 28.638205, 77.130492 28.615114, 77.156661 28.6147))"
Delhi_r03_c02,Delhi,2026,3,2,2026-01-01,2026-03-31,32643,710860.0,3167200.0,713420.0,3169760.0,77.16998223103911,28.626036084040148,1.0,12.4595947265625,0.16936033964157104,0.46705159544944763,-0.03388827294111252,-0.44006502628326416,0.06186908483505249,True,tiles\Delhi\2026\Delhi_r03_c02.tif,17.0,16.525,"POLYGON ((77.182829 28.614281, 77.183307 28.637372, 77.157133 28.637791, 77.156661 28.6147, 77.182829 28.614281))"
Delhi_r03_c03,Delhi,2026,3,3,2026-01-01,2026-03-31,32643,713420.0,3167200.0,715980.0,3169760.0,77.19615277215264,28.62561437444326,1.0,11.8018798828125,0.21320801973342896,0.425442636013031,-0.038638465106487274,-0.40061137080192566,0.06752987205982208,True,tiles\Delhi\2026\Delhi_r03_c03.tif,17.0,16.525,"POLYGON ((77.208996 28.613857, 77.20948 28.636947, 77.183307 28.637372, 77.182829 28.614281, 77.208996 28.613857))"
Delhi_r03_c04,Delhi,2026,3,4,2026-01-01,2026-03-31,32643,715980.0,3167200.0,718540.0,3169760.0,77.22232274781419,28.62518761768356,1.0,11.02691650390625,0.2648722529411316,0.320331335067749,-0.04670881852507591,-0.30511540174484253,0.08399932086467743,True,tiles\Delhi\2026\Delhi_r03_c04.tif,17.0,16.525,"POLYGON ((77.235163 28.613428, 77.235652 28.636518, 77.20948 28.636947, 77.208996 28.613857, 77.235163 28.613428))"
Delhi_r03_c05,Delhi,2026,3,5,2026-01-01,2026-03-31,32643,718540.0,3167200.0,721100.0,3169760.0,77.24849215130665,28.624755814164665,1.0,10.8408203125,0.2772786617279053,0.2841510772705078,-0.0360703207552433,-0.27295830845832825,0.07929997146129608,True,tiles\Delhi\2026\Delhi_r03_c05.tif,17.0,16.525,"POLYGON ((77.261329 28.612993, 77.261824 28.636083, 77.235652 28.636518, 77.235163 28.613428, 77.261329 28.612993))"
Delhi_r03_c06,Delhi,2026,3,6,2026-01-01,2026-03-31,32643,721100.0,3167200.0,723660.0,3169760.0,77.27466097591376,28.624318964294968,1.0,12.0643310546875,0.19571125507354736,0.32422494888305664,-0.03212486207485199,-0.3209717273712158,0.08692207932472229,True,tiles\Delhi\2026\Delhi_r03_c06.tif,17.0,16.525,"POLYGON ((77.287495 28.612554, 77.287996 28.635643, 77.261824 28.636083, 77.261329 28.612993, 77.287495 28.612554))"
Delhi_r03_c07,Delhi,2026,3,7,2026-01-01,2026-03-31,32643,723660.0,3167200.0,726220.0,3169760.0,77.30082921492016,28.62387706848759,1.0,12.1043701171875,0.19304198026657104,0.22683975100517273,-0.025808775797486305,-0.24102607369422913,0.09608675539493561,True,tiles\Delhi\2026\Delhi_r03_c07.tif,17.0,16.525,"POLYGON ((77.31366 28.61211, 77.314166 28.635199, 77.287996 28.635643, 77.287495 28.612554, 77.31366 28.61211))"
Delhi_r04_c00,Delhi,2026,4,0,2026-01-01,2026-03-31,32643,705740.0,3164640.0,708300.0,3167200.0,77.11717609725879,28.60377240330038,1.0,11.8116455078125,0.21255695819854736,0.345360666513443,-0.0029941904358565807,-0.38420963287353516,0.08115248382091522,True,tiles\Delhi\2026\Delhi_r04_c00.tif,17.0,16.525,"POLYGON ((77.130026 28.592022, 77.130492 28.615114, 77.104323 28.615522, 77.103863 28.59243, 77.130026 28.592022))"
Delhi_r04_c01,Delhi,2026,4,1,2026-01-01,2026-03-31,32643,708300.0,3164640.0,710860.0,3167200.0,77.143342032863,28.60336118174313,1.0,12.16058349609375,0.1892944574356079,0.4483587443828583,-0.04019242525100708,-0.4233807325363159,0.064194455742836,True,tiles\Delhi\2026\Delhi_r04_c01.tif,17.0,16.525,"POLYGON ((77.156189 28.591608, 77.156661 28.6147, 77.130492 28.615114, 77.130026 28.592022, 77.156189 28.591608))"
Delhi_r04_c02,Delhi,2026,4,2,2026-01-01,2026-03-31,32643,710860.0,3164640.0,713420.0,3167200.0,77.1695074169641,28.60294491704085,1.0,12.2855224609375,0.18096518516540527,0.5150994062423706,-0.06287871301174164,-0.4481421113014221,0.05534712225198746,True,tiles\Delhi\2026\Delhi_r04_c02.tif,17.0,16.525,"POLYGON ((77.182351 28.59119, 77.182829 28.614281, 77.156661 28.6147, 77.156189 28.591608, 77.182351 28.59119))"
Delhi_r04_c03,Delhi,2026,4,3,2026-01-01,2026-03-31,32643,713420.0,3164640.0,715980.0,3167200.0,77.19567224284938,28.602523609587127,1.0,12.14508056640625,0.1903279423713684,0.42617547512054443,-0.06491008400917053,-0.3750608563423157,0.07600688934326172,True,tiles\Delhi\2026\Delhi_r04_c03.tif,17.0,16.525,"POLYGON ((77.208513 28.590766, 77.208996 28.613857, 77.182829 28.614281, 77.182351 28.59119, 77.208513 28.590766))"
Delhi_r04_c04,Delhi,2026,4,4,2026-01-01,2026-03-31,32643,715980.0,3164640.0,718540.0,3167200.0,77.22183650380704,28.602097259780365,1.0,11.97869873046875,0.20142006874084473,0.4202067255973816,-0.07833857834339142,-0.3616833984851837,0.07274262607097626,True,tiles\Delhi\2026\Delhi_r04_c04.tif,17.0,16.525,"POLYGON ((77.234674 28.590337, 77.235163 28.613428, 77.208996 28.613857, 77.208513 28.590766, 77.234674 28.590337))"
Delhi_r04_c05,Delhi,2026,4,5,2026-01-01,2026-03-31,32643,718540.0,3164640.0,721100.0,3167200.0,77.24800019312616,28.60166586802368,1.0,12.7696533203125,0.14868980646133423,0.3822222948074341,-0.041688211262226105,-0.36293381452560425,0.07005386799573898,True,tiles\Delhi\2026\Delhi_r04_c05.tif,17.0,16.525,"POLYGON ((77.260835 28.589904, 77.261329 28.612993, 77.235163 28.613428, 77.234674 28.590337, 77.260835 28.589904))"
Delhi_r04_c06,Delhi,2026,4,6,2026-01-01,2026-03-31,32643,721100.0,3164640.0,723660.0,3167200.0,77.2741633040967,28.601229434724956,1.0,12.43597412109375,0.1709350347518921,0.36469507217407227,-0.0745496153831482,-0.30552709102630615,0.07805046439170837,True,tiles\Delhi\2026\Delhi_r04_c06.tif,17.0,16.525,"POLYGON ((77.286995 28.589465, 77.287495 28.612554, 77.261329 28.612993, 77.260835 28.589904, 77.286995 28.589465))"
Delhi_r04_c07,Delhi,2026,4,7,2026-01-01,2026-03-31,32643,723660.0,3164640.0,726220.0,3167200.0,77.30032583000947,28.600787960296813,1.0,12.27349853515625,0.18176674842834473,0.2657519578933716,-0.029875246807932854,-0.2747945189476013,0.09191185235977173,True,tiles\Delhi\2026\Delhi_r04_c07.tif,17.0,16.525,"POLYGON ((77.313154 28.589021, 77.31366 28.61211, 77.287495 28.612554, 77.286995 28.589465, 77.313154 28.589021))"
Delhi_r05_c00,Delhi,2026,5,0,2026-01-01,2026-03-31,32643,705740.0,3162080.0,708300.0,3164640.0,77.11671325997823,28.580680360891296,1.0,11.625,0.2250000238418579,0.3783388137817383,0.007538174744695425,-0.42981523275375366,0.08423039317131042,True,tiles\Delhi\2026\Delhi_r05_c00.tif,17.0,16.525,"POLYGON ((77.129561 28.56893, 77.130026 28.592022, 77.103863 28.59243, 77.103403 28.569338, 77.129561 28.56893))"
Delhi_r05_c01,Delhi,2026,5,1,2026-01-01,2026-03-31,32643,708300.0,3162080.0,710860.0,3164640.0,77.14287348603766,28.58026953168889,1.0,11.79266357421875,0.21382242441177368,0.3855637013912201,-0.025896357372403145,-0.3925221562385559,0.07885177433490753,True,tiles\Delhi\2026\Delhi_r05_c01.tif,17.0,16.525,"POLYGON ((77.155718 28.568517, 77.156189 28.591608, 77.130026 28.592022, 77.129561 28.56893, 77.155718 28.568517))"
Delhi_r05_c02,Delhi,2026,5,2,2026-01-01,2026-03-31,32643,710860.0,3162080.0,713420.0,3164640.0,77.16903316110508,28.579853664150157,1.0,12.1370849609375,0.19086098670959473,0.3818591237068176,-0.05254492163658142,-0.3569515347480774,0.07713081687688828,True,tiles\Delhi\2026\Delhi_r05_c02.tif,17.0,16.525,"POLYGON ((77.181874 28.568099, 77.182351 28.59119, 77.156189 28.591608, 77.155718 28.568517, 77.181874 28.568099))"
Delhi_r05_c03,Delhi,2026,5,3,2026-01-01,2026-03-31,32643,713420.0,3162080.0,715980.0,3164640.0,77.1951922784739,28.579432758668208,1.0,12.22698974609375,0.18486732244491577,0.34982410073280334,-0.03189653903245926,-0.3537938892841339,0.08458063006401062,True,tiles\Delhi\2026\Delhi_r05_c03.tif,17.0,16.525,"POLYGON ((77.20803 28.567675, 77.208513 28.590766, 77.182351 28.59119, 77.181874 28.568099, 77.20803 28.567675))"
Delhi_r05_c04,Delhi,2026,5,4,2026-01-01,2026-03-31,32643,715980.0,3162080.0,718540.0,3164640.0,77.22135083143861,28.57900681564096,1.0,11.67535400390625,0.2216430902481079,0.2884007692337036,-0.016512639820575714,-0.3138713240623474,0.08689688891172409,True,tiles\Delhi\2026\Delhi_r05_c04.tif,17.0,16.525,"POLYGON ((77.234186 28.567247, 77.234674 28.590337, 77.208513 28.590766, 77.20803 28.567675, 77.234186 28.567247))"
Delhi_r05_c05,Delhi,2026,5,5,2026-01-01,2026-03-31,32643,718540.0,3162080.0,721100.0,3164640.0,77.24750881329446,28.578575835471014,1.0,12.3580322265625,0.17613118886947632,0.27252739667892456,-0.016382846981287003,-0.30312421917915344,0.08883742243051529,True,tiles\Delhi\2026\Delhi_r05_c05.tif,17.0,16.525,"POLYGON ((77.260341 28.566814, 77.260835 28.589904, 77.234674 28.590337, 77.234186 28.567247, 77.260341 28.566814))"
Delhi_r05_c06,Delhi,2026,5,6,2026-01-01,2026-03-31,32643,721100.0,3162080.0,723660.0,3164640.0,77.2736662173375,28.57813981856575,1.0,12.269287109375,0.1820475459098816,0.30341824889183044,-0.026769667863845825,-0.3138587474822998,0.07713870704174042,True,tiles\Delhi\2026\Delhi_r05_c06.tif,17.0,16.525,"POLYGON ((77.286495 28.566375, 77.286995 28.589465, 77.260835 28.589904, 77.260341 28.566814, 77.286495 28.566375))"
Delhi_r05_c07,Delhi,2026,5,7,2026-01-01,2026-03-31,32643,723660.0,3162080.0,726220.0,3164640.0,77.29982303686496,28.577698765337292,1.0,12.8663330078125,0.14224445819854736,0.30159732699394226,-0.061540715396404266,-0.2601022720336914,0.07356634736061096,True,tiles\Delhi\2026\Delhi_r05_c07.tif,17.0,16.525,"POLYGON ((77.312649 28.565932, 77.313154 28.589021, 77.286995 28.589465, 77.286495 28.566375, 77.312649 28.565932))"
Delhi_r06_c00,Delhi,2026,6,0,2026-01-01,2026-03-31,32643,705740.0,3159520.0,708300.0,3162080.0,77.11625096698258,28.557588232977555,1.0,11.58526611328125,0.22764891386032104,0.2140224426984787,0.06738561391830444,-0.34388458728790283,0.12311872094869614,True,tiles\Delhi\2026\Delhi_r06_c00.tif,17.0,16.525,"POLYGON ((77.129096 28.545838, 77.129561 28.56893, 77.103403 28.569338, 77.102944 28.546246, 77.129096 28.545838))"
Delhi_r06_c01,Delhi,2026,6,1,2026-01-01,2026-03-31,32643,708300.0,3159520.0,710860.0,3162080.0,77.1424054902046,28.557177795962918,1.0,12.18634033203125,0.18757730722427368,0.45312297344207764,-0.028856953606009483,-0.44511210918426514,0.06801864504814148,True,tiles\Delhi\2026\Delhi_r06_c01.tif,17.0,16.525,"POLYGON ((77.155247 28.545425, 77.155718 28.568517, 77.129561 28.56893, 77.129096 28.545838, 77.155247 28.545425))"
Delhi_r06_c02,Delhi,2026,6,2,2026-01-01,2026-03-31,32643,710860.0,3159520.0,713420.0,3162080.0,77.16855946294476,28.556762325418614,1.0,11.628173828125,0.22478842735290527,0.4050429165363312,-0.05252674221992493,-0.37413692474365234,0.07363349199295044,True,tiles\Delhi\2026\Delhi_r06_c02.tif,17.0,16.525,"POLYGON ((77.181398 28.545007, 77.181874 28.568099, 77.155718 28.568517, 77.155247 28.545425, 77.181398 28.545007))"
Delhi_r06_c03,Delhi,2026,6,3,2026-01-01,2026-03-31,32643,713420.0,3159520.0,715980.0,3162080.0,77.19471287850277,28.5563418217373,1.0,12.14202880859375,0.1905314326286316,0.3783136010169983,-0.05900939181447029,-0.3431679606437683,0.07557883113622665,True,tiles\Delhi\2026\Delhi_r06_c03.tif,17.0,16.525,"POLYGON ((77.207548 28.544585, 77.20803 28.567675, 77.181874 28.568099, 77.181398 28.545007, 77.207548 28.544585))"
Delhi_r06_c04,Delhi,2026,6,4,2026-01-01,2026-03-31,32643,715980.0,3159520.0,718540.0,3162080.0,77.22086573017926,28.555916285316364,1.0,12.13409423828125,0.1910603642463684,0.3763929009437561,-0.05415114760398865,-0.3561450242996216,0.07479111850261688,True,tiles\Delhi\2026\Delhi_r06_c04.tif,17.0,16.525,"POLYGON ((77.233698 28.544157, 77.234186 28.567247, 77.20803 28.567675, 77.207548 28.544585, 77.233698 28.544157))"
Delhi_r06_c05,Delhi,2026,6,5,2026-01-01,2026-03-31,32643,718540.0,3159520.0,721100.0,3162080.0,77.24701801127564,28.555485716557936,1.0,12.19049072265625,0.18730062246322632,0.2886761426925659,-0.021038059145212173,-0.3123801052570343,0.08655048161745071,True,tiles\Delhi\2026\Delhi_r06_c05.tif,17.0,16.525,"POLYGON ((77.259847 28.543724, 77.260341 28.566814, 77.234186 28.567247, 77.233698 28.544157, 77.259847 28.543724))"
Delhi_r06_c06,Delhi,2026,6,6,2026-01-01,2026-03-31,32643,721100.0,3159520.0,723660.0,3162080.0,77.27316971509423,28.55505011586887,1.0,11.71319580078125,0.21912026405334473,0.3434939384460449,-0.0292323250323534,-0.3545127809047699,0.07884551584720612,True,tiles\Delhi\2026\Delhi_r06_c06.tif,17.0,16.525,"POLYGON ((77.285996 28.543286, 77.286495 28.566375, 77.260341 28.566814, 77.259847 28.543724, 77.285996 28.543286))"
Delhi_r06_c07,Delhi,2026,6,7,2026-01-01,2026-03-31,32643,723660.0,3159520.0,726220.0,3162080.0,77.29932083493833,28.554609483660794,1.0,12.25433349609375,0.18304443359375,0.21316033601760864,-0.09268800914287567,-0.1334962546825409,0.07470577955245972,True,tiles\Delhi\2026\Delhi_r06_c07.tif,17.0,16.525,"POLYGON ((77.312144 28.542843, 77.312649 28.565932, 77.286495 28.566375, 77.285996 28.543286, 77.312144 28.542843))"
Delhi_r07_c00,Delhi,2026,7,0,2026-01-01,2026-03-31,32643,705740.0,3156960.0,708300.0,3159520.0,77.11578921776777,28.534496019609257,1.0,11.921142578125,0.20525717735290527,0.3121100068092346,0.011234808713197708,-0.37575000524520874,0.09533507376909256,True,tiles\Delhi\2026\Delhi_r07_c00.tif,17.0,16.525,"POLYGON ((77.128632 28.522746, 77.129096 28.545838, 77.102944 28.546246, 77.102485 28.523153, 77.128632 28.522746))"
Delhi_r07_c01,Delhi,2026,7,1,2026-01-01,2026-03-31,32643,708300.0,3156960.0,710860.0,3159520.0,77.1419380448535,28.534085974615557,1.0,11.86151123046875,0.20923256874084473,0.40341681241989136,-0.04669370502233505,-0.3829807639122009,0.08018691837787628,True,tiles\Delhi\2026\Delhi_r07_c01.tif,17.0,16.525,"POLYGON ((77.154777 28.522333, 77.155247 28.545425, 77.129096 28.545838, 77.128632 28.522746, 77.154777 28.522333))"
Delhi_r07_c02,Delhi,2026,7,2,2026-01-01,2026-03-31,32643,710860.0,3156960.0,713420.0,3159520.0,77.16808632196674,28.533670900896816,1.0,11.92840576171875,0.20477294921875,0.5223999619483948,-0.07527697831392288,-0.44983038306236267,0.05697038024663925,True,tiles\Delhi\2026\Delhi_r07_c02.tif,17.0,16.525,"POLYGON ((77.180922 28.521916, 77.181398 28.545007, 77.155247 28.545425, 77.154777 28.522333, 77.180922 28.521916))"
Delhi_r07_c03,Delhi,2026,7,3,2026-01-01,2026-03-31,32643,713420.0,3156960.0,715980.0,3159520.0,77.19423404241337,28.533250798845206,1.0,12.20623779296875,0.18625080585479736,0.4580760598182678,-0.07823571562767029,-0.39652299880981445,0.0675150454044342,True,tiles\Delhi\2026\Delhi_r07_c03.tif,17.0,16.525,"POLYGON ((77.207067 28.521494, 77.207548 28.544585, 77.181398 28.545007, 77.180922 28.521916, 77.207067 28.521494))"
Delhi_r07_c04,Delhi,2026,7,4,2026-01-01,2026-03-31,32643,715980.0,3156960.0,718540.0,3159520.0,77.22038119950018,28.532825668857644,1.0,12.61920166015625,0.15871989727020264,0.3171430230140686,-0.030876420438289642,-0.32638663053512573,0.08397437632083893,True,tiles\Delhi\2026\Delhi_r07_c04.tif,17.0,16.525,"POLYGON ((77.233211 28.521066, 77.233698 28.544157, 77.207548 28.544585, 77.207067 28.521494, 77.233211 28.521066))"
Delhi_r07_c05,Delhi,2026,7,5,2026-01-01,2026-03-31,32643,718540.0,3156960.0,721100.0,3159520.0,77.24652778653476,28.532395511335743,1.0,11.86566162109375,0.20895588397979736,0.3541751503944397,-0.04982886463403702,-0.3420007824897766,0.07789245247840881,True,tiles\Delhi\2026\Delhi_r07_c05.tif,17.0,16.525,"POLYGON ((77.259355 28.520634, 77.259847 28.543724, 77.233698 28.544157, 77.233211 28.521066, 77.259355 28.520634))"
Delhi_r07_c06,Delhi,2026,7,6,2026-01-01,2026-03-31,32643,721100.0,3156960.0,723660.0,3159520.0,77.27267379682567,28.531960326685873,1.0,11.863525390625,0.20909827947616577,0.2756461203098297,0.004335953388363123,-0.32866713404655457,0.0906379371881485,True,tiles\Delhi\2026\Delhi_r07_c06.tif,17.0,16.525,"POLYGON ((77.285497 28.520196, 77.285996 28.543286, 77.259847 28.543724, 77.259355 28.520634, 77.285497 28.520196))"
Delhi_r07_c07,Delhi,2026,7,7,2026-01-01,2026-03-31,32643,723660.0,3156960.0,726220.0,3159520.0,77.29881922368227,28.53152011531914,1.0,11.9150390625,0.2056640386581421,0.2834112048149109,0.0007560803787782788,-0.3393682539463043,0.09119933098554611,True,tiles\Delhi\2026\Delhi_r07_c07.tif,17.0,16.525,"POLYGON ((77.31164 28.519754, 77.312144 28.542843, 77.285996 28.543286, 77.285497 28.520196, 77.31164 28.519754))"
Indore_r00_c00,Indore,2020,0,0,2020-01-01,2020-03-31,32643,577840.0,2520410.0,580400.0,2522970.0,75.77089936720726,22.800935905461426,1.0,13.39739990234375,0.2556999921798706,0.7352243661880493,-0.36753883957862854,-0.42037129402160645,0.04712013527750969,True,tiles\Indore\2020\Indore_r00_c00.tif,18.0,1.31,"POLYGON ((75.783304 22.789313, 75.783436 22.812437, 75.758493 22.812558, 75.758365 22.789434, 75.783304 22.789313))"
Indore_r00_c01,Indore,2020,0,1,2020-01-01,2020-03-31,32643,580400.0,2520410.0,582960.0,2522970.0,75.79584069785055,22.800813376067843,1.0,13.301971435546875,0.2610015869140625,0.7408798933029175,-0.3710699677467346,-0.42823144793510437,0.04653429985046387,True,tiles\Indore\2020\Indore_r00_c01.tif,18.0,1.31,"POLYGON ((75.808243 22.789189, 75.80838 22.812313, 75.783436 22.812437, 75.783304 22.789313, 75.808243 22.789189))"
Indore_r00_c02,Indore,2020,0,2,2020-01-01,2020-03-31,32643,582960.0,2520410.0,585520.0,2522970.0,75.82078185429528,22.800686946437697,1.0,14.090911865234375,0.2171715497970581,0.6559844613075256,-0.28962844610214233,-0.425462007522583,0.05728813260793686,True,tiles\Indore\2020\Indore_r00_c02.tif,18.0,1.31,"POLYGON ((75.833182 22.789061, 75.833323 22.812184, 75.80838 22.812313, 75.808243 22.789189, 75.833182 22.789061))"
Indore_r00_c03,Indore,2020,0,3,2020-01-01,2020-03-31,32643,585520.0,2520410.0,588080.0,2522970.0,75.8457228310842,22.800556616683494,1.0,14.907928466796875,0.1717817783355713,0.3867693543434143,-0.08187847584486008,-0.3652283847332001,0.08518411964178085,True,tiles\Indore\2020\Indore_r00_c03.tif,18.0,1.31,"POLYGON ((75.858121 22.788928, 75.858266 22.812052, 75.833323 22.812184, 75.833182 22.789061, 75.858121 22.788928))"
Indore_r00_c04,Indore,2020,0,4,2020-01-01,2020-03-31,32643,588080.0,2520410.0,590640.0,2522970.0,75.87066362276032,22.800422386921223,1.0,13.305206298828125,0.2608218789100647,0.5375677347183228,-0.21529638767242432,-0.39552995562553406,0.07046770304441452,True,tiles\Indore\2020\Indore_r00_c04.tif,18.0,1.31,"POLYGON ((75.883059 22.788792, 75.883208 22.811916, 75.858266 22.812052, 75.858121 22.788928, 75.883059 22.788792))"
Indore_r00_c05,Indore,2020,0,5,2020-01-01,2020-03-31,32643,590640.0,2520410.0,593200.0,2522970.0,75.89560422386687,22.800284257270338,1.0,13.875732421875,0.2291259765625,0.5003141164779663,-0.1794377565383911,-0.37772029638290405,0.07633858919143677,True,tiles\Indore\2020\Indore_r00_c05.tif,18.0,1.31,"POLYGON ((75.907998 22.788652, 75.908151 22.811776, 75.883208 22.811916, 75.883059 22.788792, 75.907998 22.788652))"
Indore_r00_c06,Indore,2020,0,6,2020-01-01,2020-03-31,32643,593200.0,2520410.0,595760.0,2522970.0,75.92054462894731,22.80014222785375,1.0,13.924774169921875,0.2264014482498169,0.4730990529060364,-0.15105441212654114,-0.3734748959541321,0.07245683670043945,True,tiles\Indore\2020\Indore_r00_c06.tif,18.0,1.31,"POLYGON ((75.932936 22.788508, 75.933093 22.811631, 75.908151 22.811776, 75.907998 22.788652, 75.932936 22.788508))"
Indore_r00_c07,Indore,2020,0,7,2020-01-01,2020-03-31,32643,595760.0,2520410.0,598320.0,2522970.0,75.94548483254542,22.79999629879787,1.0,13.47491455078125,0.2513936161994934,0.6110666394233704,-0.24034561216831207,-0.42931491136550903,0.06107540801167488,True,tiles\Indore\2020\Indore_r00_c07.tif,18.0,1.31,"POLYGON ((75.957874 22.788361, 75.958036 22.811484, 75.933093 22.811631, 75.932936 22.788508, 75.957874 22.788361))"
Indore_r01_c00,Indore,2020,1,0,2020-01-01,2020-03-31,32643,577840.0,2517850.0,580400.0,2520410.0,75.77076939602576,22.77781177134623,1.0,14.0302734375,0.2205403447151184,0.6911522150039673,-0.3309282660484314,-0.40507423877716064,0.05202915892004967,True,tiles\Indore\2020\Indore_r01_c00.tif,18.0,1.31,"POLYGON ((75.783172 22.766189, 75.783304 22.789313, 75.758365 22.789434, 75.758237 22.76631, 75.783172 22.766189))"
Indore_r01_c01,Indore,2020,1,1,2020-01-01,2020-03-31,32643,580400.0,2517850.0,582960.0,2520410.0,75.79570652270453,22.777689379880943,1.0,13.431671142578125,0.2537960410118103,0.6335617303848267,-0.26642513275146484,-0.42823880910873413,0.05889749526977539,True,tiles\Indore\2020\Indore_r01_c01.tif,18.0,1.31,"POLYGON ((75.808107 22.766065, 75.808243 22.789189, 75.783304 22.789313, 75.783172 22.766189, 75.808107 22.766065))"
Indore_r01_c02,Indore,2020,1,2,2020-01-01,2020-03-31,32643,582960.0,2517850.0,585520.0,2520410.0,75.82064347531578,22.777563092569235,1.0,13.794952392578125,0.2336137294769287,0.5369498133659363,-0.22103512287139893,-0.3713020086288452,0.06852442026138306,True,tiles\Indore\2020\Indore_r01_c02.tif,18.0,1.31,"POLYGON ((75.833042 22.765937, 75.833182 22.789061, 75.808243 22.789189, 75.808107 22.766065, 75.833042 22.765937))"
Indore_r01_c03,Indore,2020,1,3,2020-01-01,2020-03-31,32643,585520.0,2517850.0,588080.0,2520410.0,75.84558024840638,22.777432909523466,1.0,14.73626708984375,0.1813185214996338,0.29793834686279297,-0.042168028652668,-0.3164445161819458,0.0925309956073761,True,tiles\Indore\2020\Indore_r01_c03.tif,18.0,1.31,"POLYGON ((75.857976 22.765805, 75.858121 22.788928, 75.833182 22.789061, 75.833042 22.765937, 75.857976 22.765805))"
Indore_r01_c04,Indore,2020,1,4,2020-01-01,2020-03-31,32643,588080.0,2517850.0,590640.0,2520410.0,75.87051683652341,22.777298830859465,1.0,13.425048828125,0.2541639804840088,0.4093850255012512,-0.11116929352283478,-0.3580370843410492,0.08225295692682266,True,tiles\Indore\2020\Indore_r01_c04.tif,18.0,1.31,"POLYGON ((75.882911 22.765669, 75.883059 22.788792, 75.858121 22.788928, 75.857976 22.765805, 75.882911 22.765669))"
Indore_r01_c05,Indore,2020,1,5,2020-01-01,2020-03-31,32643,590640.0,2517850.0,593200.0,2520410.0,75.89545323421417,22.777160856696533,1.0,13.518646240234375,0.2489640712738037,0.26736581325531006,-0.0008443547412753105,-0.32891836762428284,0.10139508545398712,True,tiles\Indore\2020\Indore_r01_c05.tif,18.0,1.31,"POLYGON ((75.907845 22.765529, 75.907998 22.788652, 75.883059 22.788792, 75.882911 22.765669, 75.907845 22.765529))"
Indore_r01_c06,Indore,2020,1,6,2020-01-01,2020-03-31,32643,593200.0,2517850.0,595760.0,2520410.0,75.92038943602633,22.77701898715743,1.0,14.3697509765625,0.2016804814338684,0.4229297339916229,-0.09090493619441986,-0.383456289768219,0.08520108461380005,True,tiles\Indore\2020\Indore_r01_c06.tif,18.0,1.31,"POLYGON ((75.932779 22.765385, 75.932936 22.788508, 75.907998 22.788652, 75.907845 22.765529, 75.932779 22.765385))"
Indore_r01_c07,Indore,2020,1,7,2020-01-01,2020-03-31,32643,595760.0,2517850.0,598320.0,2520410.0,75.94532543650766,22.776873222368376,1.0,13.304473876953125,0.2608625888824463,0.5602833032608032,-0.20679691433906555,-0.4094561040401459,0.06843599677085876,True,tiles\Indore\2020\Indore_r01_c07.tif,18.0,1.31,"POLYGON ((75.957713 22.765238, 75.957874 22.788361, 75.932936 22.788508, 75.932779 22.765385, 75.957713 22.765238))"
Indore_r02_c00,Indore,2020,2,0,2020-01-01,2020-03-31,32643,577840.0,2515290.0,580400.0,2517850.0,75.77063959345845,22.754687569555692,1.0,13.521697998046875,0.2487945556640625,0.4921332895755768,-0.1658499538898468,-0.3964919447898865,0.06943538784980774,True,tiles\Indore\2020\Indore_r02_c00.tif,18.0,1.31,"POLYGON ((75.78304 22.743065, 75.783172 22.766189, 75.758237 22.76631, 75.758109 22.743185, 75.78304 22.743065))"
Indore_r02_c01,Indore,2020,2,1,2020-01-01,2020-03-31,32643,580400.0,2515290.0,582960.0,2517850.0,75.79557252162608,22.754565315973636,1.0,13.150238037109375,0.2694312334060669,0.5095565915107727,-0.17862898111343384,-0.39674830436706543,0.07064315676689148,True,tiles\Indore\2020\Indore_r02_c01.tif,18.0,1.31,"POLYGON ((75.807971 22.742941, 75.808107 22.766065, 75.783172 22.766189, 75.78304 22.743065, 75.807971 22.742941))"
Indore_r02_c02,Indore,2020,2,2,2020-01-01,2020-03-31,32643,582960.0,2515290.0,585520.0,2517850.0,75.820505275857,22.75443917093387,1.0,14.164337158203125,0.2130923867225647,0.4310222566127777,-0.10932028293609619,-0.37408649921417236,0.08154170215129852,True,tiles\Indore\2020\Indore_r02_c02.tif,18.0,1.31,"POLYGON ((75.832902 22.742813, 75.833042 22.765937, 75.808107 22.766065, 75.807971 22.742941, 75.832902 22.742813))"
Indore_r02_c03,Indore,2020,2,3,2020-01-01,2020-03-31,32643,585520.0,2515290.0,588080.0,2517850.0,75.84543785070217,22.754309134548617,1.0,14.069091796875,0.2183837890625,0.2619574964046478,-0.011494830250740051,-0.3119550943374634,0.09747855365276337,True,tiles\Indore\2020\Indore_r02_c03.tif,18.0,1.31,"POLYGON ((75.857832 22.742681, 75.857976 22.765805, 75.833042 22.765937, 75.832902 22.742813, 75.857832 22.742681))"
Indore_r02_c04,Indore,2020,2,4,2020-01-01,2020-03-31,32643,588080.0,2515290.0,590640.0,2517850.0,75.87037024071276,22.754175206933535,1.0,14.290130615234375,0.2061038613319397,0.2193114459514618,0.004354134202003479,-0.2817297577857971,0.10447375476360321,True,tiles\Indore\2020\Indore_r02_c04.tif,18.0,1.31,"POLYGON ((75.882762 22.742545, 75.882911 22.765669, 75.857976 22.765805, 75.857832 22.742681, 75.882762 22.742545))"
Indore_r02_c05,Indore,2020,2,5,2020-01-01,2020-03-31,32643,590640.0,2515290.0,593200.0,2517850.0,75.89530244044022,22.754037388207784,1.0,14.10400390625,0.2164442539215088,0.20933109521865845,0.007256309501826763,-0.2729555368423462,0.10530826449394226,True,tiles\Indore\2020\Indore_r02_c05.tif,18.0,1.31,"POLYGON ((75.907692 22.742405, 75.907845 22.765529, 75.882911 22.765669, 75.882762 22.742545, 75.907692 22.742405))"
Indore_r02_c06,Indore,2020,2,6,2020-01-01,2020-03-31,32643,593200.0,2515290.0,595760.0,2517850.0,75.92023444443625,22.75389567849393,1.0,14.79095458984375,0.1782802939414978,0.2890605330467224,-0.015231716446578503,-0.33273500204086304,0.1022956594824791,True,tiles\Indore\2020\Indore_r02_c06.tif,18.0,1.31,"POLYGON ((75.932622 22.742262, 75.932779 22.765385, 75.907845 22.765529, 75.907692 22.742405, 75.932622 22.742262))"
Indore_r02_c07,Indore,2020,2,7,2020-01-01,2020-03-31,32643,595760.0,2515290.0,598320.0,2517850.0,75.94516624725273,22.753750077918035,1.0,13.821624755859375,0.2321319580078125,0.5480048656463623,-0.19732987880706787,-0.4082590341567993,0.06807515025138855,True,tiles\Indore\2020\Indore_r02_c07.tif,18.0,1.31,"POLYGON ((75.957552 22.742114, 75.957713 22.765238, 75.932779 22.765385, 75.932622 22.742262, 75.957552 22.742114))"
Indore_r03_c00,Indore,2020,3,0,2020-01-01,2020-03-31,32643,577840.0,2512730.0,580400.0,2515290.0,75.77050995937869,22.731563300143605,1.0,12.540740966796875,0.3032921552658081,0.5762163996696472,-0.22998830676078796,-0.4132000207901001,0.06262854486703873,True,tiles\Indore\2020\Indore_r03_c00.tif,18.0,1.31,"POLYGON ((75.782909 22.719941, 75.78304 22.743065, 75.758109 22.743185, 75.757982 22.720061, 75.782909 22.719941))"
Indore_r03_c01,Indore,2020,3,1,2020-01-01,2020-03-31,32643,580400.0,2512730.0,582960.0,2515290.0,75.79543869448443,22.731441184399802,1.0,13.118316650390625,0.2712046504020691,0.2975577712059021,0.003437502309679985,-0.38441047072410583,0.08943317830562592,True,tiles\Indore\2020\Indore_r03_c01.tif,18.0,1.31,"POLYGON ((75.807835 22.719817, 75.807971 22.742941, 75.78304 22.743065, 75.782909 22.719941, 75.807835 22.719817))"
Indore_r03_c02,Indore,2020,3,2,2020-01-01,2020-03-31,32643,582960.0,2512730.0,585520.0,2515290.0,75.82036725578403,22.731315181585565,1.0,14.0589599609375,0.2189466953277588,0.24728715419769287,0.015675753355026245,-0.326134592294693,0.1026228591799736,True,tiles\Indore\2020\Indore_r03_c02.tif,18.0,1.31,"POLYGON ((75.832761 22.719689, 75.832902 22.742813, 75.807971 22.742941, 75.807835 22.719817, 75.832761 22.719689))"
Indore_r03_c03,Indore,2020,3,3,2020-01-01,2020-03-31,32643,585520.0,2512730.0,588080.0,2515290.0,75.84529563783258,22.731185291812963,1.0,13.822357177734375,0.2320912480354309,0.23768967390060425,0.014911520294845104,-0.3088220953941345,0.09935968369245529,True,tiles\Indore\2020\Indore_r03_c03.tif,18.0,1.31,"POLYGON ((75.857688 22.719557, 75.857832 22.742681, 75.832902 22.742813, 75.832761 22.719689, 75.857688 22.719557))"
Indore_r03_c04,Indore,2020,3,4,2020-01-01,2020-03-31,32643,588080.0,2512730.0,590640.0,2515290.0,75.8702238351853,22.731051515197525,1.0,14.1654052734375,0.2130330204963684,0.2734290659427643,-0.010822989977896214,-0.31317347288131714,0.09117451310157776,True,tiles\Indore\2020\Indore_r03_c04.tif,18.0,1.31,"POLYGON ((75.882614 22.719422, 75.882762 22.742545, 75.857832 22.742681, 75.857688 22.719557, 75.882614 22.719422))"
Indore_r03_c05,Indore,2020,3,5,2020-01-01,2020-03-31,32643,590640.0,2512730.0,593200.0,2515290.0,75.89515184239778,22.730913851858222,1.0,14.384521484375,0.2008599042892456,0.21970072388648987,0.003905674908310175,-0.276144802570343,0.10139314830303192,True,tiles\Indore\2020\Indore_r03_c05.tif,18.0,1.31,"POLYGON ((75.90754 22.719282, 75.907692 22.742405, 75.882762 22.742545, 75.882614 22.719422, 75.90754 22.719282))"
Indore_r03_c06,Indore,2020,3,6,2020-01-01,2020-03-31,32643,593200.0,2512730.0,595760.0,2515290.0,75.92007965402574,22.730772301917487,1.0,13.750732421875,0.2360703945159912,0.22013235092163086,0.014324741438031197,-0.30502766370773315,0.10685084760189056,True,tiles\Indore\2020\Indore_r03_c06.tif,18.0,1.31,"POLYGON ((75.932465 22.719139, 75.932622 22.742262, 75.907692 22.742405, 75.90754 22.719282, 75.932465 22.719139))"
Indore_r03_c07,Indore,2020,3,7,2020-01-01,2020-03-31,32643,595760.0,2512730.0,598320.0,2515290.0,75.94500726462519,22.73062686550119,1.0,13.992706298828125,0.2226274013519287,0.5665715932846069,-0.2068089097738266,-0.41571369767189026,0.06297161430120468,True,tiles\Indore\2020\Indore_r03_c07.tif,18.0,1.31,"POLYGON ((75.957391 22.718991, 75.957552 22.742114, 75.932622 22.742262, 75.932465 22.719139, 75.957391 22.718991))"
Indore_r04_c00,Indore,2020,4,0,2020-01-01,2020-03-31,32643,577840.0,2510170.0,580400.0,2512730.0,75.77038049365996,22.70843896316384,1.0,12.39105224609375,0.3116081953048706,0.6333593726158142,-0.27267223596572876,-0.4142330288887024,0.056650348007678986,True,tiles\Indore\2020\Indore_r04_c00.tif,18.0,1.31,"POLYGON ((75.782777 22.696816, 75.782909 22.719941, 75.757982 22.720061, 75.757855 22.696936, 75.782777 22.696816))"
Indore_r04_c01,Indore,2020,4,1,2020-01-01,2020-03-31,32643,580400.0,2510170.0,582960.0,2512730.0,75.79530504114895,22.708316985213358,1.0,13.481597900390625,0.2510223388671875,0.5053855180740356,-0.17615404725074768,-0.38318759202957153,0.07061134278774261,True,tiles\Indore\2020\Indore_r04_c01.tif,18.0,1.31,"POLYGON ((75.807699 22.696693, 75.807835 22.719817, 75.782909 22.719941, 75.782777 22.696816, 75.807699 22.696693))"
Indore_r04_c02,Indore,2020,4,2,2020-01-01,2020-03-31,32643,582960.0,2510170.0,585520.0,2512730.0,75.82022941496218,22.708191124578295,1.0,13.785125732421875,0.2341597080230713,0.1851079761981964,-0.01717641018331051,-0.2003963440656662,0.09747004508972168,True,tiles\Indore\2020\Indore_r04_c02.tif,18.0,1.31,"POLYGON ((75.832622 22.696565, 75.832761 22.719689, 75.807835 22.719817, 75.807699 22.696693, 75.832622 22.696565))"
Indore_r04_c03,Indore,2020,4,3,2020-01-01,2020-03-31,32643,585520.0,2510170.0,588080.0,2512730.0,75.84515360965881,22.708061381370573,1.0,12.89276123046875,0.2837355136871338,0.20736944675445557,0.028782758861780167,-0.2906990051269531,0.10184843093156815,True,tiles\Indore\2020\Indore_r04_c03.tif,18.0,1.31,"POLYGON ((75.857544 22.696433, 75.857688 22.719557, 75.832761 22.719689, 75.832622 22.696565, 75.857544 22.696433))"
Indore_r04_c04,Indore,2020,4,4,2020-01-01,2020-03-31,32643,588080.0,2510170.0,590640.0,2512730.0,75.87007761979815,22.70792775570557,1.0,13.47271728515625,0.2515156865119934,0.20653589069843292,0.024766314774751663,-0.28623247146606445,0.09906771034002304,True,tiles\Indore\2020\Indore_r04_c04.tif,18.0,1.31,"POLYGON ((75.882465 22.696298, 75.882614 22.719422, 75.857688 22.719557, 75.857544 22.696433, 75.882465 22.696298))"
Indore_r04_c05,Indore,2020,4,5,2020-01-01,2020-03-31,32643,590640.0,2510170.0,593200.0,2512730.0,75.89500143993988,22.707790247702082,1.0,13.49468994140625,0.2502949833869934,0.3325200378894806,-0.037262480705976486,-0.34159305691719055,0.08678653836250305,True,tiles\Indore\2020\Indore_r04_c05.tif,18.0,1.31,"POLYGON ((75.907387 22.696158, 75.90754 22.719282, 75.882614 22.719422, 75.882465 22.696298, 75.907387 22.696158))"
Indore_r04_c06,Indore,2020,4,6,2020-01-01,2020-03-31,32643,593200.0,2510170.0,595760.0,2512730.0,75.91992506464378,22.70764885748238,1.0,12.634857177734375,0.2980635166168213,0.27366483211517334,-0.005502857733517885,-0.329150915145874,0.09700778126716614,True,tiles\Indore\2020\Indore_r04_c06.tif,18.0,1.31,"POLYGON ((75.932309 22.696015, 75.932465 22.719139, 75.90754 22.719282, 75.907387 22.696158, 75.932309 22.696015))"
Indore_r04_c07,Indore,2020,4,7,2020-01-01,2020-03-31,32643,595760.0,2510170.0,598320.0,2512730.0,75.94484848846994,22.707503585172187,1.0,12.743560791015625,0.2920243740081787,0.4866587519645691,-0.1370963156223297,-0.4091007113456726,0.07110700756311417,True,tiles\Indore\2020\Indore_r04_c07.tif,18.0,1.31,"POLYGON ((75.95723 22.695868, 75.957391 22.718991, 75.932465 22.719139, 75.932309 22.696015, 75.95723 22.695868))"
Indore_r05_c00,Indore,2020,5,0,2020-01-01,2020-03-31,32643,577840.0,2507610.0,580400.0,2510170.0,75.7702511961759,22.68531455867028,1.0,12.518798828125,0.3045111894607544,0.5349087119102478,-0.16627289354801178,-0.41478705406188965,0.06325814127922058,True,tiles\Indore\2020\Indore_r05_c00.tif,18.0,1.31,"POLYGON ((75.782646 22.673692, 75.782777 22.696816, 75.757855 22.696936, 75.757727 22.673812, 75.782646 22.673692))"
Indore_r05_c01,Indore,2020,5,1,2020-01-01,2020-03-31,32643,580400.0,2507610.0,582960.0,2510170.0,75.79517156148927,22.68519271846826,1.0,13.464324951171875,0.2519819736480713,0.4640529155731201,-0.10420645773410797,-0.41401517391204834,0.0690152496099472,True,tiles\Indore\2020\Indore_r05_c01.tif,18.0,1.31,"POLYGON ((75.807564 22.673568, 75.807699 22.696693, 75.782777 22.696816, 75.782646 22.673692, 75.807564 22.673568))"
Indore_r05_c02,Indore,2020,5,2,2020-01-01,2020-03-31,32643,582960.0,2507610.0,585520.0,2510170.0,75.82009175325702,22.685066999966104,1.0,13.190093994140625,0.2672169804573059,0.20395329594612122,0.023197900503873825,-0.30080828070640564,0.10982812196016312,True,tiles\Indore\2020\Indore_r05_c02.tif,18.0,1.31,"POLYGON ((75.832482 22.673441, 75.832622 22.696565, 75.807699 22.696693, 75.807564 22.673568, 75.832482 22.673441))"
Indore_r05_c03,Indore,2020,5,3,2020-01-01,2020-03-31,32643,585520.0,2507610.0,588080.0,2510170.0,75.84501176604233,22.684937403275548,1.0,12.896453857421875,0.2835303544998169,0.27410027384757996,-0.01364775188267231,-0.31406232714653015,0.09609167277812958,True,tiles\Indore\2020\Indore_r05_c03.tif,18.0,1.31,"POLYGON ((75.8574 22.673309, 75.857544 22.696433, 75.832622 22.696565, 75.832482 22.673441, 75.8574 22.673309))"
Indore_r05_c04,Indore,2020,5,4,2020-01-01,2020-03-31,32643,588080.0,2507610.0,590640.0,2510170.0,75.86993159440871,22.68480392851183,1.0,12.810516357421875,0.2883046269416809,0.31047967076301575,-0.03902626037597656,-0.31440162658691406,0.08712294697761536,True,tiles\Indore\2020\Indore_r05_c04.tif,18.0,1.31,"POLYGON ((75.882317 22.673174, 75.882465 22.696298, 75.857544 22.696433, 75.8574 22.673309, 75.882317 22.673174))"
Indore_r05_c05,Indore,2020,5,5,2020-01-01,2020-03-31,32643,590640.0,2507610.0,593200.0,2510170.0,75.89485123291986,22.684666575793592,1.0,12.265869140625,0.3185628056526184,0.23657022416591644,0.007141422480344772,-0.30769777297973633,0.10637322068214417,True,tiles\Indore\2020\Indore_r05_c05.tif,18.0,1.31,"POLYGON ((75.907235 22.673035, 75.907387 22.696158, 75.882465 22.696298, 75.882317 22.673174, 75.907235 22.673035))"
Indore_r05_c06,Indore,2020,5,6,2020-01-01,2020-03-31,32643,593200.0,2507610.0,595760.0,2510170.0,75.91977067613958,22.68452534524295,1.0,12.056610107421875,0.3301883339881897,0.32752108573913574,-0.026102105155587196,-0.3589355945587158,0.0903858095407486,True,tiles\Indore\2020\Indore_r05_c06.tif,18.0,1.31,"POLYGON ((75.932152 22.672892, 75.932309 22.696015, 75.907387 22.696158, 75.907235 22.673035, 75.932152 22.672892))"
Indore_r05_c07,Indore,2020,5,7,2020-01-01,2020-03-31,32643,595760.0,2507610.0,598320.0,2510170.0,75.94468991863216,22.684380236985444,1.0,12.06256103515625,0.3298577070236206,0.5504428744316101,-0.20111209154129028,-0.402095764875412,0.06528255343437195,True,tiles\Indore\2020\Indore_r05_c07.tif,18.0,1.31,"POLYGON ((75.957069 22.672745, 75.95723 22.695868, 75.932309 22.696015, 75.932152 22.672892, 75.957069 22.672745))"
Indore_r06_c00,Indore,2020,6,0,2020-01-01,2020-03-31,32643,577840.0,2505050.0,580400.0,2507610.0,75.77012206680054,22.662190086716883,1.0,11.800750732421875,0.3444027304649353,0.5056783556938171,-0.1639987677335739,-0.38972824811935425,0.06327720731496811,True,tiles\Indore\2020\Indore_r06_c00.tif,18.0,1.31,"POLYGON ((75.782515 22.650568, 75.782646 22.673692, 75.757727 22.673812, 75.7576 22.650687, 75.782515 22.650568))"
Indore_r06_c01,Indore,2020,6,1,2020-01-01,2020-03-31,32643,580400.0,2505050.0,582960.0,2507610.0,75.79503825537523,22.662068384218532,1.0,12.48138427734375,0.3065897822380066,0.37322765588760376,-0.036419857293367386,-0.3898113965988159,0.07515116035938263,True,tiles\Indore\2020\Indore_r06_c01.tif,18.0,1.31,"POLYGON ((75.807429 22.650444, 75.807564 22.673568, 75.782646 22.673692, 75.782515 22.650568, 75.807429 22.650444))"
Indore_r06_c02,Indore,2020,6,2,2020-01-01,2020-03-31,32643,582960.0,2505050.0,585520.0,2507610.0,75.81995427053428,22.661942807803047,1.0,12.662933349609375,0.2965037226676941,0.37641337513923645,-0.07064737379550934,-0.3651304244995117,0.08339958637952805,True,tiles\Indore\2020\Indore_r06_c02.tif,18.0,1.31,"POLYGON ((75.832343 22.650317, 75.832482 22.673441, 75.807564 22.673568, 75.807429 22.650444, 75.832343 22.650317))"
Indore_r06_c03,Indore,2020,6,3,2020-01-01,2020-03-31,32643,585520.0,2505050.0,588080.0,2507610.0,75.84487010684491,22.661813357582027,1.0,12.96380615234375,0.2797885537147522,0.4604705572128296,-0.13576877117156982,-0.3642917275428772,0.07784426212310791,True,tiles\Indore\2020\Indore_r06_c03.tif,18.0,1.31,"POLYGON ((75.857256 22.650185, 75.8574 22.673309, 75.832482 22.673441, 75.832343 22.650317, 75.857256 22.650185))"
Indore_r06_c04,Indore,2020,6,4,2020-01-01,2020-03-31,32643,588080.0,2505050.0,590640.0,2507610.0,75.86978575887464,22.661680033670542,1.0,12.94219970703125,0.2809889316558838,0.14357087016105652,-0.24206691980361938,0.07652336359024048,0.0603967010974884,True,tiles\Indore\2020\Indore_r06_c04.tif,18.0,1.31,"POLYGON ((75.88217 22.65005, 75.882317 22.673174, 75.8574 22.673309, 75.857256 22.650185, 75.88217 22.65005))"
Indore_r06_c05,Indore,2020,6,5,2020-01-01,2020-03-31,32643,590640.0,2505050.0,593200.0,2507610.0,75.89470122119126,22.66154283618707,1.0,12.7406005859375,0.2921888828277588,0.4324902892112732,-0.15719357132911682,-0.31286484003067017,0.06802576780319214,True,tiles\Indore\2020\Indore_r06_c05.tif,18.0,1.31,"POLYGON ((75.907083 22.649911, 75.907235 22.673035, 75.882317 22.673174, 75.88217 22.65005, 75.907083 22.649911))"
Indore_r06_c06,Indore,2020,6,6,2020-01-01,2020-03-31,32643,593200.0,2505050.0,595760.0,2507610.0,75.91961648836268,22.66140176525357,1.0,12.250946044921875,0.3193919062614441,0.40783432126045227,-0.0598524734377861,-0.41472727060317993,0.08078507333993912,True,tiles\Indore\2020\Indore_r06_c06.tif,18.0,1.31,"POLYGON ((75.931996 22.649768, 75.932152 22.672892, 75.907235 22.673035, 75.907083 22.649911, 75.931996 22.649768))"
Indore_r06_c07,Indore,2020,6,7,2020-01-01,2020-03-31,32643,595760.0,2505050.0,598320.0,2507610.0,75.94453155495718,22.66125682099541,1.0,11.990325927734375,0.3338707685470581,0.48970749974250793,-0.1586425006389618,-0.39180147647857666,0.06734221428632736,True,tiles\Indore\2020\Indore_r06_c07.tif,18.0,1.31,"POLYGON ((75.956909 22.649621, 75.957069 22.672745, 75.932152 22.672892, 75.931996 22.649768, 75.956909 22.649621))"
Indore_r07_c00,Indore,2020,7,0,2020-01-01,2020-03-31,32643,577840.0,2502490.0,580400.0,2505050.0,75.76999310540796,22.639065547357607,1.0,12.2554931640625,0.3191392421722412,0.5798765420913696,-0.22157736122608185,-0.39152950048446655,0.05539054051041603,True,tiles\Indore\2020\Indore_r07_c00.tif,18.0,1.31,"POLYGON ((75.782384 22.627443, 75.782515 22.650568, 75.7576 22.650687, 75.757474 22.627563, 75.782384 22.627443))"
Indore_r07_c01,Indore,2020,7,1,2020-01-01,2020-03-31,32643,580400.0,2502490.0,582960.0,2505050.0,75.79490512267698,22.638943982518217,1.0,12.575775146484375,0.3013458251953125,0.34051820635795593,-0.05527805536985397,-0.354178249835968,0.08476580679416656,True,tiles\Indore\2020\Indore_r07_c01.tif,18.0,1.31,"POLYGON ((75.807294 22.62732, 75.807429 22.650444, 75.782515 22.650568, 75.782384 22.627443, 75.807294 22.62732))"
Indore_r07_c02,Indore,2020,7,2,2020-01-01,2020-03-31,32643,582960.0,2502490.0,585520.0,2505050.0,75.81981696665999,22.638818548143266,1.0,12.6458740234375,0.2974514365196228,0.36256641149520874,-0.0733410194516182,-0.34372687339782715,0.08360813558101654,True,tiles\Indore\2020\Indore_r07_c02.tif,18.0,1.31,"POLYGON ((75.832203 22.627192, 75.832343 22.650317, 75.807429 22.650444, 75.807294 22.62732, 75.832203 22.627192))"
Indore_r07_c03,Indore,2020,7,3,2020-01-01,2020-03-31,32643,585520.0,2502490.0,588080.0,2505050.0,75.84472863192839,22.638689244344203,1.0,13.0748291015625,0.27362060546875,0.31718868017196655,-0.0283336341381073,-0.3700239956378937,0.09029644727706909,True,tiles\Indore\2020\Indore_r07_c03.tif,18.0,1.31,"POLYGON ((75.857113 22.627061, 75.857256 22.650185, 75.832343 22.650317, 75.832203 22.627192, 75.857113 22.627061))"
Indore_r07_c04,Indore,2020,7,4,2020-01-01,2020-03-31,32643,588080.0,2502490.0,590640.0,2505050.0,75.86964011305375,22.638556071235953,1.0,13.118804931640625,0.2711775302886963,0.478210985660553,-0.23054932057857513,-0.2857610881328583,0.05902547389268875,True,tiles\Indore\2020\Indore_r07_c04.tif,18.0,1.31,"POLYGON ((75.882022 22.626926, 75.88217 22.65005, 75.857256 22.650185, 75.857113 22.627061, 75.882022 22.626926))"
Indore_r07_c05,Indore,2020,7,5,2020-01-01,2020-03-31,32643,590640.0,2502490.0,593200.0,2505050.0,75.89455140460782,22.63841902893683,1.0,12.944061279296875,0.2808854579925537,0.47147542238235474,-0.12832453846931458,-0.39576560258865356,0.07020748406648636,True,tiles\Indore\2020\Indore_r07_c05.tif,18.0,1.31,"POLYGON ((75.906931 22.626787, 75.907083 22.649911, 75.88217 22.65005, 75.882022 22.626926, 75.906931 22.626787))"
Indore_r07_c06,Indore,2020,7,6,2020-01-01,2020-03-31,32643,593200.0,2502490.0,595760.0,2505050.0,75.91946250116273,22.638278117568632,1.0,12.6600341796875,0.2966647744178772,0.5291736125946045,-0.14087973535060883,-0.4479779899120331,0.062385521829128265,True,tiles\Indore\2020\Indore_r07_c06.tif,18.0,1.31,"POLYGON ((75.93184 22.626645, 75.931996 22.649768, 75.907083 22.649911, 75.906931 22.626787, 75.93184 22.626645))"
Indore_r07_c07,Indore,2020,7,7,2020-01-01,2020-03-31,32643,595760.0,2502490.0,598320.0,2505050.0,75.9443733972907,22.63813333725657,1.0,12.08099365234375,0.3288336992263794,0.5271010994911194,-0.1942843496799469,-0.40257203578948975,0.061244286596775055,True,tiles\Indore\2020\Indore_r07_c07.tif,18.0,1.31,"POLYGON ((75.956749 22.626498, 75.956909 22.649621, 75.931996 22.649768, 75.93184 22.626645, 75.956749 22.626498))"
Indore_r00_c00,Indore,2021,0,0,2021-01-01,2021-03-31,32643,577840.0,2520410.0,580400.0,2522970.0,75.77089936720726,22.800935905461426,1.0,14.605499267578125,0.08715629577636719,0.5066744089126587,-0.21569833159446716,-0.3772899806499481,0.07064901292324066,True,tiles\Indore\2021\Indore_r00_c00.tif,16.0,0.0,"POLYGON ((75.783304 22.789313, 75.783436 22.812437, 75.758493 22.812558, 75.758365 22.789434, 75.783304 22.789313))"
Indore_r00_c01,Indore,2021,0,1,2021-01-01,2021-03-31,32643,580400.0,2520410.0,582960.0,2522970.0,75.79584069785055,22.800813376067843,1.0,14.29705810546875,0.10643386840820312,0.5277953147888184,-0.22515209019184113,-0.3880518972873688,0.06693577766418457,True,tiles\Indore\2021\Indore_r00_c01.tif,16.0,0.0,"POLYGON ((75.808243 22.789189, 75.80838 22.812313, 75.783436 22.812437, 75.783304 22.789313, 75.808243 22.789189))"
Indore_r00_c02,Indore,2021,0,2,2021-01-01,2021-03-31,32643,582960.0,2520410.0,585520.0,2522970.0,75.82078185429528,22.800686946437697,1.0,14.70440673828125,0.08097457885742188,0.47456905245780945,-0.17316260933876038,-0.3830081820487976,0.07484808564186096,True,tiles\Indore\2021\Indore_r00_c02.tif,16.0,0.0,"POLYGON ((75.833182 22.789061, 75.833323 22.812184, 75.80838 22.812313, 75.808243 22.789189, 75.833182 22.789061))"
Indore_r00_c03,Indore,2021,0,3,2021-01-01,2021-03-31,32643,585520.0,2520410.0,588080.0,2522970.0,75.8457228310842,22.800556616683494,1.0,15.075225830078125,0.05779838562011719,0.3416498899459839,-0.04399572312831879,-0.36628732085227966,0.09015926718711853,True,tiles\Indore\2021\Indore_r00_c03.tif,16.0,0.0,"POLYGON ((75.858121 22.788928, 75.858266 22.812052, 75.833323 22.812184, 75.833182 22.789061, 75.858121 22.788928))"
Indore_r00_c04,Indore,2021,0,4,2021-01-01,2021-03-31,32643,588080.0,2520410.0,590640.0,2522970.0,75.87066362276032,22.800422386921223,1.0,14.491668701171875,0.09427070617675781,0.4471884071826935,-0.14084607362747192,-0.37815988063812256,0.07943342626094818,True,tiles\Indore\2021\Indore_r00_c04.tif,16.0,0.0,"POLYGON ((75.883059 22.788792, 75.883208 22.811916, 75.858266 22.812052, 75.858121 22.788928, 75.883059 22.788792))"
Indore_r00_c05,Indore,2021,0,5,2021-01-01,2021-03-31,32643,590640.0,2520410.0,593200.0,2522970.0,75.89560422386687,22.800284257270338,1.0,14.29498291015625,0.10656356811523438,0.4349173307418823,-0.12927086651325226,-0.3686993718147278,0.08230172097682953,True,tiles\Indore\2021\Indore_r00_c05.tif,16.0,0.0,"POLYGON ((75.907998 22.788652, 75.908151 22.811776, 75.883208 22.811916, 75.883059 22.788792, 75.907998 22.788652))"
Indore_r00_c06,Indore,2021,0,6,2021-01-01,2021-03-31,32643,593200.0,2520410.0,595760.0,2522970.0,75.92054462894731,22.80014222785375,1.0,15.0035400390625,0.06227874755859375,0.3774186372756958,-0.06806202977895737,-0.3739844560623169,0.08271518349647522,True,tiles\Indore\2021\Indore_r00_c06.tif,16.0,0.0,"POLYGON ((75.932936 22.788508, 75.933093 22.811631, 75.908151 22.811776, 75.907998 22.788652, 75.932936 22.788508))"
Indore_r00_c07,Indore,2021,0,7,2021-01-01,2021-03-31,32643,595760.0,2520410.0,598320.0,2522970.0,75.94548483254542,22.79999629879787,1.0,15.843414306640625,0.009786605834960938,0.4768224358558655,-0.1459900140762329,-0.4040364623069763,0.07276922464370728,True,tiles\Indore\2021\Indore_r00_c07.tif,16.0,0.0,"POLYGON ((75.957874 22.788361, 75.958036 22.811484, 75.933093 22.811631, 75.932936 22.788508, 75.957874 22.788361))"
Indore_r01_c00,Indore,2021,1,0,2021-01-01,2021-03-31,32643,577840.0,2517850.0,580400.0,2520410.0,75.77076939602576,22.77781177134623,1.0,14.34588623046875,0.10338211059570312,0.4783300459384918,-0.2027537077665329,-0.371812105178833,0.07382071763277054,True,tiles\Indore\2021\Indore_r01_c00.tif,16.0,0.0,"POLYGON ((75.783172 22.766189, 75.783304 22.789313, 75.758365 22.789434, 75.758237 22.76631, 75.783172 22.766189))"
Indore_r01_c01,Indore,2021,1,1,2021-01-01,2021-03-31,32643,580400.0,2517850.0,582960.0,2520410.0,75.79570652270453,22.777689379880943,1.0,14.7061767578125,0.08086395263671875,0.47539979219436646,-0.16065827012062073,-0.39706185460090637,0.0753667950630188,True,tiles\Indore\2021\Indore_r01_c01.tif,16.0,0.0,"POLYGON ((75.808107 22.766065, 75.808243 22.789189, 75.783304 22.789313, 75.783172 22.766189, 75.808107 22.766065))"
Indore_r01_c02,Indore,2021,1,2,2021-01-01,2021-03-31,32643,582960.0,2517850.0,585520.0,2520410.0,75.82064347531578,22.777563092569235,1.0,14.531768798828125,0.09176445007324219,0.4134286642074585,-0.13494530320167542,-0.353912889957428,0.08026793599128723,True,tiles\Indore\2021\Indore_r01_c02.tif,16.0,0.0,"POLYGON ((75.833042 22.765937, 75.833182 22.789061, 75.808243 22.789189, 75.808107 22.766065, 75.833042 22.765937))"
Indore_r01_c03,Indore,2021,1,3,2021-01-01,2021-03-31,32643,585520.0,2517850.0,588080.0,2520410.0,75.84558024840638,22.777432909523466,1.0,15.31103515625,0.043060302734375,0.2612262964248657,-0.0027089035138487816,-0.32165414094924927,0.10034642368555069,True,tiles\Indore\2021\Indore_r01_c03.tif,16.0,0.0,"POLYGON ((75.857976 22.765805, 75.858121 22.788928, 75.833182 22.789061, 75.833042 22.765937, 75.857976 22.765805))"
Indore_r01_c04,Indore,2021,1,4,2021-01-01,2021-03-31,32643,588080.0,2517850.0,590640.0,2520410.0,75.87051683652341,22.777298830859465,1.0,15.41845703125,0.036346435546875,0.37296947836875916,-0.07342943549156189,-0.3658565878868103,0.08641288429498672,True,tiles\Indore\2021\Indore_r01_c04.tif,16.0,0.0,"POLYGON ((75.882911 22.765669, 75.883059 22.788792, 75.858121 22.788928, 75.857976 22.765805, 75.882911 22.765669))"
Indore_r01_c05,Indore,2021,1,5,2021-01-01,2021-03-31,32643,590640.0,2517850.0,593200.0,2520410.0,75.89545323421417,22.777160856696533,1.0,15.093109130859375,0.05668067932128906,0.25386524200439453,0.026534920558333397,-0.3469487428665161,0.10537916421890259,True,tiles\Indore\2021\Indore_r01_c05.tif,16.0,0.0,"POLYGON ((75.907845 22.765529, 75.907998 22.788652, 75.883059 22.788792, 75.882911 22.765669, 75.907845 22.765529))"
Indore_r01_c06,Indore,2021,1,6,2021-01-01,2021-03-31,32643,593200.0,2517850.0,595760.0,2520410.0,75.92038943602633,22.77701898715743,1.0,15.395294189453125,0.03779411315917969,0.37056806683540344,-0.0331978015601635,-0.40004217624664307,0.08918526768684387,True,tiles\Indore\2021\Indore_r01_c06.tif,16.0,0.0,"POLYGON ((75.932779 22.765385, 75.932936 22.788508, 75.907998 22.788652, 75.907845 22.765529, 75.932779 22.765385))"
Indore_r01_c07,Indore,2021,1,7,2021-01-01,2021-03-31,32643,595760.0,2517850.0,598320.0,2520410.0,75.94532543650766,22.776873222368376,1.0,15.6124267578125,0.02422332763671875,0.4297860264778137,-0.10767549276351929,-0.3965892195701599,0.07917403429746628,True,tiles\Indore\2021\Indore_r01_c07.tif,16.0,0.0,"POLYGON ((75.957713 22.765238, 75.957874 22.788361, 75.932936 22.788508, 75.932779 22.765385, 75.957713 22.765238))"
Indore_r02_c00,Indore,2021,2,0,2021-01-01,2021-03-31,32643,577840.0,2515290.0,580400.0,2517850.0,75.77063959345845,22.754687569555692,1.0,14.179473876953125,0.11378288269042969,0.3747340738773346,-0.08556924760341644,-0.3872917890548706,0.08152854442596436,True,tiles\Indore\2021\Indore_r02_c00.tif,16.0,0.0,"POLYGON ((75.78304 22.743065, 75.783172 22.766189, 75.758237 22.76631, 75.758109 22.743185, 75.78304 22.743065))"
Indore_r02_c01,Indore,2021,2,1,2021-01-01,2021-03-31,32643,580400.0,2515290.0,582960.0,2517850.0,75.79557252162608,22.754565315973636,1.0,14.172454833984375,0.11422157287597656,0.40166521072387695,-0.09722007811069489,-0.38525140285491943,0.08154255151748657,True,tiles\Indore\2021\Indore_r02_c01.tif,16.0,0.0,"POLYGON ((75.807971 22.742941, 75.808107 22.766065, 75.783172 22.766189, 75.78304 22.743065, 75.807971 22.742941))"
Indore_r02_c02,Indore,2021,2,2,2021-01-01,2021-03-31,32643,582960.0,2515290.0,585520.0,2517850.0,75.820505275857,22.75443917093387,1.0,14.721527099609375,0.07990455627441406,0.34752222895622253,-0.03805201128125191,-0.3772999942302704,0.09032741189002991,True,tiles\Indore\2021\Indore_r02_c02.tif,16.0,0.0,"POLYGON ((75.832902 22.742813, 75.833042 22.765937, 75.808107 22.766065, 75.807971 22.742941, 75.832902 22.742813))"
Indore_r02_c03,Indore,2021,2,3,2021-01-01,2021-03-31,32643,585520.0,2515290.0,588080.0,2517850.0,75.84543785070217,22.754309134548617,1.0,15.276824951171875,0.04519844055175781,0.2386631965637207,0.023579327389597893,-0.32456961274147034,0.10252585262060165,True,tiles\Indore\2021\Indore_r02_c03.tif,16.0,0.0,"POLYGON ((75.857832 22.742681, 75.857976 22.765805, 75.833042 22.765937, 75.832902 22.742813, 75.857832 22.742681))"
Indore_r02_c04,Indore,2021,2,4,2021-01-01,2021-03-31,32643,588080.0,2515290.0,590640.0,2517850.0,75.87037024071276,22.754175206933535,1.0,15.31439208984375,0.042850494384765625,0.23263801634311676,0.013434885069727898,-0.3033190369606018,0.10712436586618423,True,tiles\Indore\2021\Indore_r02_c04.tif,16.0,0.0,"POLYGON ((75.882762 22.742545, 75.882911 22.765669, 75.857976 22.765805, 75.857832 22.742681, 75.882762 22.742545))"
Indore_r02_c05,Indore,2021,2,5,2021-01-01,2021-03-31,32643,590640.0,2515290.0,593200.0,2517850.0,75.89530244044022,22.754037388207784,1.0,15.30133056640625,0.043666839599609375,0.2227984070777893,0.014462274499237537,-0.2946963906288147,0.1074947863817215,True,tiles\Indore\2021\Indore_r02_c05.tif,16.0,0.0,"POLYGON ((75.907692 22.742405, 75.907845 22.765529, 75.882911 22.765669, 75.882762 22.742545, 75.907692 22.742405))"
Indore_r02_c06,Indore,2021,2,6,2021-01-01,2021-03-31,32643,593200.0,2515290.0,595760.0,2517850.0,75.92023444443625,22.75389567849393,1.0,15.19940185546875,0.050037384033203125,0.26833587884902954,0.02409001812338829,-0.357680082321167,0.10435072332620621,True,tiles\Indore\2021\Indore_r02_c06.tif,16.0,0.0,"POLYGON ((75.932622 22.742262, 75.932779 22.765385, 75.907845 22.765529, 75.907692 22.742405, 75.932622 22.742262))"
Indore_r02_c07,Indore,2021,2,7,2021-01-01,2021-03-31,32643,595760.0,2515290.0,598320.0,2517850.0,75.94516624725273,22.753750077918035,1.0,15.5732421875,0.02667236328125,0.46140265464782715,-0.13091200590133667,-0.40153637528419495,0.07537417113780975,True,tiles\Indore\2021\Indore_r02_c07.tif,16.0,0.0,"POLYGON ((75.957552 22.742114, 75.957713 22.765238, 75.932779 22.765385, 75.932622 22.742262, 75.957552 22.742114))"
Indore_r03_c00,Indore,2021,3,0,2021-01-01,2021-03-31,32643,577840.0,2512730.0,580400.0,2515290.0,75.77050995937869,22.731563300143605,1.0,14.568695068359375,0.08945655822753906,0.44150179624557495,-0.12689128518104553,-0.3897801637649536,0.07613566517829895,True,tiles\Indore\2021\Indore_r03_c00.tif,16.0,0.0,"POLYGON ((75.782909 22.719941, 75.78304 22.743065, 75.758109 22.743185, 75.757982 22.720061, 75.782909 22.719941))"
Indore_r03_c01,Indore,2021,3,1,2021-01-01,2021-03-31,32643,580400.0,2512730.0,582960.0,2515290.0,75.79543869448443,22.731441184399802,1.0,14.266815185546875,0.10832405090332031,0.24812394380569458,0.054916512221097946,-0.3900323808193207,0.09584412723779678,True,tiles\Indore\2021\Indore_r03_c01.tif,16.0,0.0,"POLYGON ((75.807835 22.719817, 75.807971 22.742941, 75.78304 22.743065, 75.782909 22.719941, 75.807835 22.719817))"
Indore_r03_c02,Indore,2021,3,2,2021-01-01,2021-03-31,32643,582960.0,2512730.0,585520.0,2515290.0,75.82036725578403,22.731315181585565,1.0,15.2158203125,0.04901123046875,0.23148585855960846,0.04132084548473358,-0.33665743470191956,0.10759671032428741,True,tiles\Indore\2021\Indore_r03_c02.tif,16.0,0.0,"POLYGON ((75.832761 22.719689, 75.832902 22.742813, 75.807971 22.742941, 75.807835 22.719817, 75.832761 22.719689))"
Indore_r03_c03,Indore,2021,3,3,2021-01-01,2021-03-31,32643,585520.0,2512730.0,588080.0,2515290.0,75.84529563783258,22.731185291812963,1.0,15.346435546875,0.0408477783203125,0.25115641951560974,0.02117176726460457,-0.32815247774124146,0.10176052153110504,True,tiles\Indore\2021\Indore_r03_c03.tif,16.0,0.0,"POLYGON ((75.857688 22.719557, 75.857832 22.742681, 75.832902 22.742813, 75.832761 22.719689, 75.857688 22.719557))"
Indore_r03_c04,Indore,2021,3,4,2021-01-01,2021-03-31,32643,588080.0,2512730.0,590640.0,2515290.0,75.8702238351853,22.731051515197525,1.0,15.611724853515625,0.024267196655273438,0.28473061323165894,0.0014116020174697042,-0.3373068869113922,0.09299460798501968,True,tiles\Indore\2021\Indore_r03_c04.tif,16.0,0.0,"POLYGON ((75.882614 22.719422, 75.882762 22.742545, 75.857832 22.742681, 75.857688 22.719557, 75.882614 22.719422))"
Indore_r03_c05,Indore,2021,3,5,2021-01-01,2021-03-31,32643,590640.0,2512730.0,593200.0,2515290.0,75.89515184239778,22.730913851858222,1.0,15.298004150390625,0.04387474060058594,0.23774917423725128,0.006993595045059919,-0.297173410654068,0.10394982993602753,True,tiles\Indore\2021\Indore_r03_c05.tif,16.0,0.0,"POLYGON ((75.90754 22.719282, 75.907692 22.742405, 75.882762 22.742545, 75.882614 22.719422, 75.90754 22.719282))"
Indore_r03_c06,Indore,2021,3,6,2021-01-01,2021-03-31,32643,593200.0,2512730.0,595760.0,2515290.0,75.92007965402574,22.730772301917487,1.0,15.255828857421875,0.04651069641113281,0.20106308162212372,0.048903316259384155,-0.32379356026649475,0.11016520857810974,True,tiles\Indore\2021\Indore_r03_c06.tif,16.0,0.0,"POLYGON ((75.932465 22.719139, 75.932622 22.742262, 75.907692 22.742405, 75.90754 22.719282, 75.932465 22.719139))"
Indore_r03_c07,Indore,2021,3,7,2021-01-01,2021-03-31,32643,595760.0,2512730.0,598320.0,2515290.0,75.94500726462519,22.73062686550119,1.0,15.333038330078125,0.04168510437011719,0.49060362577438354,-0.14092643558979034,-0.42171961069107056,0.06833848357200623,True,tiles\Indore\2021\Indore_r03_c07.tif,16.0,0.0,"POLYGON ((75.957391 22.718991, 75.957552 22.742114, 75.932622 22.742262, 75.932465 22.719139, 75.957391 22.718991))"
Indore_r04_c00,Indore,2021,4,0,2021-01-01,2021-03-31,32643,577840.0,2510170.0,580400.0,2512730.0,75.77038049365996,22.70843896316384,1.0,14.601898193359375,0.08738136291503906,0.44277137517929077,-0.13663263618946075,-0.3897779881954193,0.07307510077953339,True,tiles\Indore\2021\Indore_r04_c00.tif,16.0,0.0,"POLYGON ((75.782777 22.696816, 75.782909 22.719941, 75.757982 22.720061, 75.757855 22.696936, 75.782777 22.696816))"
Indore_r04_c01,Indore,2021,4,1,2021-01-01,2021-03-31,32643,580400.0,2510170.0,582960.0,2512730.0,75.79530504114895,22.708316985213358,1.0,14.366912841796875,0.10206794738769531,0.3962152600288391,-0.0855819582939148,-0.38672998547554016,0.08075247704982758,True,tiles\Indore\2021\Indore_r04_c01.tif,16.0,0.0,"POLYGON ((75.807699 22.696693, 75.807835 22.719817, 75.782909 22.719941, 75.782777 22.696816, 75.807699 22.696693))"
Indore_r04_c02,Indore,2021,4,2,2021-01-01,2021-03-31,32643,582960.0,2510170.0,585520.0,2512730.0,75.82022941496218,22.708191124578295,1.0,15.152313232421875,0.05298042297363281,0.19527341425418854,0.03304436802864075,-0.2624468505382538,0.09880360960960388,True,tiles\Indore\2021\Indore_r04_c02.tif,16.0,0.0,"POLYGON ((75.832622 22.696565, 75.832761 22.719689, 75.807835 22.719817, 75.807699 22.696693, 75.832622 22.696565))"
Indore_r04_c03,Indore,2021,4,3,2021-01-01,2021-03-31,32643,585520.0,2510170.0,588080.0,2512730.0,75.84515360965881,22.708061381370573,1.0,15.421539306640625,0.03615379333496094,0.22139619290828705,0.03165623918175697,-0.30889928340911865,0.10472975671291351,True,tiles\Indore\2021\Indore_r04_c03.tif,16.0,0.0,"POLYGON ((75.857544 22.696433, 75.857688 22.719557, 75.832761 22.719689, 75.832622 22.696565, 75.857544 22.696433))"
Indore_r04_c04,Indore,2021,4,4,2021-01-01,2021-03-31,32643,588080.0,2510170.0,590640.0,2512730.0,75.87007761979815,22.70792775570557,1.0,15.907257080078125,0.0057964324951171875,0.22797580063343048,0.024565866217017174,-0.3081810474395752,0.10184115171432495,True,tiles\Indore\2021\Indore_r04_c04.tif,16.0,0.0,"POLYGON ((75.882465 22.696298, 75.882614 22.719422, 75.857688 22.719557, 75.857544 22.696433, 75.882465 22.696298))"
Indore_r04_c05,Indore,2021,4,5,2021-01-01,2021-03-31,32643,590640.0,2510170.0,593200.0,2512730.0,75.89500143993988,22.707790247702082,1.0,15.412994384765625,0.03668785095214844,0.33040642738342285,-0.013894576579332352,-0.3710924983024597,0.08836062252521515,True,tiles\Indore\2021\Indore_r04_c05.tif,16.0,0.0,"POLYGON ((75.907387 22.696158, 75.90754 22.719282, 75.882614 22.719422, 75.882465 22.696298, 75.907387 22.696158))"
Indore_r04_c06,Indore,2021,4,6,2021-01-01,2021-03-31,32643,593200.0,2510170.0,595760.0,2512730.0,75.91992506464378,22.70764885748238,1.0,15.475067138671875,0.03280830383300781,0.2601122260093689,0.025944136083126068,-0.356598436832428,0.09921589493751526,True,tiles\Indore\2021\Indore_r04_c06.tif,16.0,0.0,"POLYGON ((75.932309 22.696015, 75.932465 22.719139, 75.90754 22.719282, 75.907387 22.696158, 75.932309 22.696015))"
Indore_r04_c07,Indore,2021,4,7,2021-01-01,2021-03-31,32643,595760.0,2510170.0,598320.0,2512730.0,75.94484848846994,22.707503585172187,1.0,15.458221435546875,0.03386116027832031,0.42741262912750244,-0.08691488206386566,-0.41795775294303894,0.07544299960136414,True,tiles\Indore\2021\Indore_r04_c07.tif,16.0,0.0,"POLYGON ((75.95723 22.695868, 75.957391 22.718991, 75.932465 22.719139, 75.932309 22.696015, 75.95723 22.695868))"
Indore_r05_c00,Indore,2021,5,0,2021-01-01,2021-03-31,32643,577840.0,2507610.0,580400.0,2510170.0,75.7702511961759,22.68531455867028,1.0,14.732177734375,0.0792388916015625,0.42148712277412415,-0.07970638573169708,-0.4187082052230835,0.07155665755271912,True,tiles\Indore\2021\Indore_r05_c00.tif,16.0,0.0,"POLYGON ((75.782646 22.673692, 75.782777 22.696816, 75.757855 22.696936, 75.757727 22.673812, 75.782646 22.673692))"
Indore_r05_c01,Indore,2021,5,1,2021-01-01,2021-03-31,32643,580400.0,2507610.0,582960.0,2510170.0,75.79517156148927,22.68519271846826,1.0,14.9449462890625,0.06594085693359375,0.3696877658367157,-0.017614513635635376,-0.429487943649292,0.07734429836273193,True,tiles\Indore\2021\Indore_r05_c01.tif,16.0,0.0,"POLYGON ((75.807564 22.673568, 75.807699 22.696693, 75.782777 22.696816, 75.782646 22.673692, 75.807564 22.673568))"
Indore_r05_c02,Indore,2021,5,2,2021-01-01,2021-03-31,32643,582960.0,2507610.0,585520.0,2510170.0,75.82009175325702,22.685066999966104,1.0,15.014404296875,0.0615997314453125,0.19513942301273346,0.048419248312711716,-0.31966960430145264,0.11126981675624847,True,tiles\Indore\2021\Indore_r05_c02.tif,16.0,0.0,"POLYGON ((75.832482 22.673441, 75.832622 22.696565, 75.807699 22.696693, 75.807564 22.673568, 75.832482 22.673441))"
Indore_r05_c03,Indore,2021,5,3,2021-01-01,2021-03-31,32643,585520.0,2507610.0,588080.0,2510170.0,75.84501176604233,22.684937403275548,1.0,15.270843505859375,0.04557228088378906,0.28625521063804626,-0.0026889885775744915,-0.3406423330307007,0.09669892489910126,True,tiles\Indore\2021\Indore_r05_c03.tif,16.0,0.0,"POLYGON ((75.8574 22.673309, 75.857544 22.696433, 75.832622 22.696565, 75.832482 22.673441, 75.8574 22.673309))"
Indore_r05_c04,Indore,2021,5,4,2021-01-01,2021-03-31,32643,588080.0,2507610.0,590640.0,2510170.0,75.86993159440871,22.68480392851183,1.0,15.1956787109375,0.05027008056640625,0.3122337758541107,-0.00897998921573162,-0.349578320980072,0.08738026022911072,True,tiles\Indore\2021\Indore_r05_c04.tif,16.0,0.0,"POLYGON ((75.882317 22.673174, 75.882465 22.696298, 75.857544 22.696433, 75.8574 22.673309, 75.882317 22.673174))"
Indore_r05_c05,Indore,2021,5,5,2021-01-01,2021-03-31,32643,590640.0,2507610.0,593200.0,2510170.0,75.89485123291986,22.684666575793592,1.0,15.64385986328125,0.022258758544921875,0.22055268287658691,0.0381288006901741,-0.32648277282714844,0.10736455023288727,True,tiles\Indore\2021\Indore_r05_c05.tif,16.0,0.0,"POLYGON ((75.907235 22.673035, 75.907387 22.696158, 75.882465 22.696298, 75.882317 22.673174, 75.907235 22.673035))"
Indore_r05_c06,Indore,2021,5,6,2021-01-01,2021-03-31,32643,593200.0,2507610.0,595760.0,2510170.0,75.91977067613958,22.68452534524295,1.0,15.64642333984375,0.022098541259765625,0.2703554034233093,0.031246639788150787,-0.37547269463539124,0.09680628031492233,True,tiles\Indore\2021\Indore_r05_c06.tif,16.0,0.0,"POLYGON ((75.932152 22.672892, 75.932309 22.696015, 75.907387 22.696158, 75.907235 22.673035, 75.932152 22.672892))"
Indore_r05_c07,Indore,2021,5,7,2021-01-01,2021-03-31,32643,595760.0,2507610.0,598320.0,2510170.0,75.94468991863216,22.684380236985444,1.0,15.243743896484375,0.04726600646972656,0.45727717876434326,-0.12569719552993774,-0.4032679796218872,0.0738578587770462,True,tiles\Indore\2021\Indore_r05_c07.tif,16.0,0.0,"POLYGON ((75.957069 22.672745, 75.95723 22.695868, 75.932309 22.696015, 75.932152 22.672892, 75.957069 22.672745))"
Indore_r06_c00,Indore,2021,6,0,2021-01-01,2021-03-31,32643,577840.0,2505050.0,580400.0,2507610.0,75.77012206680054,22.662190086716883,1.0,14.480194091796875,0.09498786926269531,0.39161866903305054,-0.06732599437236786,-0.4074728488922119,0.06976941227912903,True,tiles\Indore\2021\Indore_r06_c00.tif,16.0,0.0,"POLYGON ((75.782515 22.650568, 75.782646 22.673692, 75.757727 22.673812, 75.7576 22.650687, 75.782515 22.650568))"
Indore_r06_c01,Indore,2021,6,1,2021-01-01,2021-03-31,32643,580400.0,2505050.0,582960.0,2507610.0,75.79503825537523,22.662068384218532,1.0,15.12091064453125,0.054943084716796875,0.3305850327014923,0.014282146468758583,-0.4103055000305176,0.07795728743076324,True,tiles\Indore\2021\Indore_r06_c01.tif,16.0,0.0,"POLYGON ((75.807429 22.650444, 75.807564 22.673568, 75.782646 22.673692, 75.782515 22.650568, 75.807429 22.650444))"
Indore_r06_c02,Indore,2021,6,2,2021-01-01,2021-03-31,32643,582960.0,2505050.0,585520.0,2507610.0,75.81995427053428,22.661942807803047,1.0,15.082427978515625,0.05734825134277344,0.334918737411499,-0.026831282302737236,-0.377790629863739,0.08619120717048645,True,tiles\Indore\2021\Indore_r06_c02.tif,16.0,0.0,"POLYGON ((75.832343 22.650317, 75.832482 22.673441, 75.807564 22.673568, 75.807429 22.650444, 75.832343 22.650317))"
Indore_r06_c03,Indore,2021,6,3,2021-01-01,2021-03-31,32643,585520.0,2505050.0,588080.0,2507610.0,75.84487010684491,22.661813357582027,1.0,15.070831298828125,0.05807304382324219,0.40958869457244873,-0.07744315266609192,-0.39155662059783936,0.07898876070976257,True,tiles\Indore\2021\Indore_r06_c03.tif,16.0,0.0,"POLYGON ((75.857256 22.650185, 75.8574 22.673309, 75.832482 22.673441, 75.832343 22.650317, 75.857256 22.650185))"
Indore_r06_c04,Indore,2021,6,4,2021-01-01,2021-03-31,32643,588080.0,2505050.0,590640.0,2507610.0,75.86978575887464,22.661680033670542,1.0,14.861785888671875,0.07113838195800781,0.12021251767873764,-0.1402173936367035,0.008006080985069275,0.061367325484752655,True,tiles\Indore\2021\Indore_r06_c04.tif,16.0,0.0,"POLYGON ((75.88217 22.65005, 75.882317 22.673174, 75.8574 22.673309, 75.857256 22.650185, 75.88217 22.65005))"
Indore_r06_c05,Indore,2021,6,5,2021-01-01,2021-03-31,32643,590640.0,2505050.0,593200.0,2507610.0,75.89470122119126,22.66154283618707,1.0,15.17108154296875,0.051807403564453125,0.3972706198692322,-0.10336055606603622,-0.34035128355026245,0.07096265256404877,True,tiles\Indore\2021\Indore_r06_c05.tif,16.0,0.0,"POLYGON ((75.907083 22.649911, 75.907235 22.673035, 75.882317 22.673174, 75.88217 22.65005, 75.907083 22.649911))"
Indore_r06_c06,Indore,2021,6,6,2021-01-01,2021-03-31,32643,593200.0,2505050.0,595760.0,2507610.0,75.91961648836268,22.66140176525357,1.0,15.38800048828125,0.038249969482421875,0.32303348183631897,0.01246124878525734,-0.41774821281433105,0.08775244653224945,True,tiles\Indore\2021\Indore_r06_c06.tif,16.0,0.0,"POLYGON ((75.931996 22.649768, 75.932152 22.672892, 75.907235 22.673035, 75.907083 22.649911, 75.931996 22.649768))"
Indore_r06_c07,Indore,2021,6,7,2021-01-01,2021-03-31,32643,595760.0,2505050.0,598320.0,2507610.0,75.94453155495718,22.66125682099541,1.0,15.206634521484375,0.04958534240722656,0.39059314131736755,-0.06786107271909714,-0.4005206525325775,0.07185687124729156,True,tiles\Indore\2021\Indore_r06_c07.tif,16.0,0.0,"POLYGON ((75.956909 22.649621, 75.957069 22.672745, 75.932152 22.672892, 75.931996 22.649768, 75.956909 22.649621))"
Indore_r07_c00,Indore,2021,7,0,2021-01-01,2021-03-31,32643,577840.0,2502490.0,580400.0,2505050.0,75.76999310540796,22.639065547357607,1.0,15.036529541015625,0.06021690368652344,0.497769832611084,-0.15493518114089966,-0.40566524863243103,0.06070183590054512,True,tiles\Indore\2021\Indore_r07_c00.tif,16.0,0.0,"POLYGON ((75.782384 22.627443, 75.782515 22.650568, 75.7576 22.650687, 75.757474 22.627563, 75.782384 22.627443))"
Indore_r07_c01,Indore,2021,7,1,2021-01-01,2021-03-31,32643,580400.0,2502490.0,582960.0,2505050.0,75.79490512267698,22.638943982518217,1.0,14.893707275390625,0.06914329528808594,0.3012002110481262,-0.02259669080376625,-0.3565748929977417,0.08866304159164429,True,tiles\Indore\2021\Indore_r07_c01.tif,16.0,0.0,"POLYGON ((75.807294 22.62732, 75.807429 22.650444, 75.782515 22.650568, 75.782384 22.627443, 75.807294 22.62732))"
Indore_r07_c02,Indore,2021,7,2,2021-01-01,2021-03-31,32643,582960.0,2502490.0,585520.0,2505050.0,75.81981696665999,22.638818548143266,1.0,15.23651123046875,0.047718048095703125,0.32681936025619507,-0.04008036106824875,-0.35740745067596436,0.08729179203510284,True,tiles\Indore\2021\Indore_r07_c02.tif,16.0,0.0,"POLYGON ((75.832203 22.627192, 75.832343 22.650317, 75.807429 22.650444, 75.807294 22.62732, 75.832203 22.627192))"
Indore_r07_c03,Indore,2021,7,3,2021-01-01,2021-03-31,32643,585520.0,2502490.0,588080.0,2505050.0,75.84472863192839,22.638689244344203,1.0,14.780914306640625,0.07619285583496094,0.2679678797721863,0.016940142959356308,-0.37804433703422546,0.09085214138031006,True,tiles\Indore\2021\Indore_r07_c03.tif,16.0,0.0,"POLYGON ((75.857113 22.627061, 75.857256 22.650185, 75.832343 22.650317, 75.832203 22.627192, 75.857113 22.627061))"
Indore_r07_c04,Indore,2021,7,4,2021-01-01,2021-03-31,32643,588080.0,2502490.0,590640.0,2505050.0,75.86964011305375,22.638556071235953,1.0,14.67022705078125,0.08311080932617188,0.4225153625011444,-0.14522816240787506,-0.3347488045692444,0.06235528364777565,True,tiles\Indore\2021\Indore_r07_c04.tif,16.0,0.0,"POLYGON ((75.882022 22.626926, 75.88217 22.65005, 75.857256 22.650185, 75.857113 22.627061, 75.882022 22.626926))"
Indore_r07_c05,Indore,2021,7,5,2021-01-01,2021-03-31,32643,590640.0,2502490.0,593200.0,2505050.0,75.89455140460782,22.63841902893683,1.0,14.793304443359375,0.07541847229003906,0.4249343276023865,-0.07148684561252594,-0.4168907403945923,0.07051709294319153,True,tiles\Indore\2021\Indore_r07_c05.tif,16.0,0.0,"POLYGON ((75.906931 22.626787, 75.907083 22.649911, 75.88217 22.65005, 75.882022 22.626926, 75.906931 22.626787))"
Indore_r07_c06,Indore,2021,7,6,2021-01-01,2021-03-31,32643,593200.0,2502490.0,595760.0,2505050.0,75.91946250116273,22.638278117568632,1.0,15.328216552734375,0.04198646545410156,0.4307520091533661,-0.0443115159869194,-0.4645298719406128,0.06683681905269623,True,tiles\Indore\2021\Indore_r07_c06.tif,16.0,0.0,"POLYGON ((75.93184 22.626645, 75.931996 22.649768, 75.907083 22.649911, 75.906931 22.626787, 75.93184 22.626645))"
Indore_r07_c07,Indore,2021,7,7,2021-01-01,2021-03-31,32643,595760.0,2502490.0,598320.0,2505050.0,75.9443733972907,22.63813333725657,1.0,15.23431396484375,0.047855377197265625,0.4116179645061493,-0.10268382728099823,-0.4074134826660156,0.0693746879696846,True,tiles\Indore\2021\Indore_r07_c07.tif,16.0,0.0,"POLYGON ((75.956749 22.626498, 75.956909 22.649621, 75.931996 22.649768, 75.93184 22.626645, 75.956749 22.626498))"
Indore_r00_c00,Indore,2022,0,0,2022-01-01,2022-03-31,32643,577840.0,2520410.0,580400.0,2522970.0,75.77089936720726,22.800935905461426,1.0,13.14013671875,0.178741455078125,0.6256039142608643,-0.3099484443664551,-0.36054736375808716,0.062239497900009155,True,tiles\Indore\2022\Indore_r00_c00.tif,,,"POLYGON ((75.783304 22.789313, 75.783436 22.812437, 75.758493 22.812558, 75.758365 22.789434, 75.783304 22.789313))"
Indore_r00_c01,Indore,2022,0,1,2022-01-01,2022-03-31,32643,580400.0,2520410.0,582960.0,2522970.0,75.79584069785055,22.800813376067843,1.0,12.902435302734375,0.19359779357910156,0.6085019111633301,-0.29202091693878174,-0.36506083607673645,0.06285272538661957,True,tiles\Indore\2022\Indore_r00_c01.tif,,,"POLYGON ((75.808243 22.789189, 75.80838 22.812313, 75.783436 22.812437, 75.783304 22.789313, 75.808243 22.789189))"
Indore_r00_c02,Indore,2022,0,2,2022-01-01,2022-03-31,32643,582960.0,2520410.0,585520.0,2522970.0,75.82078185429528,22.800686946437697,1.0,13.395843505859375,0.16275978088378906,0.5326098203659058,-0.21984657645225525,-0.3638010621070862,0.07479247450828552,True,tiles\Indore\2022\Indore_r00_c02.tif,,,"POLYGON ((75.833182 22.789061, 75.833323 22.812184, 75.80838 22.812313, 75.808243 22.789189, 75.833182 22.789061))"
Indore_r00_c03,Indore,2022,0,3,2022-01-01,2022-03-31,32643,585520.0,2520410.0,588080.0,2522970.0,75.8457228310842,22.800556616683494,1.0,13.742218017578125,0.1411113739013672,0.35423463582992554,-0.06911410391330719,-0.3429368734359741,0.09514821320772171,True,tiles\Indore\2022\Indore_r00_c03.tif,,,"POLYGON ((75.858121 22.788928, 75.858266 22.812052, 75.833323 22.812184, 75.833182 22.789061, 75.858121 22.788928))"
Indore_r00_c04,Indore,2022,0,4,2022-01-01,2022-03-31,32643,588080.0,2520410.0,590640.0,2522970.0,75.87066362276032,22.800422386921223,1.0,13.8519287109375,0.13425445556640625,0.4523564279079437,-0.16422751545906067,-0.3502036929130554,0.08406081795692444,True,tiles\Indore\2022\Indore_r00_c04.tif,,,"POLYGON ((75.883059 22.788792, 75.883208 22.811916, 75.858266 22.812052, 75.858121 22.788928, 75.883059 22.788792))"
Indore_r00_c05,Indore,2022,0,5,2022-01-01,2022-03-31,32643,590640.0,2520410.0,593200.0,2522970.0,75.89560422386687,22.800284257270338,1.0,13.380584716796875,0.1637134552001953,0.4512939453125,-0.1513015478849411,-0.3500083386898041,0.08618858456611633,True,tiles\Indore\2022\Indore_r00_c05.tif,,,"POLYGON ((75.907998 22.788652, 75.908151 22.811776, 75.883208 22.811916, 75.883059 22.788792, 75.907998 22.788652))"
Indore_r00_c06,Indore,2022,0,6,2022-01-01,2022-03-31,32643,593200.0,2520410.0,595760.0,2522970.0,75.92054462894731,22.80014222785375,1.0,13.75634765625,0.140228271484375,0.40160423517227173,-0.09961685538291931,-0.3453834354877472,0.08881945163011551,True,tiles\Indore\2022\Indore_r00_c06.tif,,,"POLYGON ((75.932936 22.788508, 75.933093 22.811631, 75.908151 22.811776, 75.907998 22.788652, 75.932936 22.788508))"
Indore_r00_c07,Indore,2022,0,7,2022-01-01,2022-03-31,32643,595760.0,2520410.0,598320.0,2522970.0,75.94548483254542,22.79999629879787,1.0,14.278900146484375,0.10756874084472656,0.49034520983695984,-0.1675339788198471,-0.36544185876846313,0.07965788245201111,True,tiles\Indore\2022\Indore_r00_c07.tif,,,"POLYGON ((75.957874 22.788361, 75.958036 22.811484, 75.933093 22.811631, 75.932936 22.788508, 75.957874 22.788361))"
Indore_r01_c00,Indore,2022,1,0,2022-01-01,2022-03-31,32643,577840.0,2517850.0,580400.0,2520410.0,75.77076939602576,22.77781177134623,1.0,13.1041259765625,0.18099212646484375,0.5798361301422119,-0.2843326926231384,-0.3455641567707062,0.06796501576900482,True,tiles\Indore\2022\Indore_r01_c00.tif,,,"POLYGON ((75.783172 22.766189, 75.783304 22.789313, 75.758365 22.789434, 75.758237 22.76631, 75.783172 22.766189))"
Indore_r01_c01,Indore,2022,1,1,2022-01-01,2022-03-31,32643,580400.0,2517850.0,582960.0,2520410.0,75.79570652270453,22.777689379880943,1.0,13.501556396484375,0.15615272521972656,0.5231651067733765,-0.204064279794693,-0.37201493978500366,0.07581986486911774,True,tiles\Indore\2022\Indore_r01_c01.tif,,,"POLYGON ((75.808107 22.766065, 75.808243 22.789189, 75.783304 22.789313, 75.783172 22.766189, 75.808107 22.766065))"
Indore_r01_c02,Indore,2022,1,2,2022-01-01,2022-03-31,32643,582960.0,2517850.0,585520.0,2520410.0,75.82064347531578,22.777563092569235,1.0,13.451202392578125,0.1592998504638672,0.4497464895248413,-0.16443100571632385,-0.33811914920806885,0.08154624700546265,True,tiles\Indore\2022\Indore_r01_c02.tif,,,"POLYGON ((75.833042 22.765937, 75.833182 22.789061, 75.808243 22.789189, 75.808107 22.766065, 75.833042 22.765937))"
Indore_r01_c03,Indore,2022,1,3,2022-01-01,2022-03-31,32643,585520.0,2517850.0,588080.0,2520410.0,75.84558024840638,22.777432909523466,1.0,13.696441650390625,0.14397239685058594,0.2751590311527252,-0.013526576571166515,-0.3155364394187927,0.10555247217416763,True,tiles\Indore\2022\Indore_r01_c03.tif,,,"POLYGON ((75.857976 22.765805, 75.858121 22.788928, 75.833182 22.789061, 75.833042 22.765937, 75.857976 22.765805))"
Indore_r01_c04,Indore,2022,1,4,2022-01-01,2022-03-31,32643,588080.0,2517850.0,590640.0,2520410.0,75.87051683652341,22.777298830859465,1.0,14.273193359375,0.1079254150390625,0.3627599775791168,-0.08534346520900726,-0.3326758146286011,0.0940709337592125,True,tiles\Indore\2022\Indore_r01_c04.tif,,,"POLYGON ((75.882911 22.765669, 75.883059 22.788792, 75.858121 22.788928, 75.857976 22.765805, 75.882911 22.765669))"
Indore_r01_c05,Indore,2022,1,5,2022-01-01,2022-03-31,32643,590640.0,2517850.0,593200.0,2520410.0,75.89545323421417,22.777160856696533,1.0,14.72235107421875,0.07985305786132812,0.255201518535614,0.012519658543169498,-0.316627562046051,0.11239911615848541,True,tiles\Indore\2022\Indore_r01_c05.tif,,,"POLYGON ((75.907845 22.765529, 75.907998 22.788652, 75.883059 22.788792, 75.882911 22.765669, 75.907845 22.765529))"
Indore_r01_c06,Indore,2022,1,6,2022-01-01,2022-03-31,32643,593200.0,2517850.0,595760.0,2520410.0,75.92038943602633,22.77701898715743,1.0,14.868560791015625,0.07071495056152344,0.3729825019836426,-0.05735454708337784,-0.3551984131336212,0.09684841334819794,True,tiles\Indore\2022\Indore_r01_c06.tif,,,"POLYGON ((75.932779 22.765385, 75.932936 22.788508, 75.907998 22.788652, 75.907845 22.765529, 75.932779 22.765385))"
Indore_r01_c07,Indore,2022,1,7,2022-01-01,2022-03-31,32643,595760.0,2517850.0,598320.0,2520410.0,75.94532543650766,22.776873222368376,1.0,15.30780029296875,0.043262481689453125,0.4150767922401428,-0.11574847996234894,-0.3434256613254547,0.09089627116918564,True,tiles\Indore\2022\Indore_r01_c07.tif,,,"POLYGON ((75.957713 22.765238, 75.957874 22.788361, 75.932936 22.788508, 75.932779 22.765385, 75.957713 22.765238))"
Indore_r02_c00,Indore,2022,2,0,2022-01-01,2022-03-31,32643,577840.0,2515290.0,580400.0,2517850.0,75.77063959345845,22.754687569555692,1.0,13.358978271484375,0.16506385803222656,0.4436385929584503,-0.1558409333229065,-0.35077014565467834,0.08112035691738129,True,tiles\Indore\2022\Indore_r02_c00.tif,,,"POLYGON ((75.78304 22.743065, 75.783172 22.766189, 75.758237 22.76631, 75.758109 22.743185, 75.78304 22.743065))"
Indore_r02_c01,Indore,2022,2,1,2022-01-01,2022-03-31,32643,580400.0,2515290.0,582960.0,2517850.0,75.79557252162608,22.754565315973636,1.0,13.635284423828125,0.1477947235107422,0.44507062435150146,-0.1403442919254303,-0.3606313467025757,0.08391782641410828,True,tiles\Indore\2022\Indore_r02_c01.tif,,,"POLYGON ((75.807971 22.742941, 75.808107 22.766065, 75.783172 22.766189, 75.78304 22.743065, 75.807971 22.742941))"
Indore_r02_c02,Indore,2022,2,2,2022-01-01,2022-03-31,32643,582960.0,2515290.0,585520.0,2517850.0,75.820505275857,22.75443917093387,1.0,13.57830810546875,0.15135574340820312,0.38607704639434814,-0.07749272882938385,-0.35593369603157043,0.09261541068553925,True,tiles\Indore\2022\Indore_r02_c02.tif,,,"POLYGON ((75.832902 22.742813, 75.833042 22.765937, 75.808107 22.766065, 75.807971 22.742941, 75.832902 22.742813))"
Indore_r02_c03,Indore,2022,2,3,2022-01-01,2022-03-31,32643,585520.0,2515290.0,588080.0,2517850.0,75.84543785070217,22.754309134548617,1.0,13.834136962890625,0.13536643981933594,0.23786775767803192,0.016584454104304314,-0.30538100004196167,0.11002635955810547,True,tiles\Indore\2022\Indore_r02_c03.tif,,,"POLYGON ((75.857832 22.742681, 75.857976 22.765805, 75.833042 22.765937, 75.832902 22.742813, 75.857832 22.742681))"
Indore_r02_c04,Indore,2022,2,4,2022-01-01,2022-03-31,32643,588080.0,2515290.0,590640.0,2517850.0,75.87037024071276,22.754175206933535,1.0,13.762603759765625,0.13983726501464844,0.22234806418418884,0.016870683059096336,-0.2856684625148773,0.1146509125828743,True,tiles\Indore\2022\Indore_r02_c04.tif,,,"POLYGON ((75.882762 22.742545, 75.882911 22.765669, 75.857976 22.765805, 75.857832 22.742681, 75.882762 22.742545))"
Indore_r02_c05,Indore,2022,2,5,2022-01-01,2022-03-31,32643,590640.0,2515290.0,593200.0,2517850.0,75.89530244044022,22.754037388207784,1.0,15.00653076171875,0.062091827392578125,0.21014973521232605,0.007266209460794926,-0.2616763710975647,0.11634902656078339,True,tiles\Indore\2022\Indore_r02_c05.tif,,,"POLYGON ((75.907692 22.742405, 75.907845 22.765529, 75.882911 22.765669, 75.882762 22.742545, 75.907692 22.742405))"
Indore_r02_c06,Indore,2022,2,6,2022-01-01,2022-03-31,32643,593200.0,2515290.0,595760.0,2517850.0,75.92023444443625,22.75389567849393,1.0,15.400482177734375,0.03746986389160156,0.27105027437210083,0.00017813779413700104,-0.31443724036216736,0.1123080775141716,True,tiles\Indore\2022\Indore_r02_c06.tif,,,"POLYGON ((75.932622 22.742262, 75.932779 22.765385, 75.907845 22.765529, 75.907692 22.742405, 75.932622 22.742262))"
Indore_r02_c07,Indore,2022,2,7,2022-01-01,2022-03-31,32643,595760.0,2515290.0,598320.0,2517850.0,75.94516624725273,22.753750077918035,1.0,14.957611083984375,0.06514930725097656,0.45537567138671875,-0.14547568559646606,-0.3515472114086151,0.08418058604001999,True,tiles\Indore\2022\Indore_r02_c07.tif,,,"POLYGON ((75.957552 22.742114, 75.957713 22.765238, 75.932779 22.765385, 75.932622 22.742262, 75.957552 22.742114))"
Indore_r03_c00,Indore,2022,3,0,2022-01-01,2022-03-31,32643,577840.0,2512730.0,580400.0,2515290.0,75.77050995937869,22.731563300143605,1.0,13.206298828125,0.1746063232421875,0.4725763201713562,-0.1697404533624649,-0.3538439869880676,0.07852518558502197,True,tiles\Indore\2022\Indore_r03_c00.tif,,,"POLYGON ((75.782909 22.719941, 75.78304 22.743065, 75.758109 22.743185, 75.757982 22.720061, 75.782909 22.719941))"
Indore_r03_c01,Indore,2022,3,1,2022-01-01,2022-03-31,32643,580400.0,2512730.0,582960.0,2515290.0,75.79543869448443,22.731441184399802,1.0,13.659027099609375,0.14631080627441406,0.2790498733520508,0.01163153164088726,-0.35707786679267883,0.10182322561740875,True,tiles\Indore\2022\Indore_r03_c01.tif,,,"POLYGON ((75.807835 22.719817, 75.807971 22.742941, 75.78304 22.743065, 75.782909 22.719941, 75.807835 22.719817))"
Indore_r03_c02,Indore,2022,3,2,2022-01-01,2022-03-31,32643,582960.0,2512730.0,585520.0,2515290.0,75.82036725578403,22.731315181585565,1.0,13.550018310546875,0.1531238555908203,0.2379712462425232,0.02578321471810341,-0.3151811957359314,0.11330053955316544,True,tiles\Indore\2022\Indore_r03_c02.tif,,,"POLYGON ((75.832761 22.719689, 75.832902 22.742813, 75.807971 22.742941, 75.807835 22.719817, 75.832761 22.719689))"
Indore_r03_c03,Indore,2022,3,3,2022-01-01,2022-03-31,32643,585520.0,2512730.0,588080.0,2515290.0,75.84529563783258,22.731185291812963,1.0,13.41888427734375,0.16131973266601562,0.24288108944892883,0.020014457404613495,-0.3086127042770386,0.10804441571235657,True,tiles\Indore\2022\Indore_r03_c03.tif,,,"POLYGON ((75.857688 22.719557, 75.857832 22.742681, 75.832902 22.742813, 75.832761 22.719689, 75.857688 22.719557))"
Indore_r03_c04,Indore,2022,3,4,2022-01-01,2022-03-31,32643,588080.0,2512730.0,590640.0,2515290.0,75.8702238351853,22.731051515197525,1.0,13.64373779296875,0.14726638793945312,0.2694028615951538,0.00099477032199502,-0.3117062747478485,0.09932740032672882,True,tiles\Indore\2022\Indore_r03_c04.tif,,,"POLYGON ((75.882614 22.719422, 75.882762 22.742545, 75.857832 22.742681, 75.857688 22.719557, 75.882614 22.719422))"
Indore_r03_c05,Indore,2022,3,5,2022-01-01,2022-03-31,32643,590640.0,2512730.0,593200.0,2515290.0,75.89515184239778,22.730913851858222,1.0,15.26727294921875,0.045795440673828125,0.21810472011566162,0.005764600820839405,-0.263988196849823,0.11397784948348999,True,tiles\Indore\2022\Indore_r03_c05.tif,,,"POLYGON ((75.90754 22.719282, 75.907692 22.742405, 75.882762 22.742545, 75.882614 22.719422, 75.90754 22.719282))"
Indore_r03_c06,Indore,2022,3,6,2022-01-01,2022-03-31,32643,593200.0,2512730.0,595760.0,2515290.0,75.92007965402574,22.730772301917487,1.0,15.5994873046875,0.02503204345703125,0.20856499671936035,0.02909611165523529,-0.2917018532752991,0.11980853974819183,True,tiles\Indore\2022\Indore_r03_c06.tif,,,"POLYGON ((75.932465 22.719139, 75.932622 22.742262, 75.907692 22.742405, 75.90754 22.719282, 75.932465 22.719139))"
Indore_r03_c07,Indore,2022,3,7,2022-01-01,2022-03-31,32643,595760.0,2512730.0,598320.0,2515290.0,75.94500726462519,22.73062686550119,1.0,15.048980712890625,0.05943870544433594,0.49396419525146484,-0.17817449569702148,-0.35789915919303894,0.07775749266147614,True,tiles\Indore\2022\Indore_r03_c07.tif,,,"POLYGON ((75.957391 22.718991, 75.957552 22.742114, 75.932622 22.742262, 75.932465 22.719139, 75.957391 22.718991))"
Indore_r04_c00,Indore,2022,4,0,2022-01-01,2022-03-31,32643,577840.0,2510170.0,580400.0,2512730.0,75.77038049365996,22.70843896316384,1.0,13.472991943359375,0.15793800354003906,0.5124034285545349,-0.20487207174301147,-0.3507525324821472,0.07231856882572174,True,tiles\Indore\2022\Indore_r04_c00.tif,,,"POLYGON ((75.782777 22.696816, 75.782909 22.719941, 75.757982 22.720061, 75.757855 22.696936, 75.782777 22.696816))"
Indore_r04_c01,Indore,2022,4,1,2022-01-01,2022-03-31,32643,580400.0,2510170.0,582960.0,2512730.0,75.79530504114895,22.708316985213358,1.0,14.59246826171875,0.08797073364257812,0.4297531247138977,-0.13189198076725006,-0.3404419422149658,0.08372233808040619,True,tiles\Indore\2022\Indore_r04_c01.tif,,,"POLYGON ((75.807699 22.696693, 75.807835 22.719817, 75.782909 22.719941, 75.782777 22.696816, 75.807699 22.696693))"
Indore_r04_c02,Indore,2022,4,2,2022-01-01,2022-03-31,32643,582960.0,2510170.0,585520.0,2512730.0,75.82022941496218,22.708191124578295,1.0,14.399566650390625,0.10002708435058594,0.2460041046142578,0.009480807930231094,-0.2961413264274597,0.10509626567363739,True,tiles\Indore\2022\Indore_r04_c02.tif,,,"POLYGON ((75.832622 22.696565, 75.832761 22.719689, 75.807835 22.719817, 75.807699 22.696693, 75.832622 22.696565))"
Indore_r04_c03,Indore,2022,4,3,2022-01-01,2022-03-31,32643,585520.0,2510170.0,588080.0,2512730.0,75.84515360965881,22.708061381370573,1.0,14.10809326171875,0.11824417114257812,0.20934367179870605,0.03257365524768829,-0.2881318926811218,0.11247333884239197,True,tiles\Indore\2022\Indore_r04_c03.tif,,,"POLYGON ((75.857544 22.696433, 75.857688 22.719557, 75.832761 22.719689, 75.832622 22.696565, 75.857544 22.696433))"
Indore_r04_c04,Indore,2022,4,4,2022-01-01,2022-03-31,32643,588080.0,2510170.0,590640.0,2512730.0,75.87007761979815,22.70792775570557,1.0,14.383544921875,0.1010284423828125,0.2088344693183899,0.027340039610862732,-0.28212082386016846,0.1092822477221489,True,tiles\Indore\2022\Indore_r04_c04.tif,,,"POLYGON ((75.882465 22.696298, 75.882614 22.719422, 75.857688 22.719557, 75.857544 22.696433, 75.882465 22.696298))"
Indore_r04_c05,Indore,2022,4,5,2022-01-01,2022-03-31,32643,590640.0,2510170.0,593200.0,2512730.0,75.89500143993988,22.707790247702082,1.0,15.143951416015625,0.05350303649902344,0.31703150272369385,-0.031738538295030594,-0.3225741982460022,0.09843891859054565,True,tiles\Indore\2022\Indore_r04_c05.tif,,,"POLYGON ((75.907387 22.696158, 75.90754 22.719282, 75.882614 22.719422, 75.882465 22.696298, 75.907387 22.696158))"
Indore_r04_c06,Indore,2022,4,6,2022-01-01,2022-03-31,32643,593200.0,2510170.0,595760.0,2512730.0,75.91992506464378,22.70764885748238,1.0,15.606689453125,0.0245819091796875,0.26572564244270325,-0.002535416278988123,-0.31496214866638184,0.10735584795475006,True,tiles\Indore\2022\Indore_r04_c06.tif,,,"POLYGON ((75.932309 22.696015, 75.932465 22.719139, 75.90754 22.719282, 75.907387 22.696158, 75.932309 22.696015))"
Indore_r04_c07,Indore,2022,4,7,2022-01-01,2022-03-31,32643,595760.0,2510170.0,598320.0,2512730.0,75.94484848846994,22.707503585172187,1.0,15.169586181640625,0.05190086364746094,0.4231049716472626,-0.110567107796669,-0.3604573905467987,0.08521592617034912,True,tiles\Indore\2022\Indore_r04_c07.tif,,,"POLYGON ((75.95723 22.695868, 75.957391 22.718991, 75.932465 22.719139, 75.932309 22.696015, 75.95723 22.695868))"
Indore_r05_c00,Indore,2022,5,0,2022-01-01,2022-03-31,32643,577840.0,2507610.0,580400.0,2510170.0,75.7702511961759,22.68531455867028,1.0,14.1346435546875,0.11658477783203125,0.4502013921737671,-0.12793095409870148,-0.3671704828739166,0.07593288272619247,True,tiles\Indore\2022\Indore_r05_c00.tif,,,"POLYGON ((75.782646 22.673692, 75.782777 22.696816, 75.757855 22.696936, 75.757727 22.673812, 75.782646 22.673692))"
Indore_r05_c01,Indore,2022,5,1,2022-01-01,2022-03-31,32643,580400.0,2507610.0,582960.0,2510170.0,75.79517156148927,22.68519271846826,1.0,14.9378662109375,0.06638336181640625,0.3871527910232544,-0.0733073353767395,-0.36888957023620605,0.08263283967971802,True,tiles\Indore\2022\Indore_r05_c01.tif,,,"POLYGON ((75.807564 22.673568, 75.807699 22.696693, 75.782777 22.696816, 75.782646 22.673692, 75.807564 22.673568))"
Indore_r05_c02,Indore,2022,5,2,2022-01-01,2022-03-31,32643,582960.0,2507610.0,585520.0,2510170.0,75.82009175325702,22.685066999966104,1.0,14.340301513671875,0.10373115539550781,0.19598525762557983,0.03414486348628998,-0.29188185930252075,0.11798185110092163,True,tiles\Indore\2022\Indore_r05_c02.tif,,,"POLYGON ((75.832482 22.673441, 75.832622 22.696565, 75.807699 22.696693, 75.807564 22.673568, 75.832482 22.673441))"
Indore_r05_c03,Indore,2022,5,3,2022-01-01,2022-03-31,32643,585520.0,2507610.0,588080.0,2510170.0,75.84501176604233,22.684937403275548,1.0,14.44573974609375,0.09714126586914062,0.2731015086174011,-0.009156554937362671,-0.3119092881679535,0.10411466658115387,True,tiles\Indore\2022\Indore_r05_c03.tif,,,"POLYGON ((75.8574 22.673309, 75.857544 22.696433, 75.832622 22.696565, 75.832482 22.673441, 75.8574 22.673309))"
Indore_r05_c04,Indore,2022,5,4,2022-01-01,2022-03-31,32643,588080.0,2507610.0,590640.0,2510170.0,75.86993159440871,22.68480392851183,1.0,14.7169189453125,0.08019256591796875,0.30528557300567627,-0.02952628582715988,-0.3151240944862366,0.09512141346931458,True,tiles\Indore\2022\Indore_r05_c04.tif,,,"POLYGON ((75.882317 22.673174, 75.882465 22.696298, 75.857544 22.696433, 75.8574 22.673309, 75.882317 22.673174))"
Indore_r05_c05,Indore,2022,5,5,2022-01-01,2022-03-31,32643,590640.0,2507610.0,593200.0,2510170.0,75.89485123291986,22.684666575793592,1.0,15.2952880859375,0.04404449462890625,0.2086229771375656,0.028591128066182137,-0.29366666078567505,0.1169285774230957,True,tiles\Indore\2022\Indore_r05_c05.tif,,,"POLYGON ((75.907235 22.673035, 75.907387 22.696158, 75.882465 22.696298, 75.882317 22.673174, 75.907235 22.673035))"
Indore_r05_c06,Indore,2022,5,6,2022-01-01,2022-03-31,32643,593200.0,2507610.0,595760.0,2510170.0,75.91977067613958,22.68452534524295,1.0,15.34930419921875,0.040668487548828125,0.2656491994857788,0.00947318784892559,-0.332672119140625,0.10675543546676636,True,tiles\Indore\2022\Indore_r05_c06.tif,,,"POLYGON ((75.932152 22.672892, 75.932309 22.696015, 75.907387 22.696158, 75.907235 22.673035, 75.932152 22.672892))"
Indore_r05_c07,Indore,2022,5,7,2022-01-01,2022-03-31,32643,595760.0,2507610.0,598320.0,2510170.0,75.94468991863216,22.684380236985444,1.0,14.69549560546875,0.08153152465820312,0.44903749227523804,-0.145248681306839,-0.34404200315475464,0.08381146192550659,True,tiles\Indore\2022\Indore_r05_c07.tif,,,"POLYGON ((75.957069 22.672745, 75.95723 22.695868, 75.932309 22.696015, 75.932152 22.672892, 75.957069 22.672745))"
Indore_r06_c00,Indore,2022,6,0,2022-01-01,2022-03-31,32643,577840.0,2505050.0,580400.0,2507610.0,75.77012206680054,22.662190086716883,1.0,14.25189208984375,0.10925674438476562,0.41456839442253113,-0.12018279731273651,-0.343343585729599,0.0766918882727623,True,tiles\Indore\2022\Indore_r06_c00.tif,,,"POLYGON ((75.782515 22.650568, 75.782646 22.673692, 75.757727 22.673812, 75.7576 22.650687, 75.782515 22.650568))"
Indore_r06_c01,Indore,2022,6,1,2022-01-01,2022-03-31,32643,580400.0,2505050.0,582960.0,2507610.0,75.79503825537523,22.662068384218532,1.0,14.641204833984375,0.08492469787597656,0.3246527314186096,-0.014972800388932228,-0.3590394854545593,0.08608326315879822,True,tiles\Indore\2022\Indore_r06_c01.tif,,,"POLYGON ((75.807429 22.650444, 75.807564 22.673568, 75.782646 22.673692, 75.782515 22.650568, 75.807429 22.650444))"
Indore_r06_c02,Indore,2022,6,2,2022-01-01,2022-03-31,32643,582960.0,2505050.0,585520.0,2507610.0,75.81995427053428,22.661942807803047,1.0,14.72467041015625,0.07970809936523438,0.328627347946167,-0.0478803776204586,-0.3306090831756592,0.09440495073795319,True,tiles\Indore\2022\Indore_r06_c02.tif,,,"POLYGON ((75.832343 22.650317, 75.832482 22.673441, 75.807564 22.673568, 75.807429 22.650444, 75.832343 22.650317))"
Indore_r06_c03,Indore,2022,6,3,2022-01-01,2022-03-31,32643,585520.0,2505050.0,588080.0,2507610.0,75.84487010684491,22.661813357582027,1.0,14.589385986328125,0.08816337585449219,0.3797072768211365,-0.0860322117805481,-0.335310697555542,0.09053241461515427,True,tiles\Indore\2022\Indore_r06_c03.tif,,,"POLYGON ((75.857256 22.650185, 75.8574 22.673309, 75.832482 22.673441, 75.832343 22.650317, 75.857256 22.650185))"
Indore_r06_c04,Indore,2022,6,4,2022-01-01,2022-03-31,32643,588080.0,2505050.0,590640.0,2507610.0,75.86978575887464,22.661680033670542,1.0,15.283203125,0.0447998046875,0.18787190318107605,-0.18954461812973022,-0.023482978343963623,0.07587207108736038,True,tiles\Indore\2022\Indore_r06_c04.tif,,,"POLYGON ((75.88217 22.65005, 75.882317 22.673174, 75.8574 22.673309, 75.857256 22.650185, 75.88217 22.65005))"
Indore_r06_c05,Indore,2022,6,5,2022-01-01,2022-03-31,32643,590640.0,2505050.0,593200.0,2507610.0,75.89470122119126,22.66154283618707,1.0,15.00457763671875,0.062213897705078125,0.4197864532470703,-0.13100075721740723,-0.3244125247001648,0.08354561775922775,True,tiles\Indore\2022\Indore_r06_c05.tif,,,"POLYGON ((75.907083 22.649911, 75.907235 22.673035, 75.882317 22.673174, 75.88217 22.65005, 75.907083 22.649911))"
Indore_r06_c06,Indore,2022,6,6,2022-01-01,2022-03-31,32643,593200.0,2505050.0,595760.0,2507610.0,75.91961648836268,22.66140176525357,1.0,15.671112060546875,0.020555496215820312,0.3319326341152191,-0.0262351855635643,-0.3655994236469269,0.09733300656080246,True,tiles\Indore\2022\Indore_r06_c06.tif,,,"POLYGON ((75.931996 22.649768, 75.932152 22.672892, 75.907235 22.673035, 75.907083 22.649911, 75.931996 22.649768))"
Indore_r06_c07,Indore,2022,6,7,2022-01-01,2022-03-31,32643,595760.0,2505050.0,598320.0,2507610.0,75.94453155495718,22.66125682099541,1.0,14.619903564453125,0.08625602722167969,0.4025120139122009,-0.11166198551654816,-0.3431442081928253,0.08337199687957764,True,tiles\Indore\2022\Indore_r06_c07.tif,,,"POLYGON ((75.956909 22.649621, 75.957069 22.672745, 75.932152 22.672892, 75.931996 22.649768, 75.956909 22.649621))"
Indore_r07_c00,Indore,2022,7,0,2022-01-01,2022-03-31,32643,577840.0,2502490.0,580400.0,2505050.0,75.76999310540796,22.639065547357607,1.0,14.91412353515625,0.06786727905273438,0.471900999546051,-0.16341739892959595,-0.3338921070098877,0.0702611654996872,True,tiles\Indore\2022\Indore_r07_c00.tif,,,"POLYGON ((75.782384 22.627443, 75.782515 22.650568, 75.7576 22.650687, 75.757474 22.627563, 75.782384 22.627443))"
Indore_r07_c01,Indore,2022,7,1,2022-01-01,2022-03-31,32643,580400.0,2502490.0,582960.0,2505050.0,75.79490512267698,22.638943982518217,1.0,14.08319091796875,0.11980056762695312,0.29170849919319153,-0.03376595675945282,-0.318393737077713,0.09701250493526459,True,tiles\Indore\2022\Indore_r07_c01.tif,,,"POLYGON ((75.807294 22.62732, 75.807429 22.650444, 75.782515 22.650568, 75.782384 22.627443, 75.807294 22.62732))"
Indore_r07_c02,Indore,2022,7,2,2022-01-01,2022-03-31,32643,582960.0,2502490.0,585520.0,2505050.0,75.81981696665999,22.638818548143266,1.0,14.80194091796875,0.07487869262695312,0.3204972445964813,-0.06069290637969971,-0.3096359372138977,0.09562784433364868,True,tiles\Indore\2022\Indore_r07_c02.tif,,,"POLYGON ((75.832203 22.627192, 75.832343 22.650317, 75.807429 22.650444, 75.807294 22.62732, 75.832203 22.627192))"
Indore_r07_c03,Indore,2022,7,3,2022-01-01,2022-03-31,32643,585520.0,2502490.0,588080.0,2505050.0,75.84472863192839,22.638689244344203,1.0,15.5516357421875,0.02802276611328125,0.29059574007987976,-0.02480638399720192,-0.33298802375793457,0.09941674023866653,True,tiles\Indore\2022\Indore_r07_c03.tif,,,"POLYGON ((75.857113 22.627061, 75.857256 22.650185, 75.832343 22.650317, 75.832203 22.627192, 75.857113 22.627061))"
Indore_r07_c04,Indore,2022,7,4,2022-01-01,2022-03-31,32643,588080.0,2502490.0,590640.0,2505050.0,75.86964011305375,22.638556071235953,1.0,15.759246826171875,0.015047073364257812,0.446817547082901,-0.16462254524230957,-0.31653350591659546,0.07396315783262253,True,tiles\Indore\2022\Indore_r07_c04.tif,,,"POLYGON ((75.882022 22.626926, 75.88217 22.65005, 75.857256 22.650185, 75.857113 22.627061, 75.882022 22.626926))"
Indore_r07_c05,Indore,2022,7,5,2022-01-01,2022-03-31,32643,590640.0,2502490.0,593200.0,2505050.0,75.89455140460782,22.63841902893683,1.0,15.790618896484375,0.013086318969726562,0.3957970142364502,-0.09300701320171356,-0.3462185859680176,0.08452828228473663,True,tiles\Indore\2022\Indore_r07_c05.tif,,,"POLYGON ((75.906931 22.626787, 75.907083 22.649911, 75.88217 22.65005, 75.882022 22.626926, 75.906931 22.626787))"
Indore_r07_c06,Indore,2022,7,6,2022-01-01,2022-03-31,32643,593200.0,2502490.0,595760.0,2505050.0,75.91946250116273,22.638278117568632,1.0,15.480224609375,0.0324859619140625,0.4147711396217346,-0.07590705156326294,-0.38612520694732666,0.08090637624263763,True,tiles\Indore\2022\Indore_r07_c06.tif,,,"POLYGON ((75.93184 22.626645, 75.931996 22.649768, 75.907083 22.649911, 75.906931 22.626787, 75.93184 22.626645))"
Indore_r07_c07,Indore,2022,7,7,2022-01-01,2022-03-31,32643,595760.0,2502490.0,598320.0,2505050.0,75.9443733972907,22.63813333725657,1.0,14.6192626953125,0.08629608154296875,0.41868412494659424,-0.13446439802646637,-0.34252727031707764,0.0802939236164093,True,tiles\Indore\2022\Indore_r07_c07.tif,,,"POLYGON ((75.956749 22.626498, 75.956909 22.649621, 75.931996 22.649768, 75.93184 22.626645, 75.956749 22.626498))"
Indore_r00_c00,Indore,2023,0,0,2023-01-01,2023-03-31,32643,577840.0,2520410.0,580400.0,2522970.0,75.77089936720726,22.800935905461426,1.0,15.8507080078125,0.11940509080886841,0.6993334293365479,-0.3256355822086334,-0.4444802403450012,0.0482676699757576,True,tiles\Indore\2023\Indore_r00_c00.tif,18.0,0.07,"POLYGON ((75.783304 22.789313, 75.783436 22.812437, 75.758493 22.812558, 75.758365 22.789434, 75.783304 22.789313))"
Indore_r00_c01,Indore,2023,0,1,2023-01-01,2023-03-31,32643,580400.0,2520410.0,582960.0,2522970.0,75.79584069785055,22.800813376067843,1.0,15.9576416015625,0.11346435546875,0.6844539046287537,-0.31456458568573,-0.4365680515766144,0.05013328045606613,True,tiles\Indore\2023\Indore_r00_c01.tif,18.0,0.07,"POLYGON ((75.808243 22.789189, 75.80838 22.812313, 75.783436 22.812437, 75.783304 22.789313, 75.808243 22.789189))"
Indore_r00_c02,Indore,2023,0,2,2023-01-01,2023-03-31,32643,582960.0,2520410.0,585520.0,2522970.0,75.82078185429528,22.800686946437697,1.0,16.126708984375,0.1040717363357544,0.5618674755096436,-0.2104380577802658,-0.4172168970108032,0.06558054685592651,True,tiles\Indore\2023\Indore_r00_c02.tif,18.0,0.07,"POLYGON ((75.833182 22.789061, 75.833323 22.812184, 75.80838 22.812313, 75.808243 22.789189, 75.833182 22.789061))"
Indore_r00_c03,Indore,2023,0,3,2023-01-01,2023-03-31,32643,585520.0,2520410.0,588080.0,2522970.0,75.8457228310842,22.800556616683494,1.0,17.004180908203125,0.05532330274581909,0.3529905080795288,-0.05662208050489426,-0.3705451488494873,0.09109964966773987,True,tiles\Indore\2023\Indore_r00_c03.tif,18.0,0.07,"POLYGON ((75.858121 22.788928, 75.858266 22.812052, 75.833323 22.812184, 75.833182 22.789061, 75.858121 22.788928))"
Indore_r00_c04,Indore,2023,0,4,2023-01-01,2023-03-31,32643,588080.0,2520410.0,590640.0,2522970.0,75.87066362276032,22.800422386921223,1.0,16.335357666015625,0.0924801230430603,0.47193795442581177,-0.15874791145324707,-0.396543025970459,0.07666195929050446,True,tiles\Indore\2023\Indore_r00_c04.tif,18.0,0.07,"POLYGON ((75.883059 22.788792, 75.883208 22.811916, 75.858266 22.812052, 75.858121 22.788928, 75.883059 22.788792))"
Indore_r00_c05,Indore,2023,0,5,2023-01-01,2023-03-31,32643,590640.0,2520410.0,593200.0,2522970.0,75.89560422386687,22.800284257270338,1.0,16.34674072265625,0.09184771776199341,0.4534263014793396,-0.13782593607902527,-0.37940049171447754,0.08060316741466522,True,tiles\Indore\2023\Indore_r00_c05.tif,18.0,0.07,"POLYGON ((75.907998 22.788652, 75.908151 22.811776, 75.883208 22.811916, 75.883059 22.788792, 75.907998 22.788652))"
Indore_r00_c06,Indore,2023,0,6,2023-01-01,2023-03-31,32643,593200.0,2520410.0,595760.0,2522970.0,75.92054462894731,22.80014222785375,1.0,16.305145263671875,0.0941585898399353,0.4215797781944275,-0.0964929386973381,-0.38453298807144165,0.07853323966264725,True,tiles\Indore\2023\Indore_r00_c06.tif,18.0,0.07,"POLYGON ((75.932936 22.788508, 75.933093 22.811631, 75.908151 22.811776, 75.907998 22.788652, 75.932936 22.788508))"
Indore_r00_c07,Indore,2023,0,7,2023-01-01,2023-03-31,32643,595760.0,2520410.0,598320.0,2522970.0,75.94548483254542,22.79999629879787,1.0,16.228912353515625,0.09839373826980591,0.5341908931732178,-0.15874873101711273,-0.44342315196990967,0.06880448013544083,True,tiles\Indore\2023\Indore_r00_c07.tif,18.0,0.07,"POLYGON ((75.957874 22.788361, 75.958036 22.811484, 75.933093 22.811631, 75.932936 22.788508, 75.957874 22.788361))"
Indore_r01_c00,Indore,2023,1,0,2023-01-01,2023-03-31,32643,577840.0,2517850.0,580400.0,2520410.0,75.77076939602576,22.77781177134623,1.0,15.5390625,0.13671875,0.6825844645500183,-0.31322604417800903,-0.4327419400215149,0.050483446568250656,True,tiles\Indore\2023\Indore_r01_c00.tif,18.0,0.07,"POLYGON ((75.783172 22.766189, 75.783304 22.789313, 75.758365 22.789434, 75.758237 22.76631, 75.783172 22.766189))"
Indore_r01_c01,Indore,2023,1,1,2023-01-01,2023-03-31,32643,580400.0,2517850.0,582960.0,2520410.0,75.79570652270453,22.777689379880943,1.0,15.622314453125,0.1320936679840088,0.5858649015426636,-0.21468666195869446,-0.4415725767612457,0.06310804188251495,True,tiles\Indore\2023\Indore_r01_c01.tif,18.0,0.07,"POLYGON ((75.808107 22.766065, 75.808243 22.789189, 75.783304 22.789313, 75.783172 22.766189, 75.808107 22.766065))"
Indore_r01_c02,Indore,2023,1,2,2023-01-01,2023-03-31,32643,582960.0,2517850.0,585520.0,2520410.0,75.82064347531578,22.777563092569235,1.0,16.016693115234375,0.1101837158203125,0.4860460162162781,-0.16537246108055115,-0.37982892990112305,0.07255575060844421,True,tiles\Indore\2023\Indore_r01_c02.tif,18.0,0.07,"POLYGON ((75.833042 22.765937, 75.833182 22.789061, 75.808243 22.789189, 75.808107 22.766065, 75.833042 22.765937))"
Indore_r01_c03,Indore,2023,1,3,2023-01-01,2023-03-31,32643,585520.0,2517850.0,588080.0,2520410.0,75.84558024840638,22.777432909523466,1.0,16.536956787109375,0.0812801718711853,0.26509764790534973,-0.0035593342036008835,-0.3283888101577759,0.10020245611667633,True,tiles\Indore\2023\Indore_r01_c03.tif,18.0,0.07,"POLYGON ((75.857976 22.765805, 75.858121 22.788928, 75.833182 22.789061, 75.833042 22.765937, 75.857976 22.765805))"
Indore_r01_c04,Indore,2023,1,4,2023-01-01,2023-03-31,32643,588080.0,2517850.0,590640.0,2520410.0,75.87051683652341,22.777298830859465,1.0,16.50311279296875,0.083160400390625,0.36770421266555786,-0.0758700966835022,-0.359313428401947,0.08745285123586655,True,tiles\Indore\2023\Indore_r01_c04.tif,18.0,0.07,"POLYGON ((75.882911 22.765669, 75.883059 22.788792, 75.858121 22.788928, 75.857976 22.765805, 75.882911 22.765669))"
Indore_r01_c05,Indore,2023,1,5,2023-01-01,2023-03-31,32643,590640.0,2517850.0,593200.0,2520410.0,75.89545323421417,22.777160856696533,1.0,16.638397216796875,0.0756446123123169,0.261016845703125,0.01746666245162487,-0.3430655002593994,0.10242989659309387,True,tiles\Indore\2023\Indore_r01_c05.tif,18.0,0.07,"POLYGON ((75.907845 22.765529, 75.907998 22.788652, 75.883059 22.788792, 75.882911 22.765669, 75.907845 22.765529))"
Indore_r01_c06,Indore,2023,1,6,2023-01-01,2023-03-31,32643,593200.0,2517850.0,595760.0,2520410.0,75.92038943602633,22.77701898715743,1.0,16.524322509765625,0.0819820761680603,0.3931572735309601,-0.05378139764070511,-0.40052875876426697,0.08746052533388138,True,tiles\Indore\2023\Indore_r01_c06.tif,18.0,0.07,"POLYGON ((75.932779 22.765385, 75.932936 22.788508, 75.907998 22.788652, 75.907845 22.765529, 75.932779 22.765385))"
Indore_r01_c07,Indore,2023,1,7,2023-01-01,2023-03-31,32643,595760.0,2517850.0,598320.0,2520410.0,75.94532543650766,22.776873222368376,1.0,16.788543701171875,0.0673031210899353,0.45464321970939636,-0.11899743229150772,-0.4094691276550293,0.08016400784254074,True,tiles\Indore\2023\Indore_r01_c07.tif,18.0,0.07,"POLYGON ((75.957713 22.765238, 75.957874 22.788361, 75.932936 22.788508, 75.932779 22.765385, 75.957713 22.765238))"
Indore_r02_c00,Indore,2023,2,0,2023-01-01,2023-03-31,32643,577840.0,2515290.0,580400.0,2517850.0,75.77063959345845,22.754687569555692,1.0,15.41912841796875,0.1433817744255066,0.47054120898246765,-0.14507514238357544,-0.4084669351577759,0.07263053953647614,True,tiles\Indore\2023\Indore_r02_c00.tif,18.0,0.07,"POLYGON ((75.78304 22.743065, 75.783172 22.766189, 75.758237 22.76631, 75.758109 22.743185, 75.78304 22.743065))"
Indore_r02_c01,Indore,2023,2,1,2023-01-01,2023-03-31,32643,580400.0,2515290.0,582960.0,2517850.0,75.79557252162608,22.754565315973636,1.0,15.780426025390625,0.1233096718788147,0.463209867477417,-0.13174304366111755,-0.4055432975292206,0.0770413875579834,True,tiles\Indore\2023\Indore_r02_c01.tif,18.0,0.07,"POLYGON ((75.807971 22.742941, 75.808107 22.766065, 75.783172 22.766189, 75.78304 22.743065, 75.807971 22.742941))"
Indore_r02_c02,Indore,2023,2,2,2023-01-01,2023-03-31,32643,582960.0,2515290.0,585520.0,2517850.0,75.820505275857,22.75443917093387,1.0,16.1927490234375,0.10040283203125,0.40105730295181274,-0.07704462110996246,-0.38053202629089355,0.08616121858358383,True,tiles\Indore\2023\Indore_r02_c02.tif,18.0,0.07,"POLYGON ((75.832902 22.742813, 75.833042 22.765937, 75.808107 22.766065, 75.807971 22.742941, 75.832902 22.742813))"
Indore_r02_c03,Indore,2023,2,3,2023-01-01,2023-03-31,32643,585520.0,2515290.0,588080.0,2517850.0,75.84543785070217,22.754309134548617,1.0,16.735382080078125,0.07025653123855591,0.2378101646900177,0.018699821084737778,-0.32289257645606995,0.10324211418628693,True,tiles\Indore\2023\Indore_r02_c03.tif,18.0,0.07,"POLYGON ((75.857832 22.742681, 75.857976 22.765805, 75.833042 22.765937, 75.832902 22.742813, 75.857832 22.742681))"
Indore_r02_c04,Indore,2023,2,4,2023-01-01,2023-03-31,32643,588080.0,2515290.0,590640.0,2517850.0,75.87037024071276,22.754175206933535,1.0,16.8487548828125,0.0639580488204956,0.2301708310842514,0.011051855981349945,-0.2996863126754761,0.10540224611759186,True,tiles\Indore\2023\Indore_r02_c04.tif,18.0,0.07,"POLYGON ((75.882762 22.742545, 75.882911 22.765669, 75.857976 22.765805, 75.857832 22.742681, 75.882762 22.742545))"
Indore_r02_c05,Indore,2023,2,5,2023-01-01,2023-03-31,32643,590640.0,2515290.0,593200.0,2517850.0,75.89530244044022,22.754037388207784,1.0,16.98553466796875,0.056359171867370605,0.23055395483970642,0.0055879466235637665,-0.2936825156211853,0.10478523373603821,True,tiles\Indore\2023\Indore_r02_c05.tif,18.0,0.07,"POLYGON ((75.907692 22.742405, 75.907845 22.765529, 75.882911 22.765669, 75.882762 22.742545, 75.907692 22.742405))"
Indore_r02_c06,Indore,2023,2,6,2023-01-01,2023-03-31,32643,593200.0,2515290.0,595760.0,2517850.0,75.92023444443625,22.75389567849393,1.0,16.83819580078125,0.064544677734375,0.2782450020313263,0.003290708176791668,-0.3448803722858429,0.10337914526462555,True,tiles\Indore\2023\Indore_r02_c06.tif,18.0,0.07,"POLYGON ((75.932622 22.742262, 75.932779 22.765385, 75.907845 22.765529, 75.907692 22.742405, 75.932622 22.742262))"
Indore_r02_c07,Indore,2023,2,7,2023-01-01,2023-03-31,32643,595760.0,2515290.0,598320.0,2517850.0,75.94516624725273,22.753750077918035,1.0,16.9853515625,0.0563693642616272,0.5177770256996155,-0.15749692916870117,-0.42548292875289917,0.06994952261447906,True,tiles\Indore\2023\Indore_r02_c07.tif,18.0,0.07,"POLYGON ((75.957552 22.742114, 75.957713 22.765238, 75.932779 22.765385, 75.932622 22.742262, 75.957552 22.742114))"
Indore_r03_c00,Indore,2023,3,0,2023-01-01,2023-03-31,32643,577840.0,2512730.0,580400.0,2515290.0,75.77050995937869,22.731563300143605,1.0,16.115081787109375,0.1047176718711853,0.4987679123878479,-0.17023865878582,-0.39985430240631104,0.07265431433916092,True,tiles\Indore\2023\Indore_r03_c00.tif,18.0,0.07,"POLYGON ((75.782909 22.719941, 75.78304 22.743065, 75.758109 22.743185, 75.757982 22.720061, 75.782909 22.719941))"
Indore_r03_c01,Indore,2023,3,1,2023-01-01,2023-03-31,32643,580400.0,2512730.0,582960.0,2515290.0,75.79543869448443,22.731441184399802,1.0,15.98577880859375,0.1119011640548706,0.27163904905319214,0.015889862552285194,-0.3798169493675232,0.09717687219381332,True,tiles\Indore\2023\Indore_r03_c01.tif,18.0,0.07,"POLYGON ((75.807835 22.719817, 75.807971 22.742941, 75.78304 22.743065, 75.782909 22.719941, 75.807835 22.719817))"
Indore_r03_c02,Indore,2023,3,2,2023-01-01,2023-03-31,32643,582960.0,2512730.0,585520.0,2515290.0,75.82036725578403,22.731315181585565,1.0,15.581085205078125,0.1343841552734375,0.2392672449350357,0.024228272959589958,-0.3313039243221283,0.10448437929153442,True,tiles\Indore\2023\Indore_r03_c02.tif,18.0,0.07,"POLYGON ((75.832761 22.719689, 75.832902 22.742813, 75.807971 22.742941, 75.807835 22.719817, 75.832761 22.719689))"
Indore_r03_c03,Indore,2023,3,3,2023-01-01,2023-03-31,32643,585520.0,2512730.0,588080.0,2515290.0,75.84529563783258,22.731185291812963,1.0,16.539093017578125,0.0811614990234375,0.2591572403907776,0.01226082630455494,-0.3278922438621521,0.09829407185316086,True,tiles\Indore\2023\Indore_r03_c03.tif,18.0,0.07,"POLYGON ((75.857688 22.719557, 75.857832 22.742681, 75.832902 22.742813, 75.832761 22.719689, 75.857688 22.719557))"
Indore_r03_c04,Indore,2023,3,4,2023-01-01,2023-03-31,32643,588080.0,2512730.0,590640.0,2515290.0,75.8702238351853,22.731051515197525,1.0,16.9705810546875,0.05718994140625,0.29807135462760925,-0.007791467942297459,-0.34256798028945923,0.08894921839237213,True,tiles\Indore\2023\Indore_r03_c04.tif,18.0,0.07,"POLYGON ((75.882614 22.719422, 75.882762 22.742545, 75.857832 22.742681, 75.857688 22.719557, 75.882614 22.719422))"
Indore_r03_c05,Indore,2023,3,5,2023-01-01,2023-03-31,32643,590640.0,2512730.0,593200.0,2515290.0,75.89515184239778,22.730913851858222,1.0,16.9981689453125,0.055657267570495605,0.2465103566646576,0.0011635292321443558,-0.30190959572792053,0.10074330866336823,True,tiles\Indore\2023\Indore_r03_c05.tif,18.0,0.07,"POLYGON ((75.90754 22.719282, 75.907692 22.742405, 75.882762 22.742545, 75.882614 22.719422, 75.90754 22.719282))"
Indore_r03_c06,Indore,2023,3,6,2023-01-01,2023-03-31,32643,593200.0,2512730.0,595760.0,2515290.0,75.92007965402574,22.730772301917487,1.0,16.98333740234375,0.056481242179870605,0.2264954298734665,0.023660745471715927,-0.32460546493530273,0.10876526683568954,True,tiles\Indore\2023\Indore_r03_c06.tif,18.0,0.07,"POLYGON ((75.932465 22.719139, 75.932622 22.742262, 75.907692 22.742405, 75.90754 22.719282, 75.932465 22.719139))"
Indore_r03_c07,Indore,2023,3,7,2023-01-01,2023-03-31,32643,595760.0,2512730.0,598320.0,2515290.0,75.94500726462519,22.73062686550119,1.0,17.027618408203125,0.05402117967605591,0.5210310816764832,-0.1658812165260315,-0.42725691199302673,0.06780511140823364,True,tiles\Indore\2023\Indore_r03_c07.tif,18.0,0.07,"POLYGON ((75.957391 22.718991, 75.957552 22.742114, 75.932622 22.742262, 75.932465 22.719139, 75.957391 22.718991))"
Indore_r04_c00,Indore,2023,4,0,2023-01-01,2023-03-31,32643,577840.0,2510170.0,580400.0,2512730.0,75.77038049365996,22.70843896316384,1.0,16.594879150390625,0.07806229591369629,0.5595352649688721,-0.205614373087883,-0.4141156077384949,0.06192351505160332,True,tiles\Indore\2023\Indore_r04_c00.tif,18.0,0.07,"POLYGON ((75.782777 22.696816, 75.782909 22.719941, 75.757982 22.720061, 75.757855 22.696936, 75.782777 22.696816))"
Indore_r04_c01,Indore,2023,4,1,2023-01-01,2023-03-31,32643,580400.0,2510170.0,582960.0,2512730.0,75.79530504114895,22.708316985213358,1.0,16.003173828125,0.1109347939491272,0.46980947256088257,-0.13519325852394104,-0.3965097963809967,0.0717557966709137,True,tiles\Indore\2023\Indore_r04_c01.tif,18.0,0.07,"POLYGON ((75.807699 22.696693, 75.807835 22.719817, 75.782909 22.719941, 75.782777 22.696816, 75.807699 22.696693))"
Indore_r04_c02,Indore,2023,4,2,2023-01-01,2023-03-31,32643,582960.0,2510170.0,585520.0,2512730.0,75.82022941496218,22.708191124578295,1.0,15.9853515625,0.11192488670349121,0.255705863237381,0.010851414874196053,-0.3196113705635071,0.09599313884973526,True,tiles\Indore\2023\Indore_r04_c02.tif,18.0,0.07,"POLYGON ((75.832622 22.696565, 75.832761 22.719689, 75.807835 22.719817, 75.807699 22.696693, 75.832622 22.696565))"
Indore_r04_c03,Indore,2023,4,3,2023-01-01,2023-03-31,32643,585520.0,2510170.0,588080.0,2512730.0,75.84515360965881,22.708061381370573,1.0,16.541778564453125,0.0810123085975647,0.22740183770656586,0.026980191469192505,-0.31142717599868774,0.10117776691913605,True,tiles\Indore\2023\Indore_r04_c03.tif,18.0,0.07,"POLYGON ((75.857544 22.696433, 75.857688 22.719557, 75.832761 22.719689, 75.832622 22.696565, 75.857544 22.696433))"
Indore_r04_c04,Indore,2023,4,4,2023-01-01,2023-03-31,32643,588080.0,2510170.0,590640.0,2512730.0,75.87007761979815,22.70792775570557,1.0,16.96087646484375,0.05772906541824341,0.2337152361869812,0.020036358386278152,-0.31102481484413147,0.09790803492069244,True,tiles\Indore\2023\Indore_r04_c04.tif,18.0,0.07,"POLYGON ((75.882465 22.696298, 75.882614 22.719422, 75.857688 22.719557, 75.857544 22.696433, 75.882465 22.696298))"
Indore_r04_c05,Indore,2023,4,5,2023-01-01,2023-03-31,32643,590640.0,2510170.0,593200.0,2512730.0,75.89500143993988,22.707790247702082,1.0,16.983062744140625,0.056496500968933105,0.35172802209854126,-0.0382038839161396,-0.36855292320251465,0.08568016439676285,True,tiles\Indore\2023\Indore_r04_c05.tif,18.0,0.07,"POLYGON ((75.907387 22.696158, 75.90754 22.719282, 75.882614 22.719422, 75.882465 22.696298, 75.907387 22.696158))"
Indore_r04_c06,Indore,2023,4,6,2023-01-01,2023-03-31,32643,593200.0,2510170.0,595760.0,2512730.0,75.91992506464378,22.70764885748238,1.0,17.02655029296875,0.0540805459022522,0.28233546018600464,0.0010518189519643784,-0.3527296185493469,0.09808290004730225,True,tiles\Indore\2023\Indore_r04_c06.tif,18.0,0.07,"POLYGON ((75.932309 22.696015, 75.932465 22.719139, 75.90754 22.719282, 75.907387 22.696158, 75.932309 22.696015))"
Indore_r04_c07,Indore,2023,4,7,2023-01-01,2023-03-31,32643,595760.0,2510170.0,598320.0,2512730.0,75.94484848846994,22.707503585172187,1.0,16.914276123046875,0.0603179931640625,0.4520701766014099,-0.11120133101940155,-0.41774606704711914,0.07552400231361389,True,tiles\Indore\2023\Indore_r04_c07.tif,18.0,0.07,"POLYGON ((75.95723 22.695868, 75.957391 22.718991, 75.932465 22.719139, 75.932309 22.696015, 75.95723 22.695868))"
Indore_r05_c00,Indore,2023,5,0,2023-01-01,2023-03-31,32643,577840.0,2507610.0,580400.0,2510170.0,75.7702511961759,22.68531455867028,1.0,16.510284423828125,0.08276200294494629,0.4890393018722534,-0.1335265338420868,-0.41682761907577515,0.06665131449699402,True,tiles\Indore\2023\Indore_r05_c00.tif,18.0,0.07,"POLYGON ((75.782646 22.673692, 75.782777 22.696816, 75.757855 22.696936, 75.757727 22.673812, 75.782646 22.673692))"
Indore_r05_c01,Indore,2023,5,1,2023-01-01,2023-03-31,32643,580400.0,2507610.0,582960.0,2510170.0,75.79517156148927,22.68519271846826,1.0,16.27490234375,0.09583878517150879,0.42895251512527466,-0.07266019284725189,-0.4268175959587097,0.06917160749435425,True,tiles\Indore\2023\Indore_r05_c01.tif,18.0,0.07,"POLYGON ((75.807564 22.673568, 75.807699 22.696693, 75.782777 22.696816, 75.782646 22.673692, 75.807564 22.673568))"
Indore_r05_c02,Indore,2023,5,2,2023-01-01,2023-03-31,32643,582960.0,2507610.0,585520.0,2510170.0,75.82009175325702,22.685066999966104,1.0,16.29052734375,0.094970703125,0.20030832290649414,0.027487806975841522,-0.3041161894798279,0.1100582405924797,True,tiles\Indore\2023\Indore_r05_c02.tif,18.0,0.07,"POLYGON ((75.832482 22.673441, 75.832622 22.696565, 75.807699 22.696693, 75.807564 22.673568, 75.832482 22.673441))"
Indore_r05_c03,Indore,2023,5,3,2023-01-01,2023-03-31,32643,585520.0,2507610.0,588080.0,2510170.0,75.84501176604233,22.684937403275548,1.0,16.2607421875,0.0966254472732544,0.2843177318572998,-0.00815425906330347,-0.3352585732936859,0.09383660554885864,True,tiles\Indore\2023\Indore_r05_c03.tif,18.0,0.07,"POLYGON ((75.8574 22.673309, 75.857544 22.696433, 75.832622 22.696565, 75.832482 22.673441, 75.8574 22.673309))"
Indore_r05_c04,Indore,2023,5,4,2023-01-01,2023-03-31,32643,588080.0,2507610.0,590640.0,2510170.0,75.86993159440871,22.68480392851183,1.0,16.91949462890625,0.060028076171875,0.31220781803131104,-0.02496415749192238,-0.3361071050167084,0.08630101382732391,True,tiles\Indore\2023\Indore_r05_c04.tif,18.0,0.07,"POLYGON ((75.882317 22.673174, 75.882465 22.696298, 75.857544 22.696433, 75.8574 22.673309, 75.882317 22.673174))"
Indore_r05_c05,Indore,2023,5,5,2023-01-01,2023-03-31,32643,590640.0,2507610.0,593200.0,2510170.0,75.89485123291986,22.684666575793592,1.0,17.048919677734375,0.0528377890586853,0.22610817849636078,0.028596030548214912,-0.32133448123931885,0.10843341797590256,True,tiles\Indore\2023\Indore_r05_c05.tif,18.0,0.07,"POLYGON ((75.907235 22.673035, 75.907387 22.696158, 75.882465 22.696298, 75.882317 22.673174, 75.907235 22.673035))"
Indore_r05_c06,Indore,2023,5,6,2023-01-01,2023-03-31,32643,593200.0,2507610.0,595760.0,2510170.0,75.91977067613958,22.68452534524295,1.0,16.989532470703125,0.0561370849609375,0.2891595959663391,0.014117947779595852,-0.3749351501464844,0.09677737951278687,True,tiles\Indore\2023\Indore_r05_c06.tif,18.0,0.07,"POLYGON ((75.932152 22.672892, 75.932309 22.696015, 75.907387 22.696158, 75.907235 22.673035, 75.932152 22.672892))"
Indore_r05_c07,Indore,2023,5,7,2023-01-01,2023-03-31,32643,595760.0,2507610.0,598320.0,2510170.0,75.94468991863216,22.684380236985444,1.0,16.818603515625,0.06563311815261841,0.4942592680454254,-0.15066134929656982,-0.4139213562011719,0.07235182076692581,True,tiles\Indore\2023\Indore_r05_c07.tif,18.0,0.07,"POLYGON ((75.957069 22.672745, 75.95723 22.695868, 75.932309 22.696015, 75.932152 22.672892, 75.957069 22.672745))"
Indore_r06_c00,Indore,2023,6,0,2023-01-01,2023-03-31,32643,577840.0,2505050.0,580400.0,2507610.0,75.77012206680054,22.662190086716883,1.0,16.138336181640625,0.10342574119567871,0.46096813678741455,-0.13278818130493164,-0.3928724527359009,0.06527405232191086,True,tiles\Indore\2023\Indore_r06_c00.tif,18.0,0.07,"POLYGON ((75.782515 22.650568, 75.782646 22.673692, 75.757727 22.673812, 75.7576 22.650687, 75.782515 22.650568))"
Indore_r06_c01,Indore,2023,6,1,2023-01-01,2023-03-31,32643,580400.0,2505050.0,582960.0,2507610.0,75.79503825537523,22.662068384218532,1.0,16.1141357421875,0.1047702431678772,0.3572555184364319,-0.02320372499525547,-0.40438032150268555,0.07663355767726898,True,tiles\Indore\2023\Indore_r06_c01.tif,18.0,0.07,"POLYGON ((75.807429 22.650444, 75.807564 22.673568, 75.782646 22.673692, 75.782515 22.650568, 75.807429 22.650444))"
Indore_r06_c02,Indore,2023,6,2,2023-01-01,2023-03-31,32643,582960.0,2505050.0,585520.0,2507610.0,75.81995427053428,22.661942807803047,1.0,15.99188232421875,0.11156207323074341,0.36623114347457886,-0.06624610722064972,-0.36782771348953247,0.08572082966566086,True,tiles\Indore\2023\Indore_r06_c02.tif,18.0,0.07,"POLYGON ((75.832343 22.650317, 75.832482 22.673441, 75.807564 22.673568, 75.807429 22.650444, 75.832343 22.650317))"
Indore_r06_c03,Indore,2023,6,3,2023-01-01,2023-03-31,32643,585520.0,2505050.0,588080.0,2507610.0,75.84487010684491,22.661813357582027,1.0,16.1021728515625,0.1054348349571228,0.4204443693161011,-0.10148919373750687,-0.3718228340148926,0.08052712678909302,True,tiles\Indore\2023\Indore_r06_c03.tif,18.0,0.07,"POLYGON ((75.857256 22.650185, 75.8574 22.673309, 75.832482 22.673441, 75.832343 22.650317, 75.857256 22.650185))"
Indore_r06_c04,Indore,2023,6,4,2023-01-01,2023-03-31,32643,588080.0,2505050.0,590640.0,2507610.0,75.86978575887464,22.661680033670542,1.0,16.352783203125,0.09151202440261841,0.11552705615758896,-0.185124471783638,0.05037480592727661,0.06394252926111221,True,tiles\Indore\2023\Indore_r06_c04.tif,18.0,0.07,"POLYGON ((75.88217 22.65005, 75.882317 22.673174, 75.8574 22.673309, 75.857256 22.650185, 75.88217 22.65005))"
Indore_r06_c05,Indore,2023,6,5,2023-01-01,2023-03-31,32643,590640.0,2505050.0,593200.0,2507610.0,75.89470122119126,22.66154283618707,1.0,16.92071533203125,0.059960246086120605,0.4118162989616394,-0.13576805591583252,-0.32306063175201416,0.0706363394856453,True,tiles\Indore\2023\Indore_r06_c05.tif,18.0,0.07,"POLYGON ((75.907083 22.649911, 75.907235 22.673035, 75.882317 22.673174, 75.88217 22.65005, 75.907083 22.649911))"
Indore_r06_c06,Indore,2023,6,6,2023-01-01,2023-03-31,32643,593200.0,2505050.0,595760.0,2507610.0,75.91961648836268,22.66140176525357,1.0,16.950836181640625,0.05828690528869629,0.36306339502334595,-0.036146581172943115,-0.4141688942909241,0.0855364203453064,True,tiles\Indore\2023\Indore_r06_c06.tif,18.0,0.07,"POLYGON ((75.931996 22.649768, 75.932152 22.672892, 75.907235 22.673035, 75.907083 22.649911, 75.931996 22.649768))"
Indore_r06_c07,Indore,2023,6,7,2023-01-01,2023-03-31,32643,595760.0,2505050.0,598320.0,2507610.0,75.94453155495718,22.66125682099541,1.0,16.867095947265625,0.0629391074180603,0.4548107981681824,-0.12323108315467834,-0.4105905294418335,0.06961527466773987,True,tiles\Indore\2023\Indore_r06_c07.tif,18.0,0.07,"POLYGON ((75.956909 22.649621, 75.957069 22.672745, 75.932152 22.672892, 75.931996 22.649768, 75.956909 22.649621))"
Indore_r07_c00,Indore,2023,7,0,2023-01-01,2023-03-31,32643,577840.0,2502490.0,580400.0,2505050.0,75.76999310540796,22.639065547357607,1.0,16.148406982421875,0.1028662919998169,0.5545756816864014,-0.1961662471294403,-0.4023771286010742,0.0555763803422451,True,tiles\Indore\2023\Indore_r07_c00.tif,18.0,0.07,"POLYGON ((75.782384 22.627443, 75.782515 22.650568, 75.7576 22.650687, 75.757474 22.627563, 75.782384 22.627443))"
Indore_r07_c01,Indore,2023,7,1,2023-01-01,2023-03-31,32643,580400.0,2502490.0,582960.0,2505050.0,75.79490512267698,22.638943982518217,1.0,15.5899658203125,0.1338908076286316,0.31877073645591736,-0.043952975422143936,-0.35336562991142273,0.0908694714307785,True,tiles\Indore\2023\Indore_r07_c01.tif,18.0,0.07,"POLYGON ((75.807294 22.62732, 75.807429 22.650444, 75.782515 22.650568, 75.782384 22.627443, 75.807294 22.62732))"
Indore_r07_c02,Indore,2023,7,2,2023-01-01,2023-03-31,32643,582960.0,2502490.0,585520.0,2505050.0,75.81981696665999,22.638818548143266,1.0,15.49676513671875,0.139068603515625,0.34589335322380066,-0.06277672946453094,-0.348580002784729,0.0871998518705368,True,tiles\Indore\2023\Indore_r07_c02.tif,18.0,0.07,"POLYGON ((75.832203 22.627192, 75.832343 22.650317, 75.807429 22.650444, 75.807294 22.62732, 75.832203 22.627192))"
Indore_r07_c03,Indore,2023,7,3,2023-01-01,2023-03-31,32643,585520.0,2502490.0,588080.0,2505050.0,75.84472863192839,22.638689244344203,1.0,15.991058349609375,0.11160784959793091,0.3020721673965454,-0.024646328762173653,-0.36791253089904785,0.09330164641141891,True,tiles\Indore\2023\Indore_r07_c03.tif,18.0,0.07,"POLYGON ((75.857113 22.627061, 75.857256 22.650185, 75.832343 22.650317, 75.832203 22.627192, 75.857113 22.627061))"
Indore_r07_c04,Indore,2023,7,4,2023-01-01,2023-03-31,32643,588080.0,2502490.0,590640.0,2505050.0,75.86964011305375,22.638556071235953,1.0,15.796661376953125,0.12240767478942871,0.46030300855636597,-0.1876654326915741,-0.3162916898727417,0.06099133566021919,True,tiles\Indore\2023\Indore_r07_c04.tif,18.0,0.07,"POLYGON ((75.882022 22.626926, 75.88217 22.65005, 75.857256 22.650185, 75.857113 22.627061, 75.882022 22.626926))"
Indore_r07_c05,Indore,2023,7,5,2023-01-01,2023-03-31,32643,590640.0,2502490.0,593200.0,2505050.0,75.89455140460782,22.63841902893683,1.0,16.42633056640625,0.0874260663986206,0.4373716115951538,-0.1051635891199112,-0.39425128698349,0.07428574562072754,True,tiles\Indore\2023\Indore_r07_c05.tif,18.0,0.07,"POLYGON ((75.906931 22.626787, 75.907083 22.649911, 75.88217 22.65005, 75.882022 22.626926, 75.906931 22.626787))"
Indore_r07_c06,Indore,2023,7,6,2023-01-01,2023-03-31,32643,593200.0,2502490.0,595760.0,2505050.0,75.91946250116273,22.638278117568632,1.0,16.605377197265625,0.07747906446456909,0.47413936257362366,-0.1062004417181015,-0.44958335161209106,0.06753064692020416,True,tiles\Indore\2023\Indore_r07_c06.tif,18.0,0.07,"POLYGON ((75.93184 22.626645, 75.931996 22.649768, 75.907083 22.649911, 75.906931 22.626787, 75.93184 22.626645))"
Indore_r07_c07,Indore,2023,7,7,2023-01-01,2023-03-31,32643,595760.0,2502490.0,598320.0,2505050.0,75.9443733972907,22.63813333725657,1.0,16.395751953125,0.08912491798400879,0.4734798073768616,-0.14785274863243103,-0.4113695025444031,0.06584541499614716,True,tiles\Indore\2023\Indore_r07_c07.tif,18.0,0.07,"POLYGON ((75.956749 22.626498, 75.956909 22.649621, 75.931996 22.649768, 75.93184 22.626645, 75.956749 22.626498))"
Indore_r00_c00,Indore,2024,0,0,2024-01-01,2024-03-31,32643,577840.0,2520410.0,580400.0,2522970.0,75.77089936720726,22.800935905461426,1.0,12.7506103515625,0.14995932579040527,0.56258225440979,-0.2296883463859558,-0.3716643750667572,0.0697842463850975,True,tiles\Indore\2024\Indore_r00_c00.tif,16.0,0.675,"POLYGON ((75.783304 22.789313, 75.783436 22.812437, 75.758493 22.812558, 75.758365 22.789434, 75.783304 22.789313))"
Indore_r00_c01,Indore,2024,0,1,2024-01-01,2024-03-31,32643,580400.0,2520410.0,582960.0,2522970.0,75.79584069785055,22.800813376067843,1.0,12.96820068359375,0.13545328378677368,0.5735875964164734,-0.23322708904743195,-0.36833134293556213,0.06734202057123184,True,tiles\Indore\2024\Indore_r00_c01.tif,16.0,0.675,"POLYGON ((75.808243 22.789189, 75.80838 22.812313, 75.783436 22.812437, 75.783304 22.789313, 75.808243 22.789189))"
Indore_r00_c02,Indore,2024,0,2,2024-01-01,2024-03-31,32643,582960.0,2520410.0,585520.0,2522970.0,75.82078185429528,22.800686946437697,1.0,12.73492431640625,0.15100502967834473,0.47149747610092163,-0.15220391750335693,-0.3652840852737427,0.08034056425094604,True,tiles\Indore\2024\Indore_r00_c02.tif,16.0,0.675,"POLYGON ((75.833182 22.789061, 75.833323 22.812184, 75.80838 22.812313, 75.808243 22.789189, 75.833182 22.789061))"
Indore_r00_c03,Indore,2024,0,3,2024-01-01,2024-03-31,32643,585520.0,2520410.0,588080.0,2522970.0,75.8457228310842,22.800556616683494,1.0,12.45672607421875,0.16955161094665527,0.3343558609485626,-0.03696258366107941,-0.3485572338104248,0.09604810178279877,True,tiles\Indore\2024\Indore_r00_c03.tif,16.0,0.675,"POLYGON ((75.858121 22.788928, 75.858266 22.812052, 75.833323 22.812184, 75.833182 22.789061, 75.858121 22.788928))"
Indore_r00_c04,Indore,2024,0,4,2024-01-01,2024-03-31,32643,588080.0,2520410.0,590640.0,2522970.0,75.87066362276032,22.800422386921223,1.0,12.779296875,0.1480468511581421,0.402199923992157,-0.10982546210289001,-0.34741654992103577,0.0888790711760521,True,tiles\Indore\2024\Indore_r00_c04.tif,16.0,0.675,"POLYGON ((75.883059 22.788792, 75.883208 22.811916, 75.858266 22.812052, 75.858121 22.788928, 75.883059 22.788792))"
Indore_r00_c05,Indore,2024,0,5,2024-01-01,2024-03-31,32643,590640.0,2520410.0,593200.0,2522970.0,75.89560422386687,22.800284257270338,1.0,13.60693359375,0.09287106990814209,0.4140368700027466,-0.12084804475307465,-0.3342283070087433,0.0878998190164566,True,tiles\Indore\2024\Indore_r00_c05.tif,16.0,0.675,"POLYGON ((75.907998 22.788652, 75.908151 22.811776, 75.883208 22.811916, 75.883059 22.788792, 75.907998 22.788652))"
Indore_r00_c06,Indore,2024,0,6,2024-01-01,2024-03-31,32643,593200.0,2520410.0,595760.0,2522970.0,75.92054462894731,22.80014222785375,1.0,12.96435546875,0.13570964336395264,0.37848174571990967,-0.08322212100028992,-0.3323424160480499,0.08960461616516113,True,tiles\Indore\2024\Indore_r00_c06.tif,16.0,0.675,"POLYGON ((75.932936 22.788508, 75.933093 22.811631, 75.908151 22.811776, 75.907998 22.788652, 75.932936 22.788508))"
Indore_r00_c07,Indore,2024,0,7,2024-01-01,2024-03-31,32643,595760.0,2520410.0,598320.0,2522970.0,75.94548483254542,22.79999629879787,1.0,13.23175048828125,0.11788332462310791,0.4872210919857025,-0.14446987211704254,-0.3834909498691559,0.07874839007854462,True,tiles\Indore\2024\Indore_r00_c07.tif,16.0,0.675,"POLYGON ((75.957874 22.788361, 75.958036 22.811484, 75.933093 22.811631, 75.932936 22.788508, 75.957874 22.788361))"
Indore_r01_c00,Indore,2024,1,0,2024-01-01,2024-03-31,32643,577840.0,2517850.0,580400.0,2520410.0,75.77076939602576,22.77781177134623,1.0,12.966217041015625,0.13558554649353027,0.5049341917037964,-0.21012963354587555,-0.36086204648017883,0.07591898739337921,True,tiles\Indore\2024\Indore_r01_c00.tif,16.0,0.675,"POLYGON ((75.783172 22.766189, 75.783304 22.789313, 75.758365 22.789434, 75.758237 22.76631, 75.783172 22.766189))"
Indore_r01_c01,Indore,2024,1,1,2024-01-01,2024-03-31,32643,580400.0,2517850.0,582960.0,2520410.0,75.79570652270453,22.777689379880943,1.0,12.974517822265625,0.13503211736679077,0.5033701658248901,-0.16173633933067322,-0.379663348197937,0.07808122038841248,True,tiles\Indore\2024\Indore_r01_c01.tif,16.0,0.675,"POLYGON ((75.808107 22.766065, 75.808243 22.789189, 75.783304 22.789313, 75.783172 22.766189, 75.808107 22.766065))"
Indore_r01_c02,Indore,2024,1,2,2024-01-01,2024-03-31,32643,582960.0,2517850.0,585520.0,2520410.0,75.82064347531578,22.777563092569235,1.0,12.476226806640625,0.16825157403945923,0.42551058530807495,-0.13915705680847168,-0.3298681974411011,0.08398937433958054,True,tiles\Indore\2024\Indore_r01_c02.tif,16.0,0.675,"POLYGON ((75.833042 22.765937, 75.833182 22.789061, 75.808243 22.789189, 75.808107 22.766065, 75.833042 22.765937))"
Indore_r01_c03,Indore,2024,1,3,2024-01-01,2024-03-31,32643,585520.0,2517850.0,588080.0,2520410.0,75.84558024840638,22.777432909523466,1.0,12.754730224609375,0.14968466758728027,0.25996553897857666,0.005216749384999275,-0.310752272605896,0.10741718113422394,True,tiles\Indore\2024\Indore_r01_c03.tif,16.0,0.675,"POLYGON ((75.857976 22.765805, 75.858121 22.788928, 75.833182 22.789061, 75.833042 22.765937, 75.857976 22.765805))"
Indore_r01_c04,Indore,2024,1,4,2024-01-01,2024-03-31,32643,588080.0,2517850.0,590640.0,2520410.0,75.87051683652341,22.777298830859465,1.0,13.639068603515625,0.090728759765625,0.3533729314804077,-0.06385532766580582,-0.33804723620414734,0.09206798672676086,True,tiles\Indore\2024\Indore_r01_c04.tif,16.0,0.675,"POLYGON ((75.882911 22.765669, 75.883059 22.788792, 75.858121 22.788928, 75.857976 22.765805, 75.882911 22.765669))"
Indore_r01_c05,Indore,2024,1,5,2024-01-01,2024-03-31,32643,590640.0,2517850.0,593200.0,2520410.0,75.89545323421417,22.777160856696533,1.0,13.79248046875,0.08050131797790527,0.26492592692375183,0.01363467425107956,-0.3229946792125702,0.10587997734546661,True,tiles\Indore\2024\Indore_r01_c05.tif,16.0,0.675,"POLYGON ((75.907845 22.765529, 75.907998 22.788652, 75.883059 22.788792, 75.882911 22.765669, 75.907845 22.765529))"
Indore_r01_c06,Indore,2024,1,6,2024-01-01,2024-03-31,32643,593200.0,2517850.0,595760.0,2520410.0,75.92038943602633,22.77701898715743,1.0,12.993316650390625,0.1337788701057434,0.3770309388637543,-0.0470038577914238,-0.36353206634521484,0.09448953717947006,True,tiles\Indore\2024\Indore_r01_c06.tif,16.0,0.675,"POLYGON ((75.932779 22.765385, 75.932936 22.788508, 75.907998 22.788652, 75.907845 22.765529, 75.932779 22.765385))"
Indore_r01_c07,Indore,2024,1,7,2024-01-01,2024-03-31,32643,595760.0,2517850.0,598320.0,2520410.0,75.94532543650766,22.776873222368376,1.0,13.011077880859375,0.13259482383728027,0.4092962145805359,-0.08615146577358246,-0.362897127866745,0.0904327780008316,True,tiles\Indore\2024\Indore_r01_c07.tif,16.0,0.675,"POLYGON ((75.957713 22.765238, 75.957874 22.788361, 75.932936 22.788508, 75.932779 22.765385, 75.957713 22.765238))"
Indore_r02_c00,Indore,2024,2,0,2024-01-01,2024-03-31,32643,577840.0,2515290.0,580400.0,2517850.0,75.77063959345845,22.754687569555692,1.0,13.232208251953125,0.11785280704498291,0.35419249534606934,-0.08049698173999786,-0.3537817597389221,0.09197106957435608,True,tiles\Indore\2024\Indore_r02_c00.tif,16.0,0.675,"POLYGON ((75.78304 22.743065, 75.783172 22.766189, 75.758237 22.76631, 75.758109 22.743185, 75.78304 22.743065))"
Indore_r02_c01,Indore,2024,2,1,2024-01-01,2024-03-31,32643,580400.0,2515290.0,582960.0,2517850.0,75.79557252162608,22.754565315973636,1.0,12.9495849609375,0.1366943120956421,0.4010868966579437,-0.0988585501909256,-0.35056740045547485,0.09064792096614838,True,tiles\Indore\2024\Indore_r02_c01.tif,16.0,0.675,"POLYGON ((75.807971 22.742941, 75.808107 22.766065, 75.783172 22.766189, 75.78304 22.743065, 75.807971 22.742941))"
Indore_r02_c02,Indore,2024,2,2,2024-01-01,2024-03-31,32643,582960.0,2515290.0,585520.0,2517850.0,75.820505275857,22.75443917093387,1.0,13.002166748046875,0.1331889033317566,0.38090336322784424,-0.06613890826702118,-0.3535708785057068,0.09236040711402893,True,tiles\Indore\2024\Indore_r02_c02.tif,16.0,0.675,"POLYGON ((75.832902 22.742813, 75.833042 22.765937, 75.808107 22.766065, 75.807971 22.742941, 75.832902 22.742813))"
Indore_r02_c03,Indore,2024,2,3,2024-01-01,2024-03-31,32643,585520.0,2515290.0,588080.0,2517850.0,75.84543785070217,22.754309134548617,1.0,13.016632080078125,0.13222450017929077,0.23188897967338562,0.025311727076768875,-0.3056344985961914,0.11010932922363281,True,tiles\Indore\2024\Indore_r02_c03.tif,16.0,0.675,"POLYGON ((75.857832 22.742681, 75.857976 22.765805, 75.833042 22.765937, 75.832902 22.742813, 75.857832 22.742681))"
Indore_r02_c04,Indore,2024,2,4,2024-01-01,2024-03-31,32643,588080.0,2515290.0,590640.0,2517850.0,75.87037024071276,22.754175206933535,1.0,13.47064208984375,0.10195720195770264,0.22709685564041138,0.011497251689434052,-0.27846571803092957,0.1116703450679779,True,tiles\Indore\2024\Indore_r02_c04.tif,16.0,0.675,"POLYGON ((75.882762 22.742545, 75.882911 22.765669, 75.857976 22.765805, 75.857832 22.742681, 75.882762 22.742545))"
Indore_r02_c05,Indore,2024,2,5,2024-01-01,2024-03-31,32643,590640.0,2515290.0,593200.0,2517850.0,75.89530244044022,22.754037388207784,1.0,13.375579833984375,0.10829466581344604,0.23024094104766846,0.00445060059428215,-0.2756560742855072,0.10958591848611832,True,tiles\Indore\2024\Indore_r02_c05.tif,16.0,0.675,"POLYGON ((75.907692 22.742405, 75.907845 22.765529, 75.882911 22.765669, 75.882762 22.742545, 75.907692 22.742405))"
Indore_r02_c06,Indore,2024,2,6,2024-01-01,2024-03-31,32643,593200.0,2515290.0,595760.0,2517850.0,75.92023444443625,22.75389567849393,1.0,13.0086669921875,0.13275551795959473,0.28545814752578735,0.0004641660489141941,-0.3271259367465973,0.10665984451770782,True,tiles\Indore\2024\Indore_r02_c06.tif,16.0,0.675,"POLYGON ((75.932622 22.742262, 75.932779 22.765385, 75.907845 22.765529, 75.907692 22.742405, 75.932622 22.742262))"
Indore_r02_c07,Indore,2024,2,7,2024-01-01,2024-03-31,32643,595760.0,2515290.0,598320.0,2517850.0,75.94516624725273,22.753750077918035,1.0,12.997283935546875,0.133514404296875,0.43879061937332153,-0.10710275173187256,-0.363727867603302,0.08573184907436371,True,tiles\Indore\2024\Indore_r02_c07.tif,16.0,0.675,"POLYGON ((75.957552 22.742114, 75.957713 22.765238, 75.932779 22.765385, 75.932622 22.742262, 75.957552 22.742114))"
Indore_r03_c00,Indore,2024,3,0,2024-01-01,2024-03-31,32643,577840.0,2512730.0,580400.0,2515290.0,75.77050995937869,22.731563300143605,1.0,12.515533447265625,0.16563111543655396,0.4028571546077728,-0.10626223683357239,-0.35369572043418884,0.09020419418811798,True,tiles\Indore\2024\Indore_r03_c00.tif,16.0,0.675,"POLYGON ((75.782909 22.719941, 75.78304 22.743065, 75.758109 22.743185, 75.757982 22.720061, 75.782909 22.719941))"
Indore_r03_c01,Indore,2024,3,1,2024-01-01,2024-03-31,32643,580400.0,2512730.0,582960.0,2515290.0,75.79543869448443,22.731441184399802,1.0,12.7149658203125,0.15233558416366577,0.2596585154533386,0.02802550233900547,-0.3525688350200653,0.10420214384794235,True,tiles\Indore\2024\Indore_r03_c01.tif,16.0,0.675,"POLYGON ((75.807835 22.719817, 75.807971 22.742941, 75.78304 22.743065, 75.782909 22.719941, 75.807835 22.719817))"
Indore_r03_c02,Indore,2024,3,2,2024-01-01,2024-03-31,32643,582960.0,2512730.0,585520.0,2515290.0,75.82036725578403,22.731315181585565,1.0,12.65972900390625,0.15601807832717896,0.23594486713409424,0.027408359572291374,-0.31155723333358765,0.11365677416324615,True,tiles\Indore\2024\Indore_r03_c02.tif,16.0,0.675,"POLYGON ((75.832761 22.719689, 75.832902 22.742813, 75.807971 22.742941, 75.807835 22.719817, 75.832761 22.719689))"
Indore_r03_c03,Indore,2024,3,3,2024-01-01,2024-03-31,32643,585520.0,2512730.0,588080.0,2515290.0,75.84529563783258,22.731185291812963,1.0,12.970123291015625,0.1353251338005066,0.2598145008087158,0.011608794331550598,-0.3119758367538452,0.10549658536911011,True,tiles\Indore\2024\Indore_r03_c03.tif,16.0,0.675,"POLYGON ((75.857688 22.719557, 75.857832 22.742681, 75.832902 22.742813, 75.832761 22.719689, 75.857688 22.719557))"
Indore_r03_c04,Indore,2024,3,4,2024-01-01,2024-03-31,32643,588080.0,2512730.0,590640.0,2515290.0,75.8702238351853,22.731051515197525,1.0,13.360687255859375,0.10928750038146973,0.29950398206710815,-0.013524974696338177,-0.3206530809402466,0.09404473006725311,True,tiles\Indore\2024\Indore_r03_c04.tif,16.0,0.675,"POLYGON ((75.882614 22.719422, 75.882762 22.742545, 75.857832 22.742681, 75.857688 22.719557, 75.882614 22.719422))"
Indore_r03_c05,Indore,2024,3,5,2024-01-01,2024-03-31,32643,590640.0,2512730.0,593200.0,2515290.0,75.89515184239778,22.730913851858222,1.0,13.018280029296875,0.13211464881896973,0.24484433233737946,0.0019364850595593452,-0.28569936752319336,0.1066768616437912,True,tiles\Indore\2024\Indore_r03_c05.tif,16.0,0.675,"POLYGON ((75.90754 22.719282, 75.907692 22.742405, 75.882762 22.742545, 75.882614 22.719422, 75.90754 22.719282))"
Indore_r03_c06,Indore,2024,3,6,2024-01-01,2024-03-31,32643,593200.0,2512730.0,595760.0,2515290.0,75.92007965402574,22.730772301917487,1.0,12.87506103515625,0.14166259765625,0.22048941254615784,0.0369478240609169,-0.31208616495132446,0.1140139102935791,True,tiles\Indore\2024\Indore_r03_c06.tif,16.0,0.675,"POLYGON ((75.932465 22.719139, 75.932622 22.742262, 75.907692 22.742405, 75.90754 22.719282, 75.932465 22.719139))"
Indore_r03_c07,Indore,2024,3,7,2024-01-01,2024-03-31,32643,595760.0,2512730.0,598320.0,2515290.0,75.94500726462519,22.73062686550119,1.0,13.03668212890625,0.13088786602020264,0.4666375517845154,-0.1280163824558258,-0.3732755780220032,0.07922853529453278,True,tiles\Indore\2024\Indore_r03_c07.tif,16.0,0.675,"POLYGON ((75.957391 22.718991, 75.957552 22.742114, 75.932622 22.742262, 75.932465 22.719139, 75.957391 22.718991))"
Indore_r04_c00,Indore,2024,4,0,2024-01-01,2024-03-31,32643,577840.0,2510170.0,580400.0,2512730.0,75.77038049365996,22.70843896316384,1.0,12.925018310546875,0.13833212852478027,0.42709165811538696,-0.13337713479995728,-0.36549678444862366,0.08454672247171402,True,tiles\Indore\2024\Indore_r04_c00.tif,16.0,0.675,"POLYGON ((75.782777 22.696816, 75.782909 22.719941, 75.757982 22.720061, 75.757855 22.696936, 75.782777 22.696816))"
Indore_r04_c01,Indore,2024,4,1,2024-01-01,2024-03-31,32643,580400.0,2510170.0,582960.0,2512730.0,75.79530504114895,22.708316985213358,1.0,11.995941162109375,0.20027059316635132,0.37927675247192383,-0.07863287627696991,-0.36064860224723816,0.08938385546207428,True,tiles\Indore\2024\Indore_r04_c01.tif,16.0,0.675,"POLYGON ((75.807699 22.696693, 75.807835 22.719817, 75.782909 22.719941, 75.782777 22.696816, 75.807699 22.696693))"
Indore_r04_c02,Indore,2024,4,2,2024-01-01,2024-03-31,32643,582960.0,2510170.0,585520.0,2512730.0,75.82022941496218,22.708191124578295,1.0,12.7021484375,0.15319007635116577,0.21837426722049713,0.0212494358420372,-0.26428741216659546,0.10259948670864105,True,tiles\Indore\2024\Indore_r04_c02.tif,16.0,0.675,"POLYGON ((75.832622 22.696565, 75.832761 22.719689, 75.807835 22.719817, 75.807699 22.696693, 75.832622 22.696565))"
Indore_r04_c03,Indore,2024,4,3,2024-01-01,2024-03-31,32643,585520.0,2510170.0,588080.0,2512730.0,75.84515360965881,22.708061381370573,1.0,14.06329345703125,0.06244713068008423,0.22748702764511108,0.02522376924753189,-0.29534226655960083,0.10935226827859879,True,tiles\Indore\2024\Indore_r04_c03.tif,16.0,0.675,"POLYGON ((75.857544 22.696433, 75.857688 22.719557, 75.832761 22.719689, 75.832622 22.696565, 75.857544 22.696433))"
Indore_r04_c04,Indore,2024,4,4,2024-01-01,2024-03-31,32643,588080.0,2510170.0,590640.0,2512730.0,75.87007761979815,22.70792775570557,1.0,13.524261474609375,0.09838259220123291,0.2385353446006775,0.018346011638641357,-0.29742711782455444,0.10390651226043701,True,tiles\Indore\2024\Indore_r04_c04.tif,16.0,0.675,"POLYGON ((75.882465 22.696298, 75.882614 22.719422, 75.857688 22.719557, 75.857544 22.696433, 75.882465 22.696298))"
Indore_r04_c05,Indore,2024,4,5,2024-01-01,2024-03-31,32643,590640.0,2510170.0,593200.0,2512730.0,75.89500143993988,22.707790247702082,1.0,12.9598388671875,0.1360107660293579,0.354011595249176,-0.04222874343395233,-0.34971651434898376,0.09124098718166351,True,tiles\Indore\2024\Indore_r04_c05.tif,16.0,0.675,"POLYGON ((75.907387 22.696158, 75.90754 22.719282, 75.882614 22.719422, 75.882465 22.696298, 75.907387 22.696158))"
Indore_r04_c06,Indore,2024,4,6,2024-01-01,2024-03-31,32643,593200.0,2510170.0,595760.0,2512730.0,75.91992506464378,22.70764885748238,1.0,12.94146728515625,0.13723552227020264,0.2796649932861328,0.0034798048436641693,-0.33620041608810425,0.10245704650878906,True,tiles\Indore\2024\Indore_r04_c06.tif,16.0,0.675,"POLYGON ((75.932309 22.696015, 75.932465 22.719139, 75.90754 22.719282, 75.907387 22.696158, 75.932309 22.696015))"
Indore_r04_c07,Indore,2024,4,7,2024-01-01,2024-03-31,32643,595760.0,2510170.0,598320.0,2512730.0,75.94484848846994,22.707503585172187,1.0,13.035125732421875,0.1309916377067566,0.3904400169849396,-0.06401315331459045,-0.3816203474998474,0.08433797210454941,True,tiles\Indore\2024\Indore_r04_c07.tif,16.0,0.675,"POLYGON ((75.95723 22.695868, 75.957391 22.718991, 75.932465 22.719139, 75.932309 22.696015, 75.95723 22.695868))"
Indore_r05_c00,Indore,2024,5,0,2024-01-01,2024-03-31,32643,577840.0,2507610.0,580400.0,2510170.0,75.7702511961759,22.68531455867028,1.0,12.38623046875,0.17425131797790527,0.39945971965789795,-0.08090276271104813,-0.3834100365638733,0.08207240700721741,True,tiles\Indore\2024\Indore_r05_c00.tif,16.0,0.675,"POLYGON ((75.782646 22.673692, 75.782777 22.696816, 75.757855 22.696936, 75.757727 22.673812, 75.782646 22.673692))"
Indore_r05_c01,Indore,2024,5,1,2024-01-01,2024-03-31,32643,580400.0,2507610.0,582960.0,2510170.0,75.79517156148927,22.68519271846826,1.0,12.520355224609375,0.16530966758728027,0.3647535443305969,-0.015899624675512314,-0.4037552773952484,0.0811699628829956,True,tiles\Indore\2024\Indore_r05_c01.tif,16.0,0.675,"POLYGON ((75.807564 22.673568, 75.807699 22.696693, 75.782777 22.696816, 75.782646 22.673692, 75.807564 22.673568))"
Indore_r05_c02,Indore,2024,5,2,2024-01-01,2024-03-31,32643,582960.0,2507610.0,585520.0,2510170.0,75.82009175325702,22.685066999966104,1.0,12.21063232421875,0.18595784902572632,0.19559602439403534,0.034695617854595184,-0.28986990451812744,0.11741557717323303,True,tiles\Indore\2024\Indore_r05_c02.tif,16.0,0.675,"POLYGON ((75.832482 22.673441, 75.832622 22.696565, 75.807699 22.696693, 75.807564 22.673568, 75.832482 22.673441))"
Indore_r05_c03,Indore,2024,5,3,2024-01-01,2024-03-31,32643,585520.0,2507610.0,588080.0,2510170.0,75.84501176604233,22.684937403275548,1.0,14.603179931640625,0.026454687118530273,0.29955288767814636,-0.020210949704051018,-0.32135629653930664,0.09919789433479309,True,tiles\Indore\2024\Indore_r05_c03.tif,16.0,0.675,"POLYGON ((75.8574 22.673309, 75.857544 22.696433, 75.832622 22.696565, 75.832482 22.673441, 75.8574 22.673309))"
Indore_r05_c04,Indore,2024,5,4,2024-01-01,2024-03-31,32643,588080.0,2507610.0,590640.0,2510170.0,75.86993159440871,22.68480392851183,1.0,14.202392578125,0.053173840045928955,0.31070131063461304,-0.02274836227297783,-0.32270383834838867,0.09351795166730881,True,tiles\Indore\2024\Indore_r05_c04.tif,16.0,0.675,"POLYGON ((75.882317 22.673174, 75.882465 22.696298, 75.857544 22.696433, 75.8574 22.673309, 75.882317 22.673174))"
Indore_r05_c05,Indore,2024,5,5,2024-01-01,2024-03-31,32643,590640.0,2507610.0,593200.0,2510170.0,75.89485123291986,22.684666575793592,1.0,13.022552490234375,0.1318298578262329,0.22548076510429382,0.03743917495012283,-0.31363725662231445,0.11205919086933136,True,tiles\Indore\2024\Indore_r05_c05.tif,16.0,0.675,"POLYGON ((75.907235 22.673035, 75.907387 22.696158, 75.882465 22.696298, 75.882317 22.673174, 75.907235 22.673035))"
Indore_r05_c06,Indore,2024,5,6,2024-01-01,2024-03-31,32643,593200.0,2507610.0,595760.0,2510170.0,75.91977067613958,22.68452534524295,1.0,12.212890625,0.18580728769302368,0.26781874895095825,0.0331326499581337,-0.3592853248119354,0.10326140373945236,True,tiles\Indore\2024\Indore_r05_c06.tif,16.0,0.675,"POLYGON ((75.932152 22.672892, 75.932309 22.696015, 75.907387 22.696158, 75.907235 22.673035, 75.932152 22.672892))"
Indore_r05_c07,Indore,2024,5,7,2024-01-01,2024-03-31,32643,595760.0,2507610.0,598320.0,2510170.0,75.94468991863216,22.684380236985444,1.0,12.372528076171875,0.1751648187637329,0.4023890197277069,-0.07954250276088715,-0.37889814376831055,0.0857585147023201,True,tiles\Indore\2024\Indore_r05_c07.tif,16.0,0.675,"POLYGON ((75.957069 22.672745, 75.95723 22.695868, 75.932309 22.696015, 75.932152 22.672892, 75.957069 22.672745))"
Indore_r06_c00,Indore,2024,6,0,2024-01-01,2024-03-31,32643,577840.0,2505050.0,580400.0,2507610.0,75.77012206680054,22.662190086716883,1.0,11.950225830078125,0.2033182978630066,0.38984960317611694,-0.08713231980800629,-0.36430060863494873,0.07951588928699493,True,tiles\Indore\2024\Indore_r06_c00.tif,16.0,0.675,"POLYGON ((75.782515 22.650568, 75.782646 22.673692, 75.757727 22.673812, 75.7576 22.650687, 75.782515 22.650568))"
Indore_r06_c01,Indore,2024,6,1,2024-01-01,2024-03-31,32643,580400.0,2505050.0,582960.0,2507610.0,75.79503825537523,22.662068384218532,1.0,13.028778076171875,0.1314147710800171,0.3329352140426636,0.0022833803668618202,-0.3828606605529785,0.08416205644607544,True,tiles\Indore\2024\Indore_r06_c01.tif,16.0,0.675,"POLYGON ((75.807429 22.650444, 75.807564 22.673568, 75.782646 22.673692, 75.782515 22.650568, 75.807429 22.650444))"
Indore_r06_c02,Indore,2024,6,2,2024-01-01,2024-03-31,32643,582960.0,2505050.0,585520.0,2507610.0,75.81995427053428,22.661942807803047,1.0,13.43707275390625,0.10419517755508423,0.3429660499095917,-0.04043780267238617,-0.355188250541687,0.09339995682239532,True,tiles\Indore\2024\Indore_r06_c02.tif,16.0,0.675,"POLYGON ((75.832343 22.650317, 75.832482 22.673441, 75.807564 22.673568, 75.807429 22.650444, 75.832343 22.650317))"
Indore_r06_c03,Indore,2024,6,3,2024-01-01,2024-03-31,32643,585520.0,2505050.0,588080.0,2507610.0,75.84487010684491,22.661813357582027,1.0,14.22265625,0.05182290077209473,0.4026428461074829,-0.0821954607963562,-0.3583790957927704,0.08441197127103806,True,tiles\Indore\2024\Indore_r06_c03.tif,16.0,0.675,"POLYGON ((75.857256 22.650185, 75.8574 22.673309, 75.832482 22.673441, 75.832343 22.650317, 75.857256 22.650185))"
Indore_r06_c04,Indore,2024,6,4,2024-01-01,2024-03-31,32643,588080.0,2505050.0,590640.0,2507610.0,75.86978575887464,22.661680033670542,1.0,13.934112548828125,0.07105916738510132,0.15202271938323975,-0.11932890117168427,0.0017931461334228516,0.06593799591064453,True,tiles\Indore\2024\Indore_r06_c04.tif,16.0,0.675,"POLYGON ((75.88217 22.65005, 75.882317 22.673174, 75.8574 22.673309, 75.857256 22.650185, 75.88217 22.65005))"
Indore_r06_c05,Indore,2024,6,5,2024-01-01,2024-03-31,32643,590640.0,2505050.0,593200.0,2507610.0,75.89470122119126,22.66154283618707,1.0,13.52703857421875,0.09819740056991577,0.3746832013130188,-0.10069243609905243,-0.30046209692955017,0.07978969812393188,True,tiles\Indore\2024\Indore_r06_c05.tif,16.0,0.675,"POLYGON ((75.907083 22.649911, 75.907235 22.673035, 75.882317 22.673174, 75.88217 22.65005, 75.907083 22.649911))"
Indore_r06_c06,Indore,2024,6,6,2024-01-01,2024-03-31,32643,593200.0,2505050.0,595760.0,2507610.0,75.91961648836268,22.66140176525357,1.0,12.590850830078125,0.16060996055603027,0.32614341378211975,0.012154947966337204,-0.40074610710144043,0.09270008653402328,True,tiles\Indore\2024\Indore_r06_c06.tif,16.0,0.675,"POLYGON ((75.931996 22.649768, 75.932152 22.672892, 75.907235 22.673035, 75.907083 22.649911, 75.931996 22.649768))"
Indore_r06_c07,Indore,2024,6,7,2024-01-01,2024-03-31,32643,595760.0,2505050.0,598320.0,2507610.0,75.94453155495718,22.66125682099541,1.0,12.31396484375,0.17906898260116577,0.37540167570114136,-0.05705466866493225,-0.3860284090042114,0.08306652307510376,True,tiles\Indore\2024\Indore_r06_c07.tif,16.0,0.675,"POLYGON ((75.956909 22.649621, 75.957069 22.672745, 75.932152 22.672892, 75.931996 22.649768, 75.956909 22.649621))"
Indore_r07_c00,Indore,2024,7,0,2024-01-01,2024-03-31,32643,577840.0,2502490.0,580400.0,2505050.0,75.76999310540796,22.639065547357607,1.0,13.202056884765625,0.11986285448074341,0.498887836933136,-0.1581103354692459,-0.3819199800491333,0.0673818439245224,True,tiles\Indore\2024\Indore_r07_c00.tif,16.0,0.675,"POLYGON ((75.782384 22.627443, 75.782515 22.650568, 75.7576 22.650687, 75.757474 22.627563, 75.782384 22.627443))"
Indore_r07_c01,Indore,2024,7,1,2024-01-01,2024-03-31,32643,580400.0,2502490.0,582960.0,2505050.0,75.79490512267698,22.638943982518217,1.0,14.175689697265625,0.05495399236679077,0.29329195618629456,-0.01831359975039959,-0.33405259251594543,0.09908590465784073,True,tiles\Indore\2024\Indore_r07_c01.tif,16.0,0.675,"POLYGON ((75.807294 22.62732, 75.807429 22.650444, 75.782515 22.650568, 75.782384 22.627443, 75.807294 22.62732))"
Indore_r07_c02,Indore,2024,7,2,2024-01-01,2024-03-31,32643,582960.0,2502490.0,585520.0,2505050.0,75.81981696665999,22.638818548143266,1.0,14.85797119140625,0.009468615055084229,0.3177908658981323,-0.037035856395959854,-0.3287002146244049,0.09306341409683228,True,tiles\Indore\2024\Indore_r07_c02.tif,16.0,0.675,"POLYGON ((75.832203 22.627192, 75.832343 22.650317, 75.807429 22.650444, 75.807294 22.62732, 75.832203 22.627192))"
Indore_r07_c03,Indore,2024,7,3,2024-01-01,2024-03-31,32643,585520.0,2502490.0,588080.0,2505050.0,75.84472863192839,22.638689244344203,1.0,14.014801025390625,0.06567990779876709,0.29776182770729065,-0.006212173029780388,-0.35304298996925354,0.09553983807563782,True,tiles\Indore\2024\Indore_r07_c03.tif,16.0,0.675,"POLYGON ((75.857113 22.627061, 75.857256 22.650185, 75.832343 22.650317, 75.832203 22.627192, 75.857113 22.627061))"
Indore_r07_c04,Indore,2024,7,4,2024-01-01,2024-03-31,32643,588080.0,2502490.0,590640.0,2505050.0,75.86964011305375,22.638556071235953,1.0,13.54034423828125,0.09731036424636841,0.4108297824859619,-0.13157030940055847,-0.31226325035095215,0.07037661969661713,True,tiles\Indore\2024\Indore_r07_c04.tif,16.0,0.675,"POLYGON ((75.882022 22.626926, 75.88217 22.65005, 75.857256 22.650185, 75.857113 22.627061, 75.882022 22.626926))"
Indore_r07_c05,Indore,2024,7,5,2024-01-01,2024-03-31,32643,590640.0,2502490.0,593200.0,2505050.0,75.89455140460782,22.63841902893683,1.0,12.941314697265625,0.13724571466445923,0.38943198323249817,-0.07118980586528778,-0.36593738198280334,0.0829661414027214,True,tiles\Indore\2024\Indore_r07_c05.tif,16.0,0.675,"POLYGON ((75.906931 22.626787, 75.907083 22.649911, 75.88217 22.65005, 75.882022 22.626926, 75.906931 22.626787))"
Indore_r07_c06,Indore,2024,7,6,2024-01-01,2024-03-31,32643,593200.0,2502490.0,595760.0,2505050.0,75.91946250116273,22.638278117568632,1.0,12.91815185546875,0.13878989219665527,0.4190542995929718,-0.04880259558558464,-0.4265466332435608,0.07716117799282074,True,tiles\Indore\2024\Indore_r07_c06.tif,16.0,0.675,"POLYGON ((75.93184 22.626645, 75.931996 22.649768, 75.907083 22.649911, 75.906931 22.626787, 75.93184 22.626645))"
Indore_r07_c07,Indore,2024,7,7,2024-01-01,2024-03-31,32643,595760.0,2502490.0,598320.0,2505050.0,75.9443733972907,22.63813333725657,1.0,12.451629638671875,0.169891357421875,0.39464080333709717,-0.08045072853565216,-0.3880581259727478,0.08127164840698242,True,tiles\Indore\2024\Indore_r07_c07.tif,16.0,0.675,"POLYGON ((75.956749 22.626498, 75.956909 22.649621, 75.931996 22.649768, 75.93184 22.626645, 75.956749 22.626498))"
Indore_r00_c00,Indore,2025,0,0,2025-01-01,2025-03-31,32643,577840.0,2520410.0,580400.0,2522970.0,75.77089936720726,22.800935905461426,1.0,15.88848876953125,0.06538301706314087,0.5849378108978271,-0.252583771944046,-0.3740389049053192,0.07011976093053818,True,tiles\Indore\2025\Indore_r00_c00.tif,17.0,0.000375,"POLYGON ((75.783304 22.789313, 75.783436 22.812437, 75.758493 22.812558, 75.758365 22.789434, 75.783304 22.789313))"
Indore_r00_c01,Indore,2025,0,1,2025-01-01,2025-03-31,32643,580400.0,2520410.0,582960.0,2522970.0,75.79584069785055,22.800813376067843,1.0,15.994232177734375,0.059162795543670654,0.5811688899993896,-0.2517077922821045,-0.3677872121334076,0.07016956806182861,True,tiles\Indore\2025\Indore_r00_c01.tif,17.0,0.000375,"POLYGON ((75.808243 22.789189, 75.80838 22.812313, 75.783436 22.812437, 75.783304 22.789313, 75.808243 22.789189))"
Indore_r00_c02,Indore,2025,0,2,2025-01-01,2025-03-31,32643,582960.0,2520410.0,585520.0,2522970.0,75.82078185429528,22.800686946437697,1.0,15.9827880859375,0.059835970401763916,0.4895012378692627,-0.16934087872505188,-0.3701300621032715,0.0813210979104042,True,tiles\Indore\2025\Indore_r00_c02.tif,17.0,0.000375,"POLYGON ((75.833182 22.789061, 75.833323 22.812184, 75.80838 22.812313, 75.808243 22.789189, 75.833182 22.789061))"
Indore_r00_c03,Indore,2025,0,3,2025-01-01,2025-03-31,32643,585520.0,2520410.0,588080.0,2522970.0,75.8457228310842,22.800556616683494,1.0,15.954010009765625,0.061528801918029785,0.31155404448509216,-0.028725849464535713,-0.3409426808357239,0.10134738683700562,True,tiles\Indore\2025\Indore_r00_c03.tif,17.0,0.000375,"POLYGON ((75.858121 22.788928, 75.858266 22.812052, 75.833323 22.812184, 75.833182 22.789061, 75.858121 22.788928))"
Indore_r00_c04,Indore,2025,0,4,2025-01-01,2025-03-31,32643,588080.0,2520410.0,590640.0,2522970.0,75.87066362276032,22.800422386921223,1.0,16.042938232421875,0.05629777908325195,0.3896205425262451,-0.10430978983640671,-0.34728795289993286,0.09307682514190674,True,tiles\Indore\2025\Indore_r00_c04.tif,17.0,0.000375,"POLYGON ((75.883059 22.788792, 75.883208 22.811916, 75.858266 22.812052, 75.858121 22.788928, 75.883059 22.788792))"
Indore_r00_c05,Indore,2025,0,5,2025-01-01,2025-03-31,32643,590640.0,2520410.0,593200.0,2522970.0,75.89560422386687,22.800284257270338,1.0,15.990081787109375,0.059406936168670654,0.4200945198535919,-0.12008349597454071,-0.3503430485725403,0.08978970348834991,True,tiles\Indore\2025\Indore_r00_c05.tif,17.0,0.000375,"POLYGON ((75.907998 22.788652, 75.908151 22.811776, 75.883208 22.811916, 75.883059 22.788792, 75.907998 22.788652))"
Indore_r00_c06,Indore,2025,0,6,2025-01-01,2025-03-31,32643,593200.0,2520410.0,595760.0,2522970.0,75.92054462894731,22.80014222785375,1.0,15.892120361328125,0.06516939401626587,0.35817623138427734,-0.06881926953792572,-0.3386727571487427,0.09366987645626068,True,tiles\Indore\2025\Indore_r00_c06.tif,17.0,0.000375,"POLYGON ((75.932936 22.788508, 75.933093 22.811631, 75.908151 22.811776, 75.907998 22.788652, 75.932936 22.788508))"
Indore_r00_c07,Indore,2025,0,7,2025-01-01,2025-03-31,32643,595760.0,2520410.0,598320.0,2522970.0,75.94548483254542,22.79999629879787,1.0,15.730316162109375,0.07468730211257935,0.4893142580986023,-0.1487417072057724,-0.3834358751773834,0.07943423837423325,True,tiles\Indore\2025\Indore_r00_c07.tif,17.0,0.000375,"POLYGON ((75.957874 22.788361, 75.958036 22.811484, 75.933093 22.811631, 75.932936 22.788508, 75.957874 22.788361))"
Indore_r01_c00,Indore,2025,1,0,2025-01-01,2025-03-31,32643,577840.0,2517850.0,580400.0,2520410.0,75.77076939602576,22.77781177134623,1.0,16.13043212890625,0.05115103721618652,0.6040258407592773,-0.2743578553199768,-0.3743937909603119,0.06561398506164551,True,tiles\Indore\2025\Indore_r01_c00.tif,17.0,0.000375,"POLYGON ((75.783172 22.766189, 75.783304 22.789313, 75.758365 22.789434, 75.758237 22.76631, 75.783172 22.766189))"
Indore_r01_c01,Indore,2025,1,1,2025-01-01,2025-03-31,32643,580400.0,2517850.0,582960.0,2520410.0,75.79570652270453,22.777689379880943,1.0,16.170501708984375,0.04879403114318848,0.5035911798477173,-0.16350658237934113,-0.3871384859085083,0.07796898484230042,True,tiles\Indore\2025\Indore_r01_c01.tif,17.0,0.000375,"POLYGON ((75.808107 22.766065, 75.808243 22.789189, 75.783304 22.789313, 75.783172 22.766189, 75.808107 22.766065))"
Indore_r01_c02,Indore,2025,1,2,2025-01-01,2025-03-31,32643,582960.0,2517850.0,585520.0,2520410.0,75.82064347531578,22.777563092569235,1.0,16.053466796875,0.05567842721939087,0.43576446175575256,-0.14324766397476196,-0.33633774518966675,0.08572939038276672,True,tiles\Indore\2025\Indore_r01_c02.tif,17.0,0.000375,"POLYGON ((75.833042 22.765937, 75.833182 22.789061, 75.808243 22.789189, 75.808107 22.766065, 75.833042 22.765937))"
Indore_r01_c03,Indore,2025,1,3,2025-01-01,2025-03-31,32643,585520.0,2517850.0,588080.0,2520410.0,75.84558024840638,22.777432909523466,1.0,16.000244140625,0.05880916118621826,0.23314619064331055,0.014993160963058472,-0.30262959003448486,0.10906982421875,True,tiles\Indore\2025\Indore_r01_c03.tif,17.0,0.000375,"POLYGON ((75.857976 22.765805, 75.858121 22.788928, 75.833182 22.789061, 75.833042 22.765937, 75.857976 22.765805))"
Indore_r01_c04,Indore,2025,1,4,2025-01-01,2025-03-31,32643,588080.0,2517850.0,590640.0,2520410.0,75.87051683652341,22.777298830859465,1.0,16.293914794921875,0.041534423828125,0.3231428563594818,-0.04806201159954071,-0.33459967374801636,0.09756958484649658,True,tiles\Indore\2025\Indore_r01_c04.tif,17.0,0.000375,"POLYGON ((75.882911 22.765669, 75.883059 22.788792, 75.858121 22.788928, 75.857976 22.765805, 75.882911 22.765669))"
Indore_r01_c05,Indore,2025,1,5,2025-01-01,2025-03-31,32643,590640.0,2517850.0,593200.0,2520410.0,75.89545323421417,22.777160856696533,1.0,16.0162353515625,0.05786848068237305,0.23814283311367035,0.022476566955447197,-0.3154911398887634,0.10933012515306473,True,tiles\Indore\2025\Indore_r01_c05.tif,17.0,0.000375,"POLYGON ((75.907845 22.765529, 75.907998 22.788652, 75.883059 22.788792, 75.882911 22.765669, 75.907845 22.765529))"
Indore_r01_c06,Indore,2025,1,6,2025-01-01,2025-03-31,32643,593200.0,2517850.0,595760.0,2520410.0,75.92038943602633,22.77701898715743,1.0,15.904998779296875,0.06441181898117065,0.35029858350753784,-0.04275200888514519,-0.355986624956131,0.09844177961349487,True,tiles\Indore\2025\Indore_r01_c06.tif,17.0,0.000375,"POLYGON ((75.932779 22.765385, 75.932936 22.788508, 75.907998 22.788652, 75.907845 22.765529, 75.932779 22.765385))"
Indore_r01_c07,Indore,2025,1,7,2025-01-01,2025-03-31,32643,595760.0,2517850.0,598320.0,2520410.0,75.94532543650766,22.776873222368376,1.0,15.458984375,0.09064799547195435,0.38995927572250366,-0.0858677476644516,-0.3555377721786499,0.09461937099695206,True,tiles\Indore\2025\Indore_r01_c07.tif,17.0,0.000375,"POLYGON ((75.957713 22.765238, 75.957874 22.788361, 75.932936 22.788508, 75.932779 22.765385, 75.957713 22.765238))"
Indore_r02_c00,Indore,2025,2,0,2025-01-01,2025-03-31,32643,577840.0,2515290.0,580400.0,2517850.0,75.77063959345845,22.754687569555692,1.0,16.18157958984375,0.04814237356185913,0.4142027497291565,-0.11390794068574905,-0.36351484060287476,0.08546562492847443,True,tiles\Indore\2025\Indore_r02_c00.tif,17.0,0.000375,"POLYGON ((75.78304 22.743065, 75.783172 22.766189, 75.758237 22.76631, 75.758109 22.743185, 75.78304 22.743065))"
Indore_r02_c01,Indore,2025,2,1,2025-01-01,2025-03-31,32643,580400.0,2515290.0,582960.0,2517850.0,75.79557252162608,22.754565315973636,1.0,16.3763427734375,0.03668570518493652,0.3951440155506134,-0.08778051286935806,-0.3615008592605591,0.09212538599967957,True,tiles\Indore\2025\Indore_r02_c01.tif,17.0,0.000375,"POLYGON ((75.807971 22.742941, 75.808107 22.766065, 75.783172 22.766189, 75.78304 22.743065, 75.807971 22.742941))"
Indore_r02_c02,Indore,2025,2,2,2025-01-01,2025-03-31,32643,582960.0,2515290.0,585520.0,2517850.0,75.820505275857,22.75443917093387,1.0,16.026641845703125,0.057256340980529785,0.353659451007843,-0.04508491978049278,-0.3598168194293976,0.09641534090042114,True,tiles\Indore\2025\Indore_r02_c02.tif,17.0,0.000375,"POLYGON ((75.832902 22.742813, 75.833042 22.765937, 75.808107 22.766065, 75.807971 22.742941, 75.832902 22.742813))"
Indore_r02_c03,Indore,2025,2,3,2025-01-01,2025-03-31,32643,585520.0,2515290.0,588080.0,2517850.0,75.84543785070217,22.754309134548617,1.0,16.0,0.05882352590560913,0.20558294653892517,0.03384750336408615,-0.2956623136997223,0.11213420331478119,True,tiles\Indore\2025\Indore_r02_c03.tif,17.0,0.000375,"POLYGON ((75.857832 22.742681, 75.857976 22.765805, 75.833042 22.765937, 75.832902 22.742813, 75.857832 22.742681))"
Indore_r02_c04,Indore,2025,2,4,2025-01-01,2025-03-31,32643,588080.0,2515290.0,590640.0,2517850.0,75.87037024071276,22.754175206933535,1.0,16.0,0.05882352590560913,0.20991794764995575,0.02035006880760193,-0.27823519706726074,0.11217734962701797,True,tiles\Indore\2025\Indore_r02_c04.tif,17.0,0.000375,"POLYGON ((75.882762 22.742545, 75.882911 22.765669, 75.857976 22.765805, 75.857832 22.742681, 75.882762 22.742545))"
Indore_r02_c05,Indore,2025,2,5,2025-01-01,2025-03-31,32643,590640.0,2515290.0,593200.0,2517850.0,75.89530244044022,22.754037388207784,1.0,16.0,0.05882352590560913,0.21217721700668335,0.009804518893361092,-0.2686763107776642,0.10999319702386856,True,tiles\Indore\2025\Indore_r02_c05.tif,17.0,0.000375,"POLYGON ((75.907692 22.742405, 75.907845 22.765529, 75.882911 22.765669, 75.882762 22.742545, 75.907692 22.742405))"
Indore_r02_c06,Indore,2025,2,6,2025-01-01,2025-03-31,32643,593200.0,2515290.0,595760.0,2517850.0,75.92023444443625,22.75389567849393,1.0,15.998779296875,0.05889534950256348,0.2521851360797882,0.0074105095118284225,-0.312488853931427,0.10993144661188126,True,tiles\Indore\2025\Indore_r02_c06.tif,17.0,0.000375,"POLYGON ((75.932622 22.742262, 75.932779 22.765385, 75.907845 22.765529, 75.907692 22.742405, 75.932622 22.742262))"
Indore_r02_c07,Indore,2025,2,7,2025-01-01,2025-03-31,32643,595760.0,2515290.0,598320.0,2517850.0,75.94516624725273,22.753750077918035,1.0,15.72796630859375,0.07482552528381348,0.4125027060508728,-0.10236231982707977,-0.35731691122055054,0.0905289575457573,True,tiles\Indore\2025\Indore_r02_c07.tif,17.0,0.000375,"POLYGON ((75.957552 22.742114, 75.957713 22.765238, 75.932779 22.765385, 75.932622 22.742262, 75.957552 22.742114))"
Indore_r03_c00,Indore,2025,3,0,2025-01-01,2025-03-31,32643,577840.0,2512730.0,580400.0,2515290.0,75.77050995937869,22.731563300143605,1.0,16.499359130859375,0.029449462890625,0.4359673261642456,-0.12256848812103271,-0.3598827123641968,0.0856146514415741,True,tiles\Indore\2025\Indore_r03_c00.tif,17.0,0.000375,"POLYGON ((75.782909 22.719941, 75.78304 22.743065, 75.758109 22.743185, 75.757982 22.720061, 75.782909 22.719941))"
Indore_r03_c01,Indore,2025,3,1,2025-01-01,2025-03-31,32643,580400.0,2512730.0,582960.0,2515290.0,75.79543869448443,22.731441184399802,1.0,16.02716064453125,0.057225823402404785,0.256435364484787,0.029351282864809036,-0.35824090242385864,0.10293049365282059,True,tiles\Indore\2025\Indore_r03_c01.tif,17.0,0.000375,"POLYGON ((75.807835 22.719817, 75.807971 22.742941, 75.78304 22.743065, 75.782909 22.719941, 75.807835 22.719817))"
Indore_r03_c02,Indore,2025,3,2,2025-01-01,2025-03-31,32643,582960.0,2512730.0,585520.0,2515290.0,75.82036725578403,22.731315181585565,1.0,16.0,0.05882352590560913,0.21591657400131226,0.036330223083496094,-0.30853796005249023,0.11161169409751892,True,tiles\Indore\2025\Indore_r03_c02.tif,17.0,0.000375,"POLYGON ((75.832761 22.719689, 75.832902 22.742813, 75.807971 22.742941, 75.807835 22.719817, 75.832761 22.719689))"
Indore_r03_c03,Indore,2025,3,3,2025-01-01,2025-03-31,32643,585520.0,2512730.0,588080.0,2515290.0,75.84529563783258,22.731185291812963,1.0,16.0,0.05882352590560913,0.23933973908424377,0.020788878202438354,-0.30741268396377563,0.10403904318809509,True,tiles\Indore\2025\Indore_r03_c03.tif,17.0,0.000375,"POLYGON ((75.857688 22.719557, 75.857832 22.742681, 75.832902 22.742813, 75.832761 22.719689, 75.857688 22.719557))"
Indore_r03_c04,Indore,2025,3,4,2025-01-01,2025-03-31,32643,588080.0,2512730.0,590640.0,2515290.0,75.8702238351853,22.731051515197525,1.0,16.0,0.05882352590560913,0.2714468836784363,0.0027817310765385628,-0.3165113925933838,0.0954718068242073,True,tiles\Indore\2025\Indore_r03_c04.tif,17.0,0.000375,"POLYGON ((75.882614 22.719422, 75.882762 22.742545, 75.857832 22.742681, 75.857688 22.719557, 75.882614 22.719422))"
Indore_r03_c05,Indore,2025,3,5,2025-01-01,2025-03-31,32643,590640.0,2512730.0,593200.0,2515290.0,75.89515184239778,22.730913851858222,1.0,16.0,0.05882352590560913,0.22488191723823547,0.00786756630986929,-0.27757391333580017,0.1067904531955719,True,tiles\Indore\2025\Indore_r03_c05.tif,17.0,0.000375,"POLYGON ((75.90754 22.719282, 75.907692 22.742405, 75.882762 22.742545, 75.882614 22.719422, 75.90754 22.719282))"
Indore_r03_c06,Indore,2025,3,6,2025-01-01,2025-03-31,32643,593200.0,2512730.0,595760.0,2515290.0,75.92007965402574,22.730772301917487,1.0,15.94146728515625,0.062266647815704346,0.20351770520210266,0.03767120838165283,-0.3007524609565735,0.11679379642009735,True,tiles\Indore\2025\Indore_r03_c06.tif,17.0,0.000375,"POLYGON ((75.932465 22.719139, 75.932622 22.742262, 75.907692 22.742405, 75.90754 22.719282, 75.932465 22.719139))"
Indore_r03_c07,Indore,2025,3,7,2025-01-01,2025-03-31,32643,595760.0,2512730.0,598320.0,2515290.0,75.94500726462519,22.73062686550119,1.0,15.690704345703125,0.07701736688613892,0.44096118211746216,-0.12133564800024033,-0.3663029670715332,0.0864090695977211,True,tiles\Indore\2025\Indore_r03_c07.tif,17.0,0.000375,"POLYGON ((75.957391 22.718991, 75.957552 22.742114, 75.932622 22.742262, 75.932465 22.719139, 75.957391 22.718991))"
Indore_r04_c00,Indore,2025,4,0,2025-01-01,2025-03-31,32643,577840.0,2510170.0,580400.0,2512730.0,75.77038049365996,22.70843896316384,1.0,16.2005615234375,0.04702579975128174,0.5049981474876404,-0.17189419269561768,-0.37122970819473267,0.07410390675067902,True,tiles\Indore\2025\Indore_r04_c00.tif,17.0,0.000375,"POLYGON ((75.782777 22.696816, 75.782909 22.719941, 75.757982 22.720061, 75.757855 22.696936, 75.782777 22.696816))"
Indore_r04_c01,Indore,2025,4,1,2025-01-01,2025-03-31,32643,580400.0,2510170.0,582960.0,2512730.0,75.79530504114895,22.708316985213358,1.0,16.063018798828125,0.05511653423309326,0.42072901129722595,-0.10581120103597641,-0.3661200702190399,0.08323058485984802,True,tiles\Indore\2025\Indore_r04_c01.tif,17.0,0.000375,"POLYGON ((75.807699 22.696693, 75.807835 22.719817, 75.782909 22.719941, 75.782777 22.696816, 75.807699 22.696693))"
Indore_r04_c02,Indore,2025,4,2,2025-01-01,2025-03-31,32643,582960.0,2510170.0,585520.0,2512730.0,75.82022941496218,22.708191124578295,1.0,16.007110595703125,0.058405280113220215,0.25980329513549805,-0.003156207501888275,-0.29754436016082764,0.10002778470516205,True,tiles\Indore\2025\Indore_r04_c02.tif,17.0,0.000375,"POLYGON ((75.832622 22.696565, 75.832761 22.719689, 75.807835 22.719817, 75.807699 22.696693, 75.832622 22.696565))"
Indore_r04_c03,Indore,2025,4,3,2025-01-01,2025-03-31,32643,585520.0,2510170.0,588080.0,2512730.0,75.84515360965881,22.708061381370573,1.0,16.0,0.05882352590560913,0.2137572467327118,0.03151465952396393,-0.2933180034160614,0.10770418494939804,True,tiles\Indore\2025\Indore_r04_c03.tif,17.0,0.000375,"POLYGON ((75.857544 22.696433, 75.857688 22.719557, 75.832761 22.719689, 75.832622 22.696565, 75.857544 22.696433))"
Indore_r04_c04,Indore,2025,4,4,2025-01-01,2025-03-31,32643,588080.0,2510170.0,590640.0,2512730.0,75.87007761979815,22.70792775570557,1.0,16.0078125,0.05836397409439087,0.22015723586082458,0.02329777553677559,-0.29044073820114136,0.10358883440494537,True,tiles\Indore\2025\Indore_r04_c04.tif,17.0,0.000375,"POLYGON ((75.882465 22.696298, 75.882614 22.719422, 75.857688 22.719557, 75.857544 22.696433, 75.882465 22.696298))"
Indore_r04_c05,Indore,2025,4,5,2025-01-01,2025-03-31,32643,590640.0,2510170.0,593200.0,2512730.0,75.89500143993988,22.707790247702082,1.0,16.0,0.05882352590560913,0.3207990229129791,-0.028026778250932693,-0.33592110872268677,0.09270793199539185,True,tiles\Indore\2025\Indore_r04_c05.tif,17.0,0.000375,"POLYGON ((75.907387 22.696158, 75.90754 22.719282, 75.882614 22.719422, 75.882465 22.696298, 75.907387 22.696158))"
Indore_r04_c06,Indore,2025,4,6,2025-01-01,2025-03-31,32643,593200.0,2510170.0,595760.0,2512730.0,75.91992506464378,22.70764885748238,1.0,15.99951171875,0.05885225534439087,0.2561150789260864,0.00653676874935627,-0.3199182152748108,0.1056765615940094,True,tiles\Indore\2025\Indore_r04_c06.tif,17.0,0.000375,"POLYGON ((75.932309 22.696015, 75.932465 22.719139, 75.90754 22.719282, 75.907387 22.696158, 75.932309 22.696015))"
Indore_r04_c07,Indore,2025,4,7,2025-01-01,2025-03-31,32643,595760.0,2510170.0,598320.0,2512730.0,75.94484848846994,22.707503585172187,1.0,15.61273193359375,0.08160400390625,0.369691401720047,-0.06016943231225014,-0.36843693256378174,0.09302469342947006,True,tiles\Indore\2025\Indore_r04_c07.tif,17.0,0.000375,"POLYGON ((75.95723 22.695868, 75.957391 22.718991, 75.932465 22.719139, 75.932309 22.696015, 75.95723 22.695868))"
Indore_r05_c00,Indore,2025,5,0,2025-01-01,2025-03-31,32643,577840.0,2507610.0,580400.0,2510170.0,75.7702511961759,22.68531455867028,1.0,16.0018310546875,0.0587158203125,0.4658803343772888,-0.12107140570878983,-0.39172929525375366,0.07340162992477417,True,tiles\Indore\2025\Indore_r05_c00.tif,17.0,0.000375,"POLYGON ((75.782646 22.673692, 75.782777 22.696816, 75.757855 22.696936, 75.757727 22.673812, 75.782646 22.673692))"
Indore_r05_c01,Indore,2025,5,1,2025-01-01,2025-03-31,32643,580400.0,2507610.0,582960.0,2510170.0,75.79517156148927,22.68519271846826,1.0,16.042266845703125,0.05633723735809326,0.3998657166957855,-0.05244164913892746,-0.4077117443084717,0.07747010886669159,True,tiles\Indore\2025\Indore_r05_c01.tif,17.0,0.000375,"POLYGON ((75.807564 22.673568, 75.807699 22.696693, 75.782777 22.696816, 75.782646 22.673692, 75.807564 22.673568))"
Indore_r05_c02,Indore,2025,5,2,2025-01-01,2025-03-31,32643,582960.0,2507610.0,585520.0,2510170.0,75.82009175325702,22.685066999966104,1.0,16.000091552734375,0.058818161487579346,0.187917560338974,0.03897518292069435,-0.2882336676120758,0.11587684601545334,True,tiles\Indore\2025\Indore_r05_c02.tif,17.0,0.000375,"POLYGON ((75.832482 22.673441, 75.832622 22.696565, 75.807699 22.696693, 75.807564 22.673568, 75.832482 22.673441))"
Indore_r05_c03,Indore,2025,5,3,2025-01-01,2025-03-31,32643,585520.0,2507610.0,588080.0,2510170.0,75.84501176604233,22.684937403275548,1.0,16.02435302734375,0.05739098787307739,0.2700023055076599,-0.00643471535295248,-0.31268173456192017,0.10074412077665329,True,tiles\Indore\2025\Indore_r05_c03.tif,17.0,0.000375,"POLYGON ((75.8574 22.673309, 75.857544 22.696433, 75.832622 22.696565, 75.832482 22.673441, 75.8574 22.673309))"
Indore_r05_c04,Indore,2025,5,4,2025-01-01,2025-03-31,32643,588080.0,2507610.0,590640.0,2510170.0,75.86993159440871,22.68480392851183,1.0,16.0,0.05882352590560913,0.2937605381011963,-0.024624647572636604,-0.30774152278900146,0.094451405107975,True,tiles\Indore\2025\Indore_r05_c04.tif,17.0,0.000375,"POLYGON ((75.882317 22.673174, 75.882465 22.696298, 75.857544 22.696433, 75.8574 22.673309, 75.882317 22.673174))"
Indore_r05_c05,Indore,2025,5,5,2025-01-01,2025-03-31,32643,590640.0,2507610.0,593200.0,2510170.0,75.89485123291986,22.684666575793592,1.0,16.0,0.05882352590560913,0.19807857275009155,0.034526798874139786,-0.29283398389816284,0.11635510623455048,True,tiles\Indore\2025\Indore_r05_c05.tif,17.0,0.000375,"POLYGON ((75.907235 22.673035, 75.907387 22.696158, 75.882465 22.696298, 75.882317 22.673174, 75.907235 22.673035))"
Indore_r05_c06,Indore,2025,5,6,2025-01-01,2025-03-31,32643,593200.0,2507610.0,595760.0,2510170.0,75.91977067613958,22.68452534524295,1.0,16.0,0.05882352590560913,0.24276438355445862,0.03142884001135826,-0.3377099931240082,0.10646314918994904,True,tiles\Indore\2025\Indore_r05_c06.tif,17.0,0.000375,"POLYGON ((75.932152 22.672892, 75.932309 22.696015, 75.907387 22.696158, 75.907235 22.673035, 75.932152 22.672892))"
Indore_r05_c07,Indore,2025,5,7,2025-01-01,2025-03-31,32643,595760.0,2507610.0,598320.0,2510170.0,75.94468991863216,22.684380236985444,1.0,15.9949951171875,0.059117913246154785,0.3948834538459778,-0.09176971018314362,-0.360079824924469,0.09004126489162445,True,tiles\Indore\2025\Indore_r05_c07.tif,17.0,0.000375,"POLYGON ((75.957069 22.672745, 75.95723 22.695868, 75.932309 22.696015, 75.932152 22.672892, 75.957069 22.672745))"
Indore_r06_c00,Indore,2025,6,0,2025-01-01,2025-03-31,32643,577840.0,2505050.0,580400.0,2507610.0,75.77012206680054,22.662190086716883,1.0,16.0,0.05882352590560913,0.44598305225372314,-0.1301581859588623,-0.36554598808288574,0.0733763724565506,True,tiles\Indore\2025\Indore_r06_c00.tif,17.0,0.000375,"POLYGON ((75.782515 22.650568, 75.782646 22.673692, 75.757727 22.673812, 75.7576 22.650687, 75.782515 22.650568))"
Indore_r06_c01,Indore,2025,6,1,2025-01-01,2025-03-31,32643,580400.0,2505050.0,582960.0,2507610.0,75.79503825537523,22.662068384218532,1.0,16.02691650390625,0.057240188121795654,0.3366144001483917,-0.004627136513590813,-0.38437846302986145,0.08163575083017349,True,tiles\Indore\2025\Indore_r06_c01.tif,17.0,0.000375,"POLYGON ((75.807429 22.650444, 75.807564 22.673568, 75.782646 22.673692, 75.782515 22.650568, 75.807429 22.650444))"
Indore_r06_c02,Indore,2025,6,2,2025-01-01,2025-03-31,32643,582960.0,2505050.0,585520.0,2507610.0,75.81995427053428,22.661942807803047,1.0,16.000244140625,0.05880916118621826,0.3291257619857788,-0.03781671077013016,-0.3468431234359741,0.09345124661922455,True,tiles\Indore\2025\Indore_r06_c02.tif,17.0,0.000375,"POLYGON ((75.832343 22.650317, 75.832482 22.673441, 75.807564 22.673568, 75.807429 22.650444, 75.832343 22.650317))"
Indore_r06_c03,Indore,2025,6,3,2025-01-01,2025-03-31,32643,585520.0,2505050.0,588080.0,2507610.0,75.84487010684491,22.661813357582027,1.0,15.793548583984375,0.07096773386001587,0.3769192099571228,-0.0798976868391037,-0.34465670585632324,0.0892631784081459,True,tiles\Indore\2025\Indore_r06_c03.tif,17.0,0.000375,"POLYGON ((75.857256 22.650185, 75.8574 22.673309, 75.832482 22.673441, 75.832343 22.650317, 75.857256 22.650185))"
Indore_r06_c04,Indore,2025,6,4,2025-01-01,2025-03-31,32643,588080.0,2505050.0,590640.0,2507610.0,75.86978575887464,22.661680033670542,1.0,16.00738525390625,0.058389127254486084,0.1741272211074829,-0.18469107151031494,-0.002522394061088562,0.07022340595722198,True,tiles\Indore\2025\Indore_r06_c04.tif,17.0,0.000375,"POLYGON ((75.88217 22.65005, 75.882317 22.673174, 75.8574 22.673309, 75.857256 22.650185, 75.88217 22.65005))"
Indore_r06_c05,Indore,2025,6,5,2025-01-01,2025-03-31,32643,590640.0,2505050.0,593200.0,2507610.0,75.89470122119126,22.66154283618707,1.0,15.964996337890625,0.060882568359375,0.39889955520629883,-0.1226414144039154,-0.31418997049331665,0.0809725746512413,True,tiles\Indore\2025\Indore_r06_c05.tif,17.0,0.000375,"POLYGON ((75.907083 22.649911, 75.907235 22.673035, 75.882317 22.673174, 75.88217 22.65005, 75.907083 22.649911))"
Indore_r06_c06,Indore,2025,6,6,2025-01-01,2025-03-31,32643,593200.0,2505050.0,595760.0,2507610.0,75.91961648836268,22.66140176525357,1.0,15.66412353515625,0.07858097553253174,0.3247256875038147,-0.007218877784907818,-0.38867995142936707,0.09335581958293915,True,tiles\Indore\2025\Indore_r06_c06.tif,17.0,0.000375,"POLYGON ((75.931996 22.649768, 75.932152 22.672892, 75.907235 22.673035, 75.907083 22.649911, 75.931996 22.649768))"
Indore_r06_c07,Indore,2025,6,7,2025-01-01,2025-03-31,32643,595760.0,2505050.0,598320.0,2507610.0,75.94453155495718,22.66125682099541,1.0,15.965728759765625,0.06083947420120239,0.4085477888584137,-0.09961892664432526,-0.3730001151561737,0.0819161981344223,True,tiles\Indore\2025\Indore_r06_c07.tif,17.0,0.000375,"POLYGON ((75.956909 22.649621, 75.957069 22.672745, 75.932152 22.672892, 75.931996 22.649768, 75.956909 22.649621))"
Indore_r07_c00,Indore,2025,7,0,2025-01-01,2025-03-31,32643,577840.0,2502490.0,580400.0,2505050.0,75.76999310540796,22.639065547357607,1.0,16.000244140625,0.05880916118621826,0.5222588777542114,-0.18396955728530884,-0.3692994713783264,0.06358593702316284,True,tiles\Indore\2025\Indore_r07_c00.tif,17.0,0.000375,"POLYGON ((75.782384 22.627443, 75.782515 22.650568, 75.7576 22.650687, 75.757474 22.627563, 75.782384 22.627443))"
Indore_r07_c01,Indore,2025,7,1,2025-01-01,2025-03-31,32643,580400.0,2502490.0,582960.0,2505050.0,75.79490512267698,22.638943982518217,1.0,16.0,0.05882352590560913,0.2903946042060852,-0.02458864077925682,-0.3296907842159271,0.09724362939596176,True,tiles\Indore\2025\Indore_r07_c01.tif,17.0,0.000375,"POLYGON ((75.807294 22.62732, 75.807429 22.650444, 75.782515 22.650568, 75.782384 22.627443, 75.807294 22.62732))"
Indore_r07_c02,Indore,2025,7,2,2025-01-01,2025-03-31,32643,582960.0,2502490.0,585520.0,2505050.0,75.81981696665999,22.638818548143266,1.0,15.90020751953125,0.06469368934631348,0.29245078563690186,-0.030361082404851913,-0.3183831572532654,0.09553372114896774,True,tiles\Indore\2025\Indore_r07_c02.tif,17.0,0.000375,"POLYGON ((75.832203 22.627192, 75.832343 22.650317, 75.807429 22.650444, 75.807294 22.62732, 75.832203 22.627192))"
Indore_r07_c03,Indore,2025,7,3,2025-01-01,2025-03-31,32643,585520.0,2502490.0,588080.0,2505050.0,75.84472863192839,22.638689244344203,1.0,16.148590087890625,0.05008292198181152,0.2806556522846222,-0.017995597794651985,-0.3365981876850128,0.10001534223556519,True,tiles\Indore\2025\Indore_r07_c03.tif,17.0,0.000375,"POLYGON ((75.857113 22.627061, 75.857256 22.650185, 75.832343 22.650317, 75.832203 22.627192, 75.857113 22.627061))"
Indore_r07_c04,Indore,2025,7,4,2025-01-01,2025-03-31,32643,588080.0,2502490.0,590640.0,2505050.0,75.86964011305375,22.638556071235953,1.0,16.437896728515625,0.03306490182876587,0.4573792815208435,-0.16943000257015228,-0.33082127571105957,0.06936213374137878,True,tiles\Indore\2025\Indore_r07_c04.tif,17.0,0.000375,"POLYGON ((75.882022 22.626926, 75.88217 22.65005, 75.857256 22.650185, 75.857113 22.627061, 75.882022 22.626926))"
Indore_r07_c05,Indore,2025,7,5,2025-01-01,2025-03-31,32643,590640.0,2502490.0,593200.0,2505050.0,75.89455140460782,22.63841902893683,1.0,15.518585205078125,0.08714205026626587,0.3837012052536011,-0.0771351233124733,-0.3574625849723816,0.08313491940498352,True,tiles\Indore\2025\Indore_r07_c05.tif,17.0,0.000375,"POLYGON ((75.906931 22.626787, 75.907083 22.649911, 75.88217 22.65005, 75.882022 22.626926, 75.906931 22.626787))"
Indore_r07_c06,Indore,2025,7,6,2025-01-01,2025-03-31,32643,593200.0,2502490.0,595760.0,2505050.0,75.91946250116273,22.638278117568632,1.0,15.815399169921875,0.06968241930007935,0.43152958154678345,-0.07550767064094543,-0.41738370060920715,0.07567930966615677,True,tiles\Indore\2025\Indore_r07_c06.tif,17.0,0.000375,"POLYGON ((75.93184 22.626645, 75.931996 22.649768, 75.907083 22.649911, 75.906931 22.626787, 75.93184 22.626645))"
Indore_r07_c07,Indore,2025,7,7,2025-01-01,2025-03-31,32643,595760.0,2502490.0,598320.0,2505050.0,75.9443733972907,22.63813333725657,1.0,15.934356689453125,0.06268489360809326,0.437546968460083,-0.13195160031318665,-0.37010592222213745,0.0786985233426094,True,tiles\Indore\2025\Indore_r07_c07.tif,17.0,0.000375,"POLYGON ((75.956749 22.626498, 75.956909 22.649621, 75.931996 22.649768, 75.93184 22.626645, 75.956749 22.626498))"
Indore_r00_c00,Indore,2026,0,0,2026-01-01,2026-03-31,32643,577840.0,2520410.0,580400.0,2522970.0,75.77089936720726,22.800935905461426,1.0,17.183990478515625,0.0453338623046875,0.6440478563308716,-0.2788512706756592,-0.4061756730079651,0.05938934162259102,True,tiles\Indore\2026\Indore_r00_c00.tif,18.0,0.005,"POLYGON ((75.783304 22.789313, 75.783436 22.812437, 75.758493 22.812558, 75.758365 22.789434, 75.783304 22.789313))"
Indore_r00_c01,Indore,2026,0,1,2026-01-01,2026-03-31,32643,580400.0,2520410.0,582960.0,2522970.0,75.79584069785055,22.800813376067843,1.0,17.095672607421875,0.050240397453308105,0.6093138456344604,-0.2506040334701538,-0.3990010619163513,0.06264010816812515,True,tiles\Indore\2026\Indore_r00_c01.tif,18.0,0.005,"POLYGON ((75.808243 22.789189, 75.80838 22.812313, 75.783436 22.812437, 75.783304 22.789313, 75.808243 22.789189))"
Indore_r00_c02,Indore,2026,0,2,2026-01-01,2026-03-31,32643,582960.0,2520410.0,585520.0,2522970.0,75.82078185429528,22.800686946437697,1.0,17.085693359375,0.05079483985900879,0.5258602499961853,-0.18262505531311035,-0.3899487853050232,0.07405190169811249,True,tiles\Indore\2026\Indore_r00_c02.tif,18.0,0.005,"POLYGON ((75.833182 22.789061, 75.833323 22.812184, 75.80838 22.812313, 75.808243 22.789189, 75.833182 22.789061))"
Indore_r00_c03,Indore,2026,0,3,2026-01-01,2026-03-31,32643,585520.0,2520410.0,588080.0,2522970.0,75.8457228310842,22.800556616683494,1.0,17.0731201171875,0.05149334669113159,0.3333951532840729,-0.03540598228573799,-0.3548797369003296,0.0949164479970932,True,tiles\Indore\2026\Indore_r00_c03.tif,18.0,0.005,"POLYGON ((75.858121 22.788928, 75.858266 22.812052, 75.833323 22.812184, 75.833182 22.789061, 75.858121 22.788928))"
Indore_r00_c04,Indore,2026,0,4,2026-01-01,2026-03-31,32643,588080.0,2520410.0,590640.0,2522970.0,75.87066362276032,22.800422386921223,1.0,16.762481689453125,0.06875103712081909,0.3958075940608978,-0.10494764894247055,-0.3588581681251526,0.09015294909477234,True,tiles\Indore\2026\Indore_r00_c04.tif,18.0,0.005,"POLYGON ((75.883059 22.788792, 75.883208 22.811916, 75.858266 22.812052, 75.858121 22.788928, 75.883059 22.788792))"
Indore_r00_c05,Indore,2026,0,5,2026-01-01,2026-03-31,32643,590640.0,2520410.0,593200.0,2522970.0,75.89560422386687,22.800284257270338,1.0,16.2073974609375,0.09958904981613159,0.40977156162261963,-0.10906859487295151,-0.35628628730773926,0.08792872726917267,True,tiles\Indore\2026\Indore_r00_c05.tif,18.0,0.005,"POLYGON ((75.907998 22.788652, 75.908151 22.811776, 75.883208 22.811916, 75.883059 22.788792, 75.907998 22.788652))"
Indore_r00_c06,Indore,2026,0,6,2026-01-01,2026-03-31,32643,593200.0,2520410.0,595760.0,2522970.0,75.92054462894731,22.80014222785375,1.0,16.18145751953125,0.10103011131286621,0.3473297655582428,-0.06432747840881348,-0.34214556217193604,0.09241152554750443,True,tiles\Indore\2026\Indore_r00_c06.tif,18.0,0.005,"POLYGON ((75.932936 22.788508, 75.933093 22.811631, 75.908151 22.811776, 75.907998 22.788652, 75.932936 22.788508))"
Indore_r00_c07,Indore,2026,0,7,2026-01-01,2026-03-31,32643,595760.0,2520410.0,598320.0,2522970.0,75.94548483254542,22.79999629879787,1.0,16.193267822265625,0.10037398338317871,0.47259214520454407,-0.14011211693286896,-0.39110690355300903,0.07894730567932129,True,tiles\Indore\2026\Indore_r00_c07.tif,18.0,0.005,"POLYGON ((75.957874 22.788361, 75.958036 22.811484, 75.933093 22.811631, 75.932936 22.788508, 75.957874 22.788361))"
Indore_r01_c00,Indore,2026,1,0,2026-01-01,2026-03-31,32643,577840.0,2517850.0,580400.0,2520410.0,75.77076939602576,22.77781177134623,1.0,17.191864013671875,0.04489642381668091,0.628896951675415,-0.2630771994590759,-0.40133845806121826,0.061939265578985214,True,tiles\Indore\2026\Indore_r01_c00.tif,18.0,0.005,"POLYGON ((75.783172 22.766189, 75.783304 22.789313, 75.758365 22.789434, 75.758237 22.76631, 75.783172 22.766189))"
Indore_r01_c01,Indore,2026,1,1,2026-01-01,2026-03-31,32643,580400.0,2517850.0,582960.0,2520410.0,75.79570652270453,22.777689379880943,1.0,17.08050537109375,0.0510830283164978,0.5079935789108276,-0.15326905250549316,-0.41321998834609985,0.07363994419574738,True,tiles\Indore\2026\Indore_r01_c01.tif,18.0,0.005,"POLYGON ((75.808107 22.766065, 75.808243 22.789189, 75.783304 22.789313, 75.783172 22.766189, 75.808107 22.766065))"
Indore_r01_c02,Indore,2026,1,2,2026-01-01,2026-03-31,32643,582960.0,2517850.0,585520.0,2520410.0,75.82064347531578,22.777563092569235,1.0,17.08099365234375,0.051055908203125,0.46202075481414795,-0.1451575607061386,-0.3682791590690613,0.07928557693958282,True,tiles\Indore\2026\Indore_r01_c02.tif,18.0,0.005,"POLYGON ((75.833042 22.765937, 75.833182 22.789061, 75.808243 22.789189, 75.808107 22.766065, 75.833042 22.765937))"
Indore_r01_c03,Indore,2026,1,3,2026-01-01,2026-03-31,32643,585520.0,2517850.0,588080.0,2520410.0,75.84558024840638,22.777432909523466,1.0,17.04412841796875,0.0531039834022522,0.2369474470615387,0.0125235915184021,-0.3057080805301666,0.1061018854379654,True,tiles\Indore\2026\Indore_r01_c03.tif,18.0,0.005,"POLYGON ((75.857976 22.765805, 75.858121 22.788928, 75.833182 22.789061, 75.833042 22.765937, 75.857976 22.765805))"
Indore_r01_c04,Indore,2026,1,4,2026-01-01,2026-03-31,32643,588080.0,2517850.0,590640.0,2520410.0,75.87051683652341,22.777298830859465,1.0,16.94476318359375,0.058624267578125,0.3211345672607422,-0.04105370491743088,-0.34227919578552246,0.09608632326126099,True,tiles\Indore\2026\Indore_r01_c04.tif,18.0,0.005,"POLYGON ((75.882911 22.765669, 75.883059 22.788792, 75.858121 22.788928, 75.857976 22.765805, 75.882911 22.765669))"
Indore_r01_c05,Indore,2026,1,5,2026-01-01,2026-03-31,32643,590640.0,2517850.0,593200.0,2520410.0,75.89545323421417,22.777160856696533,1.0,16.339691162109375,0.0922393798828125,0.24056091904640198,0.026806848123669624,-0.32448941469192505,0.10785208642482758,True,tiles\Indore\2026\Indore_r01_c05.tif,18.0,0.005,"POLYGON ((75.907845 22.765529, 75.907998 22.788652, 75.883059 22.788792, 75.882911 22.765669, 75.907845 22.765529))"
Indore_r01_c06,Indore,2026,1,6,2026-01-01,2026-03-31,32643,593200.0,2517850.0,595760.0,2520410.0,75.92038943602633,22.77701898715743,1.0,16.26092529296875,0.0966152548789978,0.34042370319366455,-0.03614441305398941,-0.3549425005912781,0.09769226610660553,True,tiles\Indore\2026\Indore_r01_c06.tif,18.0,0.005,"POLYGON ((75.932779 22.765385, 75.932936 22.788508, 75.907998 22.788652, 75.907845 22.765529, 75.932779 22.765385))"
Indore_r01_c07,Indore,2026,1,7,2026-01-01,2026-03-31,32643,595760.0,2517850.0,598320.0,2520410.0,75.94532543650766,22.776873222368376,1.0,16.400115966796875,0.0888824462890625,0.39452439546585083,-0.08146970719099045,-0.3697362244129181,0.09139960259199142,True,tiles\Indore\2026\Indore_r01_c07.tif,18.0,0.005,"POLYGON ((75.957713 22.765238, 75.957874 22.788361, 75.932936 22.788508, 75.932779 22.765385, 75.957713 22.765238))"
Indore_r02_c00,Indore,2026,2,0,2026-01-01,2026-03-31,32643,577840.0,2515290.0,580400.0,2517850.0,75.77063959345845,22.754687569555692,1.0,17.257904052734375,0.04122757911682129,0.4207838773727417,-0.107880137860775,-0.3826259672641754,0.08180101215839386,True,tiles\Indore\2026\Indore_r02_c00.tif,18.0,0.005,"POLYGON ((75.78304 22.743065, 75.783172 22.766189, 75.758237 22.76631, 75.758109 22.743185, 75.78304 22.743065))"
Indore_r02_c01,Indore,2026,2,1,2026-01-01,2026-03-31,32643,580400.0,2515290.0,582960.0,2517850.0,75.79557252162608,22.754565315973636,1.0,17.048828125,0.05284285545349121,0.38873499631881714,-0.06970775127410889,-0.3768214285373688,0.08954814821481705,True,tiles\Indore\2026\Indore_r02_c01.tif,18.0,0.005,"POLYGON ((75.807971 22.742941, 75.808107 22.766065, 75.783172 22.766189, 75.78304 22.743065, 75.807971 22.742941))"
Indore_r02_c02,Indore,2026,2,2,2026-01-01,2026-03-31,32643,582960.0,2515290.0,585520.0,2517850.0,75.820505275857,22.75443917093387,1.0,17.07061767578125,0.0516323447227478,0.36240845918655396,-0.04275593161582947,-0.37050530314445496,0.09148667007684708,True,tiles\Indore\2026\Indore_r02_c02.tif,18.0,0.005,"POLYGON ((75.832902 22.742813, 75.833042 22.765937, 75.808107 22.766065, 75.807971 22.742941, 75.832902 22.742813))"
Indore_r02_c03,Indore,2026,2,3,2026-01-01,2026-03-31,32643,585520.0,2515290.0,588080.0,2517850.0,75.84543785070217,22.754309134548617,1.0,17.0010986328125,0.05549454689025879,0.2194899320602417,0.036224305629730225,-0.31154584884643555,0.10966984182596207,True,tiles\Indore\2026\Indore_r02_c03.tif,18.0,0.005,"POLYGON ((75.857832 22.742681, 75.857976 22.765805, 75.833042 22.765937, 75.832902 22.742813, 75.857832 22.742681))"
Indore_r02_c04,Indore,2026,2,4,2026-01-01,2026-03-31,32643,588080.0,2515290.0,590640.0,2517850.0,75.87037024071276,22.754175206933535,1.0,17.0,0.05555558204650879,0.21792778372764587,0.027699831873178482,-0.2950304448604584,0.11003447324037552,True,tiles\Indore\2026\Indore_r02_c04.tif,18.0,0.005,"POLYGON ((75.882762 22.742545, 75.882911 22.765669, 75.857976 22.765805, 75.857832 22.742681, 75.882762 22.742545))"
Indore_r02_c05,Indore,2026,2,5,2026-01-01,2026-03-31,32643,590640.0,2515290.0,593200.0,2517850.0,75.89530244044022,22.754037388207784,1.0,16.98394775390625,0.05644732713699341,0.2136019468307495,0.015772761777043343,-0.2768895924091339,0.11011394113302231,True,tiles\Indore\2026\Indore_r02_c05.tif,18.0,0.005,"POLYGON ((75.907692 22.742405, 75.907845 22.765529, 75.882911 22.765669, 75.882762 22.742545, 75.907692 22.742405))"
Indore_r02_c06,Indore,2026,2,6,2026-01-01,2026-03-31,32643,593200.0,2515290.0,595760.0,2517850.0,75.92023444443625,22.75389567849393,1.0,16.647125244140625,0.07515972852706909,0.25462526082992554,0.0061726560816168785,-0.31452062726020813,0.10905076563358307,True,tiles\Indore\2026\Indore_r02_c06.tif,18.0,0.005,"POLYGON ((75.932622 22.742262, 75.932779 22.765385, 75.907845 22.765529, 75.907692 22.742405, 75.932622 22.742262))"
Indore_r02_c07,Indore,2026,2,7,2026-01-01,2026-03-31,32643,595760.0,2515290.0,598320.0,2517850.0,75.94516624725273,22.753750077918035,1.0,16.379425048828125,0.09003192186355591,0.3843500018119812,-0.0743090957403183,-0.36889412999153137,0.09122753888368607,True,tiles\Indore\2026\Indore_r02_c07.tif,18.0,0.005,"POLYGON ((75.957552 22.742114, 75.957713 22.765238, 75.932779 22.765385, 75.932622 22.742262, 75.957552 22.742114))"
Indore_r03_c00,Indore,2026,3,0,2026-01-01,2026-03-31,32643,577840.0,2512730.0,580400.0,2515290.0,75.77050995937869,22.731563300143605,1.0,17.362701416015625,0.03540545701980591,0.45310279726982117,-0.11631050705909729,-0.39154642820358276,0.07948511838912964,True,tiles\Indore\2026\Indore_r03_c00.tif,18.0,0.005,"POLYGON ((75.782909 22.719941, 75.78304 22.743065, 75.758109 22.743185, 75.757982 22.720061, 75.782909 22.719941))"
Indore_r03_c01,Indore,2026,3,1,2026-01-01,2026-03-31,32643,580400.0,2512730.0,582960.0,2515290.0,75.79543869448443,22.731441184399802,1.0,17.228668212890625,0.04285174608230591,0.26859185099601746,0.03032761812210083,-0.37371397018432617,0.0981164500117302,True,tiles\Indore\2026\Indore_r03_c01.tif,18.0,0.005,"POLYGON ((75.807835 22.719817, 75.807971 22.742941, 75.78304 22.743065, 75.782909 22.719941, 75.807835 22.719817))"
Indore_r03_c02,Indore,2026,3,2,2026-01-01,2026-03-31,32643,582960.0,2512730.0,585520.0,2515290.0,75.82036725578403,22.731315181585565,1.0,17.00762939453125,0.05513167381286621,0.22104355692863464,0.036433201283216476,-0.3155853748321533,0.10912876576185226,True,tiles\Indore\2026\Indore_r03_c02.tif,18.0,0.005,"POLYGON ((75.832761 22.719689, 75.832902 22.742813, 75.807971 22.742941, 75.807835 22.719817, 75.832761 22.719689))"
Indore_r03_c03,Indore,2026,3,3,2026-01-01,2026-03-31,32643,585520.0,2512730.0,588080.0,2515290.0,75.84529563783258,22.731185291812963,1.0,17.02386474609375,0.054229736328125,0.2504884600639343,0.02160009741783142,-0.32093724608421326,0.10173039883375168,True,tiles\Indore\2026\Indore_r03_c03.tif,18.0,0.005,"POLYGON ((75.857688 22.719557, 75.857832 22.742681, 75.832902 22.742813, 75.832761 22.719689, 75.857688 22.719557))"
Indore_r03_c04,Indore,2026,3,4,2026-01-01,2026-03-31,32643,588080.0,2512730.0,590640.0,2515290.0,75.8702238351853,22.731051515197525,1.0,17.004638671875,0.0552978515625,0.2832663953304291,0.008442588150501251,-0.3348202705383301,0.09323373436927795,True,tiles\Indore\2026\Indore_r03_c04.tif,18.0,0.005,"POLYGON ((75.882614 22.719422, 75.882762 22.742545, 75.857832 22.742681, 75.857688 22.719557, 75.882614 22.719422))"
Indore_r03_c05,Indore,2026,3,5,2026-01-01,2026-03-31,32643,590640.0,2512730.0,593200.0,2515290.0,75.89515184239778,22.730913851858222,1.0,17.001220703125,0.055487751960754395,0.22807712852954865,0.01581166312098503,-0.2908221483230591,0.1050594300031662,True,tiles\Indore\2026\Indore_r03_c05.tif,18.0,0.005,"POLYGON ((75.90754 22.719282, 75.907692 22.742405, 75.882762 22.742545, 75.882614 22.719422, 75.90754 22.719282))"
Indore_r03_c06,Indore,2026,3,6,2026-01-01,2026-03-31,32643,593200.0,2512730.0,595760.0,2515290.0,75.92007965402574,22.730772301917487,1.0,16.900848388671875,0.06106400489807129,0.20274831354618073,0.04216887056827545,-0.3083254098892212,0.11524951457977295,True,tiles\Indore\2026\Indore_r03_c06.tif,18.0,0.005,"POLYGON ((75.932465 22.719139, 75.932622 22.742262, 75.907692 22.742405, 75.90754 22.719282, 75.932465 22.719139))"
Indore_r03_c07,Indore,2026,3,7,2026-01-01,2026-03-31,32643,595760.0,2512730.0,598320.0,2515290.0,75.94500726462519,22.73062686550119,1.0,16.57415771484375,0.07921344041824341,0.4370560050010681,-0.11514405161142349,-0.3796057105064392,0.08475527167320251,True,tiles\Indore\2026\Indore_r03_c07.tif,18.0,0.005,"POLYGON ((75.957391 22.718991, 75.957552 22.742114, 75.932622 22.742262, 75.932465 22.719139, 75.957391 22.718991))"
Indore_r04_c00,Indore,2026,4,0,2026-01-01,2026-03-31,32643,577840.0,2510170.0,580400.0,2512730.0,75.77038049365996,22.70843896316384,1.0,17.209808349609375,0.0438995361328125,0.5058205127716064,-0.1666671335697174,-0.397083044052124,0.06986796855926514,True,tiles\Indore\2026\Indore_r04_c00.tif,18.0,0.005,"POLYGON ((75.782777 22.696816, 75.782909 22.719941, 75.757982 22.720061, 75.757855 22.696936, 75.782777 22.696816))"
Indore_r04_c01,Indore,2026,4,1,2026-01-01,2026-03-31,32643,580400.0,2510170.0,582960.0,2512730.0,75.79530504114895,22.708316985213358,1.0,17.16571044921875,0.046349406242370605,0.4332016706466675,-0.10271801799535751,-0.38860780000686646,0.07946754992008209,True,tiles\Indore\2026\Indore_r04_c01.tif,18.0,0.005,"POLYGON ((75.807699 22.696693, 75.807835 22.719817, 75.782909 22.719941, 75.782777 22.696816, 75.807699 22.696693))"
Indore_r04_c02,Indore,2026,4,2,2026-01-01,2026-03-31,32643,582960.0,2510170.0,585520.0,2512730.0,75.82022941496218,22.708191124578295,1.0,17.02557373046875,0.0541347861289978,0.2567632794380188,0.0054132379591465,-0.3017016053199768,0.09652060270309448,True,tiles\Indore\2026\Indore_r04_c02.tif,18.0,0.005,"POLYGON ((75.832622 22.696565, 75.832761 22.719689, 75.807835 22.719817, 75.807699 22.696693, 75.832622 22.696565))"
Indore_r04_c03,Indore,2026,4,3,2026-01-01,2026-03-31,32643,585520.0,2510170.0,588080.0,2512730.0,75.84515360965881,22.708061381370573,1.0,17.00128173828125,0.0554843544960022,0.223758265376091,0.03747469559311867,-0.3106890320777893,0.10602365434169769,True,tiles\Indore\2026\Indore_r04_c03.tif,18.0,0.005,"POLYGON ((75.857544 22.696433, 75.857688 22.719557, 75.832761 22.719689, 75.832622 22.696565, 75.857544 22.696433))"
Indore_r04_c04,Indore,2026,4,4,2026-01-01,2026-03-31,32643,588080.0,2510170.0,590640.0,2512730.0,75.87007761979815,22.70792775570557,1.0,17.0,0.05555558204650879,0.2253759503364563,0.03421980142593384,-0.30867016315460205,0.1018836721777916,True,tiles\Indore\2026\Indore_r04_c04.tif,18.0,0.005,"POLYGON ((75.882465 22.696298, 75.882614 22.719422, 75.857688 22.719557, 75.857544 22.696433, 75.882465 22.696298))"
Indore_r04_c05,Indore,2026,4,5,2026-01-01,2026-03-31,32643,590640.0,2510170.0,593200.0,2512730.0,75.89500143993988,22.707790247702082,1.0,17.0361328125,0.05354815721511841,0.3372325301170349,-0.02556062489748001,-0.35539644956588745,0.08939769864082336,True,tiles\Indore\2026\Indore_r04_c05.tif,18.0,0.005,"POLYGON ((75.907387 22.696158, 75.90754 22.719282, 75.882614 22.719422, 75.882465 22.696298, 75.907387 22.696158))"
Indore_r04_c06,Indore,2026,4,6,2026-01-01,2026-03-31,32643,593200.0,2510170.0,595760.0,2512730.0,75.91992506464378,22.70764885748238,1.0,17.0250244140625,0.0541653037071228,0.26341742277145386,0.006798543967306614,-0.32753169536590576,0.10228443145751953,True,tiles\Indore\2026\Indore_r04_c06.tif,18.0,0.005,"POLYGON ((75.932309 22.696015, 75.932465 22.719139, 75.90754 22.719282, 75.907387 22.696158, 75.932309 22.696015))"
Indore_r04_c07,Indore,2026,4,7,2026-01-01,2026-03-31,32643,595760.0,2510170.0,598320.0,2512730.0,75.94484848846994,22.707503585172187,1.0,16.790924072265625,0.06717085838317871,0.3865339457988739,-0.05871148034930229,-0.39124584197998047,0.08816564828157425,True,tiles\Indore\2026\Indore_r04_c07.tif,18.0,0.005,"POLYGON ((75.95723 22.695868, 75.957391 22.718991, 75.932465 22.719139, 75.932309 22.696015, 75.95723 22.695868))"
Indore_r05_c00,Indore,2026,5,0,2026-01-01,2026-03-31,32643,577840.0,2507610.0,580400.0,2510170.0,75.7702511961759,22.68531455867028,1.0,16.58001708984375,0.078887939453125,0.4518704414367676,-0.10146376490592957,-0.41029584407806396,0.07119390368461609,True,tiles\Indore\2026\Indore_r05_c00.tif,18.0,0.005,"POLYGON ((75.782646 22.673692, 75.782777 22.696816, 75.757855 22.696936, 75.757727 22.673812, 75.782646 22.673692))"
Indore_r05_c01,Indore,2026,5,1,2026-01-01,2026-03-31,32643,580400.0,2507610.0,582960.0,2510170.0,75.79517156148927,22.68519271846826,1.0,17.3153076171875,0.03803849220275879,0.41649025678634644,-0.0440230555832386,-0.4326845407485962,0.07297073304653168,True,tiles\Indore\2026\Indore_r05_c01.tif,18.0,0.005,"POLYGON ((75.807564 22.673568, 75.807699 22.696693, 75.782777 22.696816, 75.782646 22.673692, 75.807564 22.673568))"
Indore_r05_c02,Indore,2026,5,2,2026-01-01,2026-03-31,32643,582960.0,2507610.0,585520.0,2510170.0,75.82009175325702,22.685066999966104,1.0,17.1380615234375,0.0478854775428772,0.19376887381076813,0.042624786496162415,-0.3020371198654175,0.11479973047971725,True,tiles\Indore\2026\Indore_r05_c02.tif,18.0,0.005,"POLYGON ((75.832482 22.673441, 75.832622 22.696565, 75.807699 22.696693, 75.807564 22.673568, 75.832482 22.673441))"
Indore_r05_c03,Indore,2026,5,3,2026-01-01,2026-03-31,32643,585520.0,2507610.0,588080.0,2510170.0,75.84501176604233,22.684937403275548,1.0,17.066497802734375,0.0518612265586853,0.27755314111709595,0.0023970494512468576,-0.3303601145744324,0.09909449517726898,True,tiles\Indore\2026\Indore_r05_c03.tif,18.0,0.005,"POLYGON ((75.8574 22.673309, 75.857544 22.696433, 75.832622 22.696565, 75.832482 22.673441, 75.8574 22.673309))"
Indore_r05_c04,Indore,2026,5,4,2026-01-01,2026-03-31,32643,588080.0,2507610.0,590640.0,2510170.0,75.86993159440871,22.68480392851183,1.0,17.02215576171875,0.0543246865272522,0.2989807426929474,-0.017884086817502975,-0.3223792314529419,0.09283934533596039,True,tiles\Indore\2026\Indore_r05_c04.tif,18.0,0.005,"POLYGON ((75.882317 22.673174, 75.882465 22.696298, 75.857544 22.696433, 75.8574 22.673309, 75.882317 22.673174))"
Indore_r05_c05,Indore,2026,5,5,2026-01-01,2026-03-31,32643,590640.0,2507610.0,593200.0,2510170.0,75.89485123291986,22.684666575793592,1.0,17.08599853515625,0.0507778525352478,0.21010571718215942,0.03988852724432945,-0.31159308552742004,0.1109345406293869,True,tiles\Indore\2026\Indore_r05_c05.tif,18.0,0.005,"POLYGON ((75.907235 22.673035, 75.907387 22.696158, 75.882465 22.696298, 75.882317 22.673174, 75.907235 22.673035))"
Indore_r05_c06,Indore,2026,5,6,2026-01-01,2026-03-31,32643,593200.0,2507610.0,595760.0,2510170.0,75.91977067613958,22.68452534524295,1.0,17.0,0.05555558204650879,0.2569497525691986,0.030810974538326263,-0.3512623608112335,0.10390377044677734,True,tiles\Indore\2026\Indore_r05_c06.tif,18.0,0.005,"POLYGON ((75.932152 22.672892, 75.932309 22.696015, 75.907387 22.696158, 75.907235 22.673035, 75.932152 22.672892))"
Indore_r05_c07,Indore,2026,5,7,2026-01-01,2026-03-31,32643,595760.0,2507610.0,598320.0,2510170.0,75.94468991863216,22.684380236985444,1.0,17.024658203125,0.05418562889099121,0.41002023220062256,-0.09505375474691391,-0.3714105486869812,0.08671994507312775,True,tiles\Indore\2026\Indore_r05_c07.tif,18.0,0.005,"POLYGON ((75.957069 22.672745, 75.95723 22.695868, 75.932309 22.696015, 75.932152 22.672892, 75.957069 22.672745))"
Indore_r06_c00,Indore,2026,6,0,2026-01-01,2026-03-31,32643,577840.0,2505050.0,580400.0,2507610.0,75.77012206680054,22.662190086716883,1.0,16.673828125,0.0736762285232544,0.41449087858200073,-0.10298454016447067,-0.3763030171394348,0.07313896715641022,True,tiles\Indore\2026\Indore_r06_c00.tif,18.0,0.005,"POLYGON ((75.782515 22.650568, 75.782646 22.673692, 75.757727 22.673812, 75.7576 22.650687, 75.782515 22.650568))"
Indore_r06_c01,Indore,2026,6,1,2026-01-01,2026-03-31,32643,580400.0,2505050.0,582960.0,2507610.0,75.79503825537523,22.662068384218532,1.0,16.586761474609375,0.0785132646560669,0.3508617877960205,0.0017826240509748459,-0.4048921465873718,0.07920341193675995,True,tiles\Indore\2026\Indore_r06_c01.tif,18.0,0.005,"POLYGON ((75.807429 22.650444, 75.807564 22.673568, 75.782646 22.673692, 75.782515 22.650568, 75.807429 22.650444))"
Indore_r06_c02,Indore,2026,6,2,2026-01-01,2026-03-31,32643,582960.0,2505050.0,585520.0,2507610.0,75.81995427053428,22.661942807803047,1.0,17.24774169921875,0.04179215431213379,0.32960328459739685,-0.029439270496368408,-0.36110371351242065,0.09217561781406403,True,tiles\Indore\2026\Indore_r06_c02.tif,18.0,0.005,"POLYGON ((75.832343 22.650317, 75.832482 22.673441, 75.807564 22.673568, 75.807429 22.650444, 75.832343 22.650317))"
Indore_r06_c03,Indore,2026,6,3,2026-01-01,2026-03-31,32643,585520.0,2505050.0,588080.0,2507610.0,75.84487010684491,22.661813357582027,1.0,17.25341796875,0.0414767861366272,0.3787546753883362,-0.06615923345088959,-0.3639945089817047,0.08698723465204239,True,tiles\Indore\2026\Indore_r06_c03.tif,18.0,0.005,"POLYGON ((75.857256 22.650185, 75.8574 22.673309, 75.832482 22.673441, 75.832343 22.650317, 75.857256 22.650185))"
Indore_r06_c04,Indore,2026,6,4,2026-01-01,2026-03-31,32643,588080.0,2505050.0,590640.0,2507610.0,75.86978575887464,22.661680033670542,1.0,17.428985595703125,0.0317230224609375,0.24268671870231628,-0.21292200684547424,-0.06743941456079483,0.07621896266937256,True,tiles\Indore\2026\Indore_r06_c04.tif,18.0,0.005,"POLYGON ((75.88217 22.65005, 75.882317 22.673174, 75.8574 22.673309, 75.857256 22.650185, 75.88217 22.65005))"
Indore_r06_c05,Indore,2026,6,5,2026-01-01,2026-03-31,32643,590640.0,2505050.0,593200.0,2507610.0,75.89470122119126,22.66154283618707,1.0,17.40277099609375,0.033179402351379395,0.41410356760025024,-0.10265666246414185,-0.35977816581726074,0.08102245628833771,True,tiles\Indore\2026\Indore_r06_c05.tif,18.0,0.005,"POLYGON ((75.907083 22.649911, 75.907235 22.673035, 75.882317 22.673174, 75.88217 22.65005, 75.907083 22.649911))"
Indore_r06_c06,Indore,2026,6,6,2026-01-01,2026-03-31,32643,593200.0,2505050.0,595760.0,2507610.0,75.91961648836268,22.66140176525357,1.0,17.194244384765625,0.04476422071456909,0.34097570180892944,-0.005000857636332512,-0.40285396575927734,0.08989102393388748,True,tiles\Indore\2026\Indore_r06_c06.tif,18.0,0.005,"POLYGON ((75.931996 22.649768, 75.932152 22.672892, 75.907235 22.673035, 75.907083 22.649911, 75.931996 22.649768))"
Indore_r06_c07,Indore,2026,6,7,2026-01-01,2026-03-31,32643,595760.0,2505050.0,598320.0,2507610.0,75.94453155495718,22.66125682099541,1.0,17.626861572265625,0.020729899406433105,0.41579633951187134,-0.0935860276222229,-0.3850216567516327,0.07873465865850449,True,tiles\Indore\2026\Indore_r06_c07.tif,18.0,0.005,"POLYGON ((75.956909 22.649621, 75.957069 22.672745, 75.932152 22.672892, 75.931996 22.649768, 75.956909 22.649621))"
Indore_r07_c00,Indore,2026,7,0,2026-01-01,2026-03-31,32643,577840.0,2502490.0,580400.0,2505050.0,75.76999310540796,22.639065547357607,1.0,17.032073974609375,0.05377364158630371,0.5330437421798706,-0.17633801698684692,-0.3977522850036621,0.06206688657402992,True,tiles\Indore\2026\Indore_r07_c00.tif,18.0,0.005,"POLYGON ((75.782384 22.627443, 75.782515 22.650568, 75.7576 22.650687, 75.757474 22.627563, 75.782384 22.627443))"
Indore_r07_c01,Indore,2026,7,1,2026-01-01,2026-03-31,32643,580400.0,2502490.0,582960.0,2505050.0,75.79490512267698,22.638943982518217,1.0,16.674224853515625,0.0736541748046875,0.2921234369277954,-0.014174902811646461,-0.34670180082321167,0.09704239666461945,True,tiles\Indore\2026\Indore_r07_c01.tif,18.0,0.005,"POLYGON ((75.807294 22.62732, 75.807429 22.650444, 75.782515 22.650568, 75.782384 22.627443, 75.807294 22.62732))"
Indore_r07_c02,Indore,2026,7,2,2026-01-01,2026-03-31,32643,582960.0,2502490.0,585520.0,2505050.0,75.81981696665999,22.638818548143266,1.0,17.040924072265625,0.05328202247619629,0.29047662019729614,-0.02295638620853424,-0.3272938132286072,0.09670498222112656,True,tiles\Indore\2026\Indore_r07_c02.tif,18.0,0.005,"POLYGON ((75.832203 22.627192, 75.832343 22.650317, 75.807429 22.650444, 75.807294 22.62732, 75.832203 22.627192))"
Indore_r07_c03,Indore,2026,7,3,2026-01-01,2026-03-31,32643,585520.0,2502490.0,588080.0,2505050.0,75.84472863192839,22.638689244344203,1.0,17.775177001953125,0.012490153312683105,0.2723073959350586,-0.002805907279253006,-0.35122719407081604,0.0984911173582077,True,tiles\Indore\2026\Indore_r07_c03.tif,18.0,0.005,"POLYGON ((75.857113 22.627061, 75.857256 22.650185, 75.832343 22.650317, 75.832203 22.627192, 75.857113 22.627061))"
Indore_r07_c04,Indore,2026,7,4,2026-01-01,2026-03-31,32643,588080.0,2502490.0,590640.0,2505050.0,75.86964011305375,22.638556071235953,1.0,17.69622802734375,0.016876220703125,0.4622463285923004,-0.1518053114414215,-0.3618584871292114,0.06898775696754456,True,tiles\Indore\2026\Indore_r07_c04.tif,18.0,0.005,"POLYGON ((75.882022 22.626926, 75.88217 22.65005, 75.857256 22.650185, 75.857113 22.627061, 75.882022 22.626926))"
Indore_r07_c05,Indore,2026,7,5,2026-01-01,2026-03-31,32643,590640.0,2502490.0,593200.0,2505050.0,75.89455140460782,22.63841902893683,1.0,17.71405029296875,0.01588606834411621,0.38378095626831055,-0.06324439495801926,-0.3801077902317047,0.08124789595603943,True,tiles\Indore\2026\Indore_r07_c05.tif,18.0,0.005,"POLYGON ((75.906931 22.626787, 75.907083 22.649911, 75.88217 22.65005, 75.882022 22.626926, 75.906931 22.626787))"
Indore_r07_c06,Indore,2026,7,6,2026-01-01,2026-03-31,32643,593200.0,2502490.0,595760.0,2505050.0,75.91946250116273,22.638278117568632,1.0,17.849761962890625,0.0083465576171875,0.4242040812969208,-0.0504092276096344,-0.43901610374450684,0.07284536957740784,True,tiles\Indore\2026\Indore_r07_c06.tif,18.0,0.005,"POLYGON ((75.93184 22.626645, 75.931996 22.649768, 75.907083 22.649911, 75.906931 22.626787, 75.93184 22.626645))"
Indore_r07_c07,Indore,2026,7,7,2026-01-01,2026-03-31,32643,595760.0,2502490.0,598320.0,2505050.0,75.9443733972907,22.63813333725657,1.0,17.380828857421875,0.03439837694168091,0.41237568855285645,-0.10574131458997726,-0.38214749097824097,0.07899489253759384,True,tiles\Indore\2026\Indore_r07_c07.tif,18.0,0.005,"POLYGON ((75.956749 22.626498, 75.956909 22.649621, 75.931996 22.649768, 75.93184 22.626645, 75.956749 22.626498))"
Mumbai_r00_c00,Mumbai,2020,0,0,2020-01-01,2020-03-31,32643,266450.0,2118270.0,269010.0,2120830.0,72.79152339045825,19.155926942377565,1.0,15.615875244140625,0.1324513554573059,0.30075007677078247,-0.1667863130569458,-0.16691496968269348,0.06357647478580475,True,tiles\Mumbai\2020\Mumbai_r00_c00.tif,18.0,0.575,"POLYGON ((72.80384 19.144513, 72.803534 19.167632, 72.779205 19.16734, 72.779514 19.144221, 72.80384 19.144513))"
Mumbai_r00_c01,Mumbai,2020,0,1,2020-01-01,2020-03-31,32643,269010.0,2118270.0,271570.0,2120830.0,72.81585126267986,19.156217892977494,1.0,15.546829223632812,0.13628727197647095,0.37184420228004456,-0.11363089084625244,-0.27709609270095825,0.05205478519201279,True,tiles\Mumbai\2020\Mumbai_r00_c01.tif,18.0,0.575,"POLYGON ((72.828167 19.144803, 72.827864 19.167922, 72.803534 19.167632, 72.80384 19.144513, 72.828167 19.144803))"
Mumbai_r00_c02,Mumbai,2020,0,2,2020-01-01,2020-03-31,32643,271570.0,2118270.0,274130.0,2120830.0,72.84017957341165,19.156505626480197,1.0,15.16448974609375,0.1575283408164978,0.25747886300086975,0.027448579668998718,-0.34218543767929077,0.08694567531347275,True,tiles\Mumbai\2020\Mumbai_r00_c02.tif,18.0,0.575,"POLYGON ((72.852494 19.145089, 72.852194 19.168208, 72.827864 19.167922, 72.828167 19.144803, 72.852494 19.145089))"
Mumbai_r00_c03,Mumbai,2020,0,3,2020-01-01,2020-03-31,32643,274130.0,2118270.0,276690.0,2120830.0,72.86450831778126,19.156790142637554,1.0,15.212554931640625,0.1548580527305603,0.5012810230255127,-0.08410327881574631,-0.45576512813568115,0.061051979660987854,True,tiles\Mumbai\2020\Mumbai_r00_c03.tif,18.0,0.575,"POLYGON ((72.876821 19.145371, 72.876525 19.168491, 72.852194 19.168208, 72.852494 19.145089, 72.876821 19.145371))"
Mumbai_r00_c04,Mumbai,2020,0,4,2020-01-01,2020-03-31,32643,276690.0,2118270.0,279250.0,2120830.0,72.88883749091585,19.157071441204202,1.0,15.251296997070312,0.15270572900772095,0.4414385259151459,-0.002135627903044224,-0.493060827255249,0.06573895364999771,True,tiles\Mumbai\2020\Mumbai_r00_c04.tif,18.0,0.575,"POLYGON ((72.901148 19.145651, 72.900856 19.168771, 72.876525 19.168491, 72.876821 19.145371, 72.901148 19.145651))"
Mumbai_r00_c05,Mumbai,2020,0,5,2020-01-01,2020-03-31,32643,279250.0,2118270.0,281810.0,2120830.0,72.91316708794206,19.157349521937537,1.0,15.353912353515625,0.1470048427581787,0.1250782608985901,-0.13533605635166168,0.07593969255685806,0.048793718218803406,True,tiles\Mumbai\2020\Mumbai_r00_c05.tif,18.0,0.575,"POLYGON ((72.925477 19.145927, 72.925187 19.169048, 72.900856 19.168771, 72.901148 19.145651, 72.925477 19.145927))"
Mumbai_r00_c06,Mumbai,2020,0,6,2020-01-01,2020-03-31,32643,281810.0,2118270.0,284370.0,2120830.0,72.93749710398606,19.157624384597742,1.0,14.4591064453125,0.19671630859375,0.26380613446235657,0.027694744989275932,-0.34000885486602783,0.08773697167634964,True,tiles\Mumbai\2020\Mumbai_r00_c06.tif,18.0,0.575,"POLYGON ((72.949805 19.1462, 72.949519 19.169321, 72.925187 19.169048, 72.925477 19.145927, 72.949805 19.1462))"
Mumbai_r00_c07,Mumbai,2020,0,7,2020-01-01,2020-03-31,32643,284370.0,2118270.0,286930.0,2120830.0,72.9618275341736,19.157896028947746,1.0,14.311386108398438,0.20492297410964966,0.3326025605201721,-0.14652299880981445,-0.19276472926139832,0.06885993480682373,True,tiles\Mumbai\2020\Mumbai_r00_c07.tif,18.0,0.575,"POLYGON ((72.974134 19.14647, 72.973852 19.169592, 72.949519 19.169321, 72.949805 19.1462, 72.974134 19.14647))"
Mumbai_r01_c00,Mumbai,2020,1,0,2020-01-01,2020-03-31,32643,266450.0,2115710.0,269010.0,2118270.0,72.7918310253229,19.132808103300533,1.0,16.135467529296875,0.1035851240158081,-0.15223848819732666,-0.1934313178062439,0.3356820344924927,0.07214044779539108,True,tiles\Mumbai\2020\Mumbai_r01_c00.tif,18.0,0.575,"POLYGON ((72.804146 19.121394, 72.80384 19.144513, 72.779514 19.144221, 72.779823 19.121102, 72.804146 19.121394))"
Mumbai_r01_c01,Mumbai,2020,1,1,2020-01-01,2020-03-31,32643,269010.0,2115710.0,271570.0,2118270.0,72.8161555153409,19.13309867618552,1.0,15.939666748046875,0.1144629716873169,0.1553502082824707,-0.11277536302804947,-0.0759626030921936,0.07930903136730194,True,tiles\Mumbai\2020\Mumbai_r01_c01.tif,18.0,0.575,"POLYGON ((72.828469 19.121683, 72.828167 19.144803, 72.80384 19.144513, 72.804146 19.121394, 72.828469 19.121683))"
Mumbai_r01_c02,Mumbai,2020,1,2,2020-01-01,2020-03-31,32643,271570.0,2115710.0,274130.0,2118270.0,72.84048044358875,19.133386036148483,1.0,15.73480224609375,0.1258442997932434,0.2501729130744934,0.028229622170329094,-0.33804556727409363,0.08964304625988007,True,tiles\Mumbai\2020\Mumbai_r01_c02.tif,18.0,0.575,"POLYGON ((72.852792 19.121969, 72.852494 19.145089, 72.828167 19.144803, 72.828469 19.121683, 72.852792 19.121969))"
Mumbai_r01_c03,Mumbai,2020,1,3,2020-01-01,2020-03-31,32643,274130.0,2115710.0,276690.0,2118270.0,72.86480580519721,19.133670182941657,1.0,14.800582885742188,0.17774540185928345,0.30066728591918945,0.02244182862341404,-0.3821460008621216,0.08413898199796677,True,tiles\Mumbai\2020\Mumbai_r01_c03.tif,18.0,0.575,"POLYGON ((72.877116 19.122251, 72.876821 19.145371, 72.852494 19.145089, 72.852792 19.121969, 72.877116 19.122251))"
Mumbai_r01_c04,Mumbai,2020,1,4,2020-01-01,2020-03-31,32643,276690.0,2115710.0,279250.0,2118270.0,72.88913159529649,19.13395111632005,1.0,14.756744384765625,0.1801808476448059,0.38644957542419434,-0.03720859810709953,-0.3853701949119568,0.07044340670108795,True,tiles\Mumbai\2020\Mumbai_r01_c04.tif,18.0,0.575,"POLYGON ((72.901441 19.12253, 72.901148 19.145651, 72.876821 19.145371, 72.877116 19.122251, 72.901441 19.12253))"
Mumbai_r01_c05,Mumbai,2020,1,5,2020-01-01,2020-03-31,32643,279250.0,2115710.0,281810.0,2118270.0,72.9134578090164,19.134228836041412,1.0,15.560226440429688,0.13554298877716064,0.32146236300468445,-0.12629491090774536,-0.1772436797618866,0.06685349345207214,True,tiles\Mumbai\2020\Mumbai_r01_c05.tif,18.0,0.575,"POLYGON ((72.925765 19.122806, 72.925477 19.145927, 72.901148 19.145651, 72.901441 19.12253, 72.925765 19.122806))"
Mumbai_r01_c06,Mumbai,2020,1,6,2020-01-01,2020-03-31,32643,281810.0,2115710.0,284370.0,2118270.0,72.93778444148623,19.134503341866278,1.0,14.924560546875,0.1708577275276184,0.3475857973098755,-0.06822814792394638,-0.30952340364456177,0.07877548038959503,True,tiles\Mumbai\2020\Mumbai_r01_c06.tif,18.0,0.575,"POLYGON ((72.950091 19.123079, 72.949805 19.1462, 72.925477 19.145927, 72.925765 19.122806, 72.950091 19.123079))"
Mumbai_r01_c07,Mumbai,2020,1,7,2020-01-01,2020-03-31,32643,284370.0,2115710.0,286930.0,2118270.0,72.96211148783475,19.134774633557917,1.0,14.62322998046875,0.1875983476638794,0.420540452003479,-0.2061876505613327,-0.20528900623321533,0.052513204514980316,True,tiles\Mumbai\2020\Mumbai_r01_c07.tif,18.0,0.575,"POLYGON ((72.974416 19.123348, 72.974134 19.14647, 72.949805 19.1462, 72.950091 19.123079, 72.974416 19.123348))"
Mumbai_r02_c00,Mumbai,2020,2,0,2020-01-01,2020-03-31,32643,266450.0,2113150.0,269010.0,2115710.0,72.79213821708883,19.109689201412664,1.0,16.964340209960938,0.05753666162490845,-0.3503516912460327,-0.2451358139514923,0.6428324580192566,0.06575693190097809,True,tiles\Mumbai\2020\Mumbai_r02_c00.tif,18.0,0.575,"POLYGON ((72.804451 19.098275, 72.804146 19.121394, 72.779823 19.121102, 72.780132 19.097984, 72.804451 19.098275))"
Mumbai_r02_c01,Mumbai,2020,2,1,2020-01-01,2020-03-31,32643,269010.0,2113150.0,271570.0,2115710.0,72.81645932977197,19.109979396684157,1.0,16.598159790039062,0.07788002490997314,-0.18261903524398804,-0.20453722774982452,0.3919519782066345,0.07520368695259094,True,tiles\Mumbai\2020\Mumbai_r02_c01.tif,18.0,0.575,"POLYGON ((72.828771 19.098564, 72.828469 19.121683, 72.804146 19.121394, 72.804451 19.098275, 72.828771 19.098564))"
Mumbai_r02_c02,Mumbai,2020,2,2,2020-01-01,2020-03-31,32643,271570.0,2113150.0,274130.0,2115710.0,72.84078088040513,19.110266383207712,1.0,15.860137939453125,0.1188812255859375,0.2921753227710724,-0.029625695198774338,-0.3055613040924072,0.08871931582689285,True,tiles\Mumbai\2020\Mumbai_r02_c02.tif,18.0,0.575,"POLYGON ((72.853091 19.098849, 72.852792 19.121969, 72.828469 19.121683, 72.828771 19.098564, 72.853091 19.098849))"
Mumbai_r02_c03,Mumbai,2020,2,3,2020-01-01,2020-03-31,32643,274130.0,2113150.0,276690.0,2115710.0,72.86510286412216,19.110550160735922,1.0,15.58544921875,0.1341416835784912,0.2630618214607239,0.012220127508044243,-0.3326338529586792,0.0905674546957016,True,tiles\Mumbai\2020\Mumbai_r02_c03.tif,18.0,0.575,"POLYGON ((72.877412 19.099131, 72.877116 19.122251, 72.852792 19.121969, 72.853091 19.098849, 72.877412 19.099131))"
Mumbai_r02_c04,Mumbai,2020,2,4,2020-01-01,2020-03-31,32643,276690.0,2113150.0,279250.0,2115710.0,72.88942527605643,19.110830729024165,1.0,15.039932250976562,0.16444820165634155,0.23255079984664917,0.031041549518704414,-0.32071441411972046,0.09369338303804398,True,tiles\Mumbai\2020\Mumbai_r02_c04.tif,18.0,0.575,"POLYGON ((72.901732 19.09941, 72.901441 19.12253, 72.877116 19.122251, 72.877412 19.099131, 72.901732 19.09941))"
Mumbai_r02_c05,Mumbai,2020,2,5,2020-01-01,2020-03-31,32643,279250.0,2113150.0,281810.0,2115710.0,72.91374811134075,19.111108087830537,1.0,15.663894653320312,0.12978363037109375,0.27858206629753113,0.006146120838820934,-0.3300670385360718,0.08792892843484879,True,tiles\Mumbai\2020\Mumbai_r02_c05.tif,18.0,0.575,"POLYGON ((72.926054 19.099685, 72.925765 19.122806, 72.901441 19.12253, 72.901732 19.09941, 72.926054 19.099685))"
Mumbai_r02_c06,Mumbai,2020,2,6,2020-01-01,2020-03-31,32643,281810.0,2113150.0,284370.0,2115710.0,72.93807136510755,19.111382236915926,1.0,15.029037475585938,0.16505348682403564,0.36922162771224976,-0.08153582364320755,-0.31305110454559326,0.06999370455741882,True,tiles\Mumbai\2020\Mumbai_r02_c06.tif,18.0,0.575,"POLYGON ((72.950376 19.099958, 72.950091 19.123079, 72.925765 19.122806, 72.926054 19.099685, 72.950376 19.099958))"
Mumbai_r02_c07,Mumbai,2020,2,7,2020-01-01,2020-03-31,32643,284370.0,2113150.0,286930.0,2115710.0,72.96239503248873,19.11165317604396,1.0,14.991546630859375,0.1671363115310669,0.22677050530910492,-0.2932050824165344,0.08829259127378464,0.055828459560871124,True,tiles\Mumbai\2020\Mumbai_r02_c07.tif,18.0,0.575,"POLYGON ((72.974698 19.100227, 72.974416 19.123348, 72.950091 19.123079, 72.950376 19.099958, 72.974698 19.100227))"
Mumbai_r03_c00,Mumbai,2020,3,0,2020-01-01,2020-03-31,32643,266450.0,2110590.0,269010.0,2113150.0,72.79244496603893,19.086570236780666,1.0,16.858108520507812,0.06343841552734375,-0.3824419677257538,-0.2436402291059494,0.6621673107147217,0.06925991922616959,True,tiles\Mumbai\2020\Mumbai_r03_c00.tif,18.0,0.575,"POLYGON ((72.804756 19.075156, 72.804451 19.098275, 72.780132 19.097984, 72.78044 19.074865, 72.804756 19.075156))"
Mumbai_r03_c01,Mumbai,2020,3,1,2020-01-01,2020-03-31,32643,269010.0,2110590.0,271570.0,2113150.0,72.8167627062529,19.08686005453996,1.0,16.574295043945312,0.07920581102371216,-0.26585450768470764,-0.19668906927108765,0.44930487871170044,0.0758376196026802,True,tiles\Mumbai\2020\Mumbai_r03_c01.tif,18.0,0.575,"POLYGON ((72.829072 19.075444, 72.828771 19.098564, 72.804451 19.098275, 72.804756 19.075156, 72.829072 19.075444))"
Mumbai_r03_c02,Mumbai,2020,3,2,2020-01-01,2020-03-31,32643,271570.0,2110590.0,274130.0,2113150.0,72.84108088413753,19.08714666772428,1.0,16.276229858398438,0.09576499462127686,0.2647077441215515,0.01445118710398674,-0.334724098443985,0.09085804224014282,True,tiles\Mumbai\2020\Mumbai_r03_c02.tif,18.0,0.575,"POLYGON ((72.853389 19.075729, 72.853091 19.098849, 72.828771 19.098564, 72.829072 19.075444, 72.853389 19.075729))"
Mumbai_r03_c03,Mumbai,2020,3,3,2020-01-01,2020-03-31,32643,274130.0,2110590.0,276690.0,2113150.0,72.86539949482983,19.0874300760866,1.0,15.644561767578125,0.1308577060699463,0.17488722503185272,0.06386114656925201,-0.30928850173950195,0.11249705404043198,True,tiles\Mumbai\2020\Mumbai_r03_c03.tif,18.0,0.575,"POLYGON ((72.877706 19.076011, 72.877412 19.099131, 72.853091 19.098849, 72.853389 19.075729, 72.877706 19.076011))"
Mumbai_r03_c04,Mumbai,2020,3,4,2020-01-01,2020-03-31,32643,276690.0,2110590.0,279250.0,2113150.0,72.88971853346617,19.087710279382623,1.0,15.104202270507812,0.16087764501571655,0.21124938130378723,0.05932704359292984,-0.33343958854675293,0.0979006290435791,True,tiles\Mumbai\2020\Mumbai_r03_c04.tif,18.0,0.575,"POLYGON ((72.902024 19.076289, 72.901732 19.09941, 72.877412 19.099131, 72.877706 19.076011, 72.902024 19.076289))"
Mumbai_r03_c05,Mumbai,2020,3,5,2020-01-01,2020-03-31,32643,279250.0,2110590.0,281810.0,2113150.0,72.91403799518254,19.087987277370846,1.0,15.064361572265625,0.1630910038948059,0.305511474609375,-0.03373558819293976,-0.3137388825416565,0.08611774444580078,True,tiles\Mumbai\2020\Mumbai_r03_c05.tif,18.0,0.575,"POLYGON ((72.926342 19.076564, 72.926054 19.099685, 72.901732 19.09941, 72.902024 19.076289, 72.926342 19.076564))"
Mumbai_r03_c06,Mumbai,2020,3,6,2020-01-01,2020-03-31,32643,281810.0,2110590.0,284370.0,2113150.0,72.93835787511442,19.088261069812475,1.0,14.925888061523438,0.17078399658203125,0.4864051342010498,-0.19423365592956543,-0.3018607795238495,0.05598963424563408,True,tiles\Mumbai\2020\Mumbai_r03_c06.tif,18.0,0.575,"POLYGON ((72.95066 19.076836, 72.950376 19.099958, 72.926054 19.099685, 72.926342 19.076564, 72.95066 19.076836))"
Mumbai_r03_c07,Mumbai,2020,3,7,2020-01-01,2020-03-31,32643,284370.0,2110590.0,286930.0,2113150.0,72.96267816839678,19.088531656471492,1.0,15.26226806640625,0.1520962119102478,0.05691687390208244,-0.3450983762741089,0.30803626775741577,0.06007324904203415,True,tiles\Mumbai\2020\Mumbai_r03_c07.tif,18.0,0.575,"POLYGON ((72.974979 19.077105, 72.974698 19.100227, 72.950376 19.099958, 72.95066 19.076836, 72.974979 19.077105))"
Mumbai_r04_c00,Mumbai,2020,4,0,2020-01-01,2020-03-31,32643,266450.0,2108030.0,269010.0,2110590.0,72.79275127245563,19.063451209471282,1.0,16.680877685546875,0.0732845664024353,-0.37997889518737793,-0.2561081051826477,0.6611377596855164,0.06885841488838196,True,tiles\Mumbai\2020\Mumbai_r04_c00.tif,18.0,0.575,"POLYGON ((72.805061 19.052037, 72.804756 19.075156, 72.78044 19.074865, 72.780748 19.051746, 72.805061 19.052037))"
Mumbai_r04_c01,Mumbai,2020,4,1,2020-01-01,2020-03-31,32643,269010.0,2108030.0,271570.0,2110590.0,72.817065645063,19.0637406498195,1.0,16.627227783203125,0.07626509666442871,-0.11206774413585663,-0.1945653110742569,0.27844002842903137,0.07443932443857193,True,tiles\Mumbai\2020\Mumbai_r04_c01.tif,18.0,0.575,"POLYGON ((72.829373 19.052324, 72.829072 19.075444, 72.804756 19.075156, 72.805061 19.052037, 72.829373 19.052324))"
Mumbai_r04_c02,Mumbai,2020,4,2,2020-01-01,2020-03-31,32643,271570.0,2108030.0,274130.0,2110590.0,72.84138045506221,19.064026889764612,1.0,16.39190673828125,0.08933854103088379,0.23881912231445312,0.013810846023261547,-0.30687034130096436,0.08870730549097061,True,tiles\Mumbai\2020\Mumbai_r04_c02.tif,18.0,0.575,"POLYGON ((72.853687 19.052609, 72.853389 19.075729, 72.829072 19.075444, 72.829373 19.052324, 72.853687 19.052609))"
Mumbai_r04_c03,Mumbai,2020,4,3,2020-01-01,2020-03-31,32643,274130.0,2108030.0,276690.0,2110590.0,72.86569569759328,19.064309929059934,1.0,15.361663818359375,0.1465742588043213,0.2407483160495758,0.012469477020204067,-0.30924373865127563,0.08746607601642609,True,tiles\Mumbai\2020\Mumbai_r04_c03.tif,18.0,0.575,"POLYGON ((72.878001 19.05289, 72.877706 19.076011, 72.853389 19.075729, 72.853687 19.052609, 72.878001 19.05289))"
Mumbai_r04_c04,Mumbai,2020,4,4,2020-01-01,2020-03-31,32643,276690.0,2108030.0,279250.0,2110590.0,72.89001136779578,19.06458976746155,1.0,15.325042724609375,0.1486087441444397,0.254380464553833,0.00774203147739172,-0.3196812868118286,0.08794999867677689,True,tiles\Mumbai\2020\Mumbai_r04_c04.tif,18.0,0.575,"POLYGON ((72.902315 19.053168, 72.902024 19.076289, 72.877706 19.076011, 72.878001 19.05289, 72.902315 19.053168))"
Mumbai_r04_c05,Mumbai,2020,4,5,2020-01-01,2020-03-31,32643,279250.0,2108030.0,281810.0,2110590.0,72.9143274608087,19.064866404728285,1.0,15.339996337890625,0.1477779746055603,0.21884626150131226,0.023075275123119354,-0.2976371645927429,0.09766043722629547,True,tiles\Mumbai\2020\Mumbai_r04_c05.tif,18.0,0.575,"POLYGON ((72.926629 19.053443, 72.926342 19.076564, 72.902024 19.076289, 72.902315 19.053168, 72.926629 19.053443))"
Mumbai_r04_c06,Mumbai,2020,4,6,2020-01-01,2020-03-31,32643,281810.0,2108030.0,284370.0,2110590.0,72.93864397177063,19.065139840621715,1.0,14.791610717773438,0.17824387550354004,0.3107011318206787,-0.0681915357708931,-0.2774781882762909,0.07691439986228943,True,tiles\Mumbai\2020\Mumbai_r04_c06.tif,18.0,0.575,"POLYGON ((72.950944 19.053715, 72.95066 19.076836, 72.926342 19.076564, 72.926629 19.053443, 72.950944 19.053715))"
Mumbai_r04_c07,Mumbai,2020,4,7,2020-01-01,2020-03-31,32643,284370.0,2108030.0,286930.0,2110590.0,72.96296089581968,19.06541007490617,1.0,15.096328735351562,0.16131508350372314,0.05145775526762009,-0.2972065210342407,0.26151788234710693,0.0623474195599556,True,tiles\Mumbai\2020\Mumbai_r04_c07.tif,18.0,0.575,"POLYGON ((72.97526 19.053983, 72.974979 19.077105, 72.95066 19.076836, 72.950944 19.053715, 72.97526 19.053983))"
Mumbai_r05_c00,Mumbai,2020,5,0,2020-01-01,2020-03-31,32643,266450.0,2105470.0,269010.0,2108030.0,72.79305713662089,19.040332119551277,1.0,16.426254272460938,0.08743029832839966,-0.3397406339645386,-0.23325347900390625,0.6296910047531128,0.06538238376379013,True,tiles\Mumbai\2020\Mumbai_r05_c00.tif,18.0,0.575,"POLYGON ((72.805364 19.028918, 72.805061 19.052037, 72.780748 19.051746, 72.781055 19.028627, 72.805364 19.028918))"
Mumbai_r05_c01,Mumbai,2020,5,1,2020-01-01,2020-03-31,32643,269010.0,2105470.0,271570.0,2108030.0,72.81736814648116,19.040621182589405,1.0,16.88555908203125,0.061913371086120605,-0.23277169466018677,-0.1966036707162857,0.44500017166137695,0.06711101531982422,True,tiles\Mumbai\2020\Mumbai_r05_c01.tif,18.0,0.575,"POLYGON ((72.829674 19.029205, 72.829373 19.052324, 72.805061 19.052037, 72.805364 19.028918, 72.829674 19.029205))"
Mumbai_r05_c02,Mumbai,2020,5,2,2020-01-01,2020-03-31,32643,271570.0,2105470.0,274130.0,2108030.0,72.8416795934549,19.04090704939516,1.0,16.2579345703125,0.09678143262863159,0.10160668939352036,-0.05847370624542236,-0.07482551038265228,0.07446960359811783,True,tiles\Mumbai\2020\Mumbai_r05_c02.tif,18.0,0.575,"POLYGON ((72.853984 19.029489, 72.853687 19.052609, 72.829373 19.052324, 72.829674 19.029205, 72.853984 19.029489))"
Mumbai_r05_c03,Mumbai,2020,5,3,2020-01-01,2020-03-31,32643,274130.0,2105470.0,276690.0,2108030.0,72.86599147268527,19.04118971972223,1.0,14.84454345703125,0.1753031611442566,0.23113256692886353,0.02880743332207203,-0.3226636052131653,0.08772045373916626,True,tiles\Mumbai\2020\Mumbai_r05_c03.tif,18.0,0.575,"POLYGON ((72.878294 19.02977, 72.878001 19.05289, 72.853687 19.052609, 72.853984 19.029489, 72.878294 19.02977))"
Mumbai_r05_c04,Mumbai,2020,5,4,2020-01-01,2020-03-31,32643,276690.0,2105470.0,279250.0,2108030.0,72.89030377931482,19.041469193327067,1.0,15.407501220703125,0.1440277099609375,0.31356361508369446,-0.031996723264455795,-0.3322157561779022,0.0840345174074173,True,tiles\Mumbai\2020\Mumbai_r05_c04.tif,18.0,0.575,"POLYGON ((72.902605 19.030047, 72.902315 19.053168, 72.878001 19.05289, 72.878294 19.02977, 72.902605 19.030047))"
Mumbai_r05_c05,Mumbai,2020,5,5,2020-01-01,2020-03-31,32643,279250.0,2105470.0,281810.0,2108030.0,72.91461650848574,19.04174546996885,1.0,15.504287719726562,0.13865065574645996,0.33737826347351074,-0.03264617919921875,-0.344398558139801,0.07957209646701813,True,tiles\Mumbai\2020\Mumbai_r05_c05.tif,18.0,0.575,"POLYGON ((72.926917 19.030322, 72.926629 19.053443, 72.902315 19.053168, 72.902605 19.030047, 72.926917 19.030322))"
Mumbai_r05_c06,Mumbai,2020,5,6,2020-01-01,2020-03-31,32643,281810.0,2105470.0,284370.0,2108030.0,72.93892965533965,19.04201854940948,1.0,14.957717895507812,0.16901564598083496,0.3207954168319702,-0.023480283096432686,-0.33425819873809814,0.08262962102890015,True,tiles\Mumbai\2020\Mumbai_r05_c06.tif,18.0,0.575,"POLYGON ((72.951228 19.030593, 72.950944 19.053715, 72.926629 19.053443, 72.926917 19.030322, 72.951228 19.030593))"
Mumbai_r05_c07,Mumbai,2020,5,7,2020-01-01,2020-03-31,32643,284370.0,2105470.0,286930.0,2108030.0,72.96324321501773,19.042288431413677,1.0,14.899795532226562,0.17223358154296875,0.06774023175239563,-0.3151127099990845,0.26068973541259766,0.06553839147090912,True,tiles\Mumbai\2020\Mumbai_r05_c07.tif,18.0,0.575,"POLYGON ((72.97554 19.030861, 72.97526 19.053983, 72.950944 19.053715, 72.951228 19.030593, 72.97554 19.030861))"
Mumbai_r06_c00,Mumbai,2020,6,0,2020-01-01,2020-03-31,32643,266450.0,2102910.0,269010.0,2105470.0,72.79336255881613,19.01721296708748,1.0,17.074615478515625,0.0514102578163147,-0.3573760390281677,-0.12704476714134216,0.5815755128860474,0.061990052461624146,True,tiles\Mumbai\2020\Mumbai_r06_c00.tif,18.0,0.575,"POLYGON ((72.805668 19.005798, 72.805364 19.028918, 72.781055 19.028627, 72.781362 19.005508, 72.805668 19.005798))"
Mumbai_r06_c01,Mumbai,2020,6,1,2020-01-01,2020-03-31,32643,269010.0,2102910.0,271570.0,2105470.0,72.8176702107857,19.017501652916312,1.0,16.121688842773438,0.10435062646865845,-0.09634321182966232,-0.12014006078243256,0.21919383108615875,0.07097868621349335,True,tiles\Mumbai\2020\Mumbai_r06_c01.tif,18.0,0.575,"POLYGON ((72.829974 19.006085, 72.829674 19.029205, 72.805364 19.028918, 72.805668 19.005798, 72.829974 19.006085))"
Mumbai_r06_c02,Mumbai,2020,6,2,2020-01-01,2020-03-31,32643,271570.0,2102910.0,274130.0,2105470.0,72.84197829959089,19.01778714668241,1.0,16.053176879882812,0.10815685987472534,0.22682787477970123,0.00902070663869381,-0.2872251868247986,0.08476927876472473,True,tiles\Mumbai\2020\Mumbai_r06_c02.tif,18.0,0.575,"POLYGON ((72.854281 19.006369, 72.853984 19.029489, 72.829674 19.029205, 72.829974 19.006085, 72.854281 19.006369))"
Mumbai_r06_c03,Mumbai,2020,6,3,2020-01-01,2020-03-31,32643,274130.0,2102910.0,276690.0,2105470.0,72.86628682037791,19.018069448139833,1.0,15.661376953125,0.1299235224723816,0.3010103106498718,-0.03598566725850105,-0.3154639005661011,0.07782462239265442,True,tiles\Mumbai\2020\Mumbai_r06_c03.tif,18.0,0.575,"POLYGON ((72.878588 19.006649, 72.878294 19.02977, 72.853984 19.029489, 72.854281 19.006369, 72.878588 19.006649))"
Mumbai_r06_c04,Mumbai,2020,6,4,2020-01-01,2020-03-31,32643,276690.0,2102910.0,279250.0,2105470.0,72.89059576829243,19.018348557045357,1.0,14.722610473632812,0.18207716941833496,0.27776452898979187,-0.03906392306089401,-0.2937711477279663,0.08293645083904266,True,tiles\Mumbai\2020\Mumbai_r06_c04.tif,18.0,0.575,"POLYGON ((72.902895 19.006927, 72.902605 19.030047, 72.878294 19.02977, 72.878588 19.006649, 72.902895 19.006927))"
Mumbai_r06_c05,Mumbai,2020,6,5,2020-01-01,2020-03-31,32643,279250.0,2102910.0,281810.0,2105470.0,72.91490513847968,19.01862447315855,1.0,14.868927001953125,0.1739485263824463,0.37548884749412537,-0.0334758460521698,-0.38385337591171265,0.07510031759738922,True,tiles\Mumbai\2020\Mumbai_r06_c05.tif,18.0,0.575,"POLYGON ((72.927203 19.007201, 72.926917 19.030322, 72.902605 19.030047, 72.902895 19.006927, 72.927203 19.007201))"
Mumbai_r06_c06,Mumbai,2020,6,6,2020-01-01,2020-03-31,32643,281810.0,2102910.0,284370.0,2105470.0,72.93921492608435,19.018897196241664,1.0,14.917724609375,0.1712375283241272,0.35374778509140015,-0.2783598303794861,-0.06729886680841446,0.06168297305703163,True,tiles\Mumbai\2020\Mumbai_r06_c06.tif,18.0,0.575,"POLYGON ((72.951512 19.007472, 72.951228 19.030593, 72.926917 19.030322, 72.927203 19.007201, 72.951512 19.007472))"
Mumbai_r06_c07,Mumbai,2020,6,7,2020-01-01,2020-03-31,32643,284370.0,2102910.0,286930.0,2105470.0,72.96352512625077,19.019166726059737,1.0,15.614501953125,0.1325276494026184,-0.216901034116745,-0.3733650743961334,0.5914255976676941,0.06920777261257172,True,tiles\Mumbai\2020\Mumbai_r06_c07.tif,18.0,0.575,"POLYGON ((72.97582 19.007739, 72.97554 19.030861, 72.951228 19.030593, 72.951512 19.007472, 72.97582 19.007739))"
Mumbai_r07_c00,Mumbai,2020,7,0,2020-01-01,2020-03-31,32643,266450.0,2100350.0,269010.0,2102910.0,72.79366753932229,18.99409375214672,1.0,16.607131958007812,0.07738155126571655,-0.32357460260391235,-0.17837245762348175,0.5961076021194458,0.059060532599687576,True,tiles\Mumbai\2020\Mumbai_r07_c00.tif,18.0,0.575,"POLYGON ((72.805971 18.982679, 72.805668 19.005798, 72.781362 19.005508, 72.781669 18.982389, 72.805971 18.982679))"
Mumbai_r07_c01,Mumbai,2020,7,1,2020-01-01,2020-03-31,32643,269010.0,2100350.0,271570.0,2102910.0,72.81797183825448,18.994382060866904,1.0,15.317764282226562,0.14901310205459595,0.10469713807106018,-0.029707718640565872,-0.10526411235332489,0.08124333620071411,True,tiles\Mumbai\2020\Mumbai_r07_c01.tif,18.0,0.575,"POLYGON ((72.830274 18.982965, 72.829974 19.006085, 72.805668 19.005798, 72.805971 18.982679, 72.830274 18.982965))"
Mumbai_r07_c02,Mumbai,2020,7,2,2020-01-01,2020-03-31,32643,271570.0,2100350.0,274130.0,2102910.0,72.84227657374494,18.99466718169289,1.0,14.5748291015625,0.1902872920036316,0.2523637115955353,0.0372077152132988,-0.3416713774204254,0.08385401964187622,True,tiles\Mumbai\2020\Mumbai_r07_c02.tif,18.0,0.575,"POLYGON ((72.854577 18.983249, 72.854281 19.006369, 72.829974 19.006085, 72.830274 18.982965, 72.854577 18.983249))"
Mumbai_r07_c03,Mumbai,2020,7,3,2020-01-01,2020-03-31,32643,274130.0,2100350.0,276690.0,2102910.0,72.86658174094293,18.99494911437908,1.0,15.83782958984375,0.1201205849647522,-0.032915305346250534,-0.2642206847667694,0.28001391887664795,0.07168091833591461,True,tiles\Mumbai\2020\Mumbai_r07_c03.tif,18.0,0.575,"POLYGON ((72.878881 18.983529, 72.878588 19.006649, 72.854281 19.006369, 72.854577 18.983249, 72.878881 18.983529))"
Mumbai_r07_c04,Mumbai,2020,7,4,2020-01-01,2020-03-31,32643,276690.0,2100350.0,279250.0,2102910.0,72.8908873349972,18.99522785868263,1.0,15.127273559570312,0.15959590673446655,-0.020279228687286377,-0.26440441608428955,0.26664847135543823,0.07253643870353699,True,tiles\Mumbai\2020\Mumbai_r07_c04.tif,18.0,0.575,"POLYGON ((72.903185 18.983806, 72.902895 19.006927, 72.878588 19.006649, 72.878881 18.983529, 72.903185 18.983806))"
Mumbai_r07_c05,Mumbai,2020,7,5,2020-01-01,2020-03-31,32643,279250.0,2100350.0,281810.0,2102910.0,72.91519335105605,18.99550341436344,1.0,15.019363403320312,0.16559094190597534,-0.003288567066192627,-0.27198460698127747,0.2610062062740326,0.07159163057804108,True,tiles\Mumbai\2020\Mumbai_r07_c05.tif,18.0,0.575,"POLYGON ((72.92749 18.984079, 72.927203 19.007201, 72.902895 19.006927, 72.903185 18.983806, 72.92749 18.984079))"
Mumbai_r07_c06,Mumbai,2020,7,6,2020-01-01,2020-03-31,32643,281810.0,2100350.0,284370.0,2102910.0,72.93949978426727,18.995775781184136,1.0,15.30267333984375,0.1498515009880066,-0.3299436569213867,-0.3615453839302063,0.6718141436576843,0.07350310683250427,True,tiles\Mumbai\2020\Mumbai_r07_c06.tif,18.0,0.575,"POLYGON ((72.951795 18.98435, 72.951512 19.007472, 72.927203 19.007201, 72.92749 18.984079, 72.951795 18.98435))"
Mumbai_r07_c07,Mumbai,2020,7,7,2020-01-01,2020-03-31,32643,284370.0,2100350.0,286930.0,2102910.0,72.9638066297782,18.99604495891009,1.0,16.40673828125,0.08851456642150879,-0.3230537176132202,-0.3676038682460785,0.6833608150482178,0.07080455869436264,True,tiles\Mumbai\2020\Mumbai_r07_c07.tif,18.0,0.575,"POLYGON ((72.9761 18.984617, 72.97582 19.007739, 72.951512 19.007472, 72.951795 18.98435, 72.9761 18.984617))"
Mumbai_r00_c00,Mumbai,2021,0,0,2021-01-01,2021-03-31,32643,266450.0,2118270.0,269010.0,2120830.0,72.79152339045825,19.155926942377565,1.0,16.215438842773438,0.09914231300354004,0.3219454288482666,-0.15930137038230896,-0.19685660302639008,0.059204645454883575,True,tiles\Mumbai\2021\Mumbai_r00_c00.tif,18.0,0.0,"POLYGON ((72.80384 19.144513, 72.803534 19.167632, 72.779205 19.16734, 72.779514 19.144221, 72.80384 19.144513))"
Mumbai_r00_c01,Mumbai,2021,0,1,2021-01-01,2021-03-31,32643,269010.0,2118270.0,271570.0,2120830.0,72.81585126267986,19.156217892977494,1.0,16.138275146484375,0.10342913866043091,0.35255634784698486,-0.09346873313188553,-0.2869904935359955,0.05037086457014084,True,tiles\Mumbai\2021\Mumbai_r00_c01.tif,18.0,0.0,"POLYGON ((72.828167 19.144803, 72.827864 19.167922, 72.803534 19.167632, 72.80384 19.144513, 72.828167 19.144803))"
Mumbai_r00_c02,Mumbai,2021,0,2,2021-01-01,2021-03-31,32643,271570.0,2118270.0,274130.0,2120830.0,72.84017957341165,19.156505626480197,1.0,15.930023193359375,0.1149986982345581,0.2626960873603821,0.025701208040118217,-0.3454205095767975,0.0841459333896637,True,tiles\Mumbai\2021\Mumbai_r00_c02.tif,18.0,0.0,"POLYGON ((72.852494 19.145089, 72.852194 19.168208, 72.827864 19.167922, 72.828167 19.144803, 72.852494 19.145089))"
Mumbai_r00_c03,Mumbai,2021,0,3,2021-01-01,2021-03-31,32643,274130.0,2118270.0,276690.0,2120830.0,72.86450831778126,19.156790142637554,1.0,15.93878173828125,0.11451214551925659,0.49246424436569214,-0.07355909794569016,-0.45868295431137085,0.05902547016739845,True,tiles\Mumbai\2021\Mumbai_r00_c03.tif,18.0,0.0,"POLYGON ((72.876821 19.145371, 72.876525 19.168491, 72.852194 19.168208, 72.852494 19.145089, 72.876821 19.145371))"
Mumbai_r00_c04,Mumbai,2021,0,4,2021-01-01,2021-03-31,32643,276690.0,2118270.0,279250.0,2120830.0,72.88883749091585,19.157071441204202,1.0,15.911956787109375,0.11600238084793091,0.43388456106185913,0.006440546829253435,-0.4922502636909485,0.0638861283659935,True,tiles\Mumbai\2021\Mumbai_r00_c04.tif,18.0,0.0,"POLYGON ((72.901148 19.145651, 72.900856 19.168771, 72.876525 19.168491, 72.876821 19.145371, 72.901148 19.145651))"
Mumbai_r00_c05,Mumbai,2021,0,5,2021-01-01,2021-03-31,32643,279250.0,2118270.0,281810.0,2120830.0,72.91316708794206,19.157349521937537,1.0,15.6158447265625,0.1324530839920044,0.13474822044372559,-0.16227483749389648,0.07696737349033356,0.049458350986242294,True,tiles\Mumbai\2021\Mumbai_r00_c05.tif,18.0,0.0,"POLYGON ((72.925477 19.145927, 72.925187 19.169048, 72.900856 19.168771, 72.901148 19.145651, 72.925477 19.145927))"
Mumbai_r00_c06,Mumbai,2021,0,6,2021-01-01,2021-03-31,32643,281810.0,2118270.0,284370.0,2120830.0,72.93749710398606,19.157624384597742,1.0,16.00384521484375,0.1108974814414978,0.27476567029953003,0.02426927350461483,-0.34158003330230713,0.0850582867860794,True,tiles\Mumbai\2021\Mumbai_r00_c06.tif,18.0,0.0,"POLYGON ((72.949805 19.1462, 72.949519 19.169321, 72.925187 19.169048, 72.925477 19.145927, 72.949805 19.1462))"
Mumbai_r00_c07,Mumbai,2021,0,7,2021-01-01,2021-03-31,32643,284370.0,2118270.0,286930.0,2120830.0,72.9618275341736,19.157896028947746,1.0,16.039627075195312,0.10890960693359375,0.3335978388786316,-0.14748896658420563,-0.18783272802829742,0.06811359524726868,True,tiles\Mumbai\2021\Mumbai_r00_c07.tif,18.0,0.0,"POLYGON ((72.974134 19.14647, 72.973852 19.169592, 72.949519 19.169321, 72.949805 19.1462, 72.974134 19.14647))"
Mumbai_r01_c00,Mumbai,2021,1,0,2021-01-01,2021-03-31,32643,266450.0,2115710.0,269010.0,2118270.0,72.7918310253229,19.132808103300533,1.0,15.860015869140625,0.1188880205154419,-0.14180853962898254,-0.13716882467269897,0.28498104214668274,0.07179298996925354,True,tiles\Mumbai\2021\Mumbai_r01_c00.tif,18.0,0.0,"POLYGON ((72.804146 19.121394, 72.80384 19.144513, 72.779514 19.144221, 72.779823 19.121102, 72.804146 19.121394))"
Mumbai_r01_c01,Mumbai,2021,1,1,2021-01-01,2021-03-31,32643,269010.0,2115710.0,271570.0,2118270.0,72.8161555153409,19.13309867618552,1.0,15.38818359375,0.1451008915901184,0.16383446753025055,-0.08859042823314667,-0.10791885852813721,0.07768524438142776,True,tiles\Mumbai\2021\Mumbai_r01_c01.tif,18.0,0.0,"POLYGON ((72.828469 19.121683, 72.828167 19.144803, 72.80384 19.144513, 72.804146 19.121394, 72.828469 19.121683))"
Mumbai_r01_c02,Mumbai,2021,1,2,2021-01-01,2021-03-31,32643,271570.0,2115710.0,274130.0,2118270.0,72.84048044358875,19.133386036148483,1.0,16.251876831054688,0.09711796045303345,0.25996896624565125,0.02553253248333931,-0.3448792099952698,0.08729857206344604,True,tiles\Mumbai\2021\Mumbai_r01_c02.tif,18.0,0.0,"POLYGON ((72.852792 19.121969, 72.852494 19.145089, 72.828167 19.144803, 72.828469 19.121683, 72.852792 19.121969))"
Mumbai_r01_c03,Mumbai,2021,1,3,2021-01-01,2021-03-31,32643,274130.0,2115710.0,276690.0,2118270.0,72.86480580519721,19.133670182941657,1.0,16.31829833984375,0.09342789649963379,0.3078460693359375,0.02175789326429367,-0.3871493935585022,0.08087736368179321,True,tiles\Mumbai\2021\Mumbai_r01_c03.tif,18.0,0.0,"POLYGON ((72.877116 19.122251, 72.876821 19.145371, 72.852494 19.145089, 72.852792 19.121969, 72.877116 19.122251))"
Mumbai_r01_c04,Mumbai,2021,1,4,2021-01-01,2021-03-31,32643,276690.0,2115710.0,279250.0,2118270.0,72.88913159529649,19.13395111632005,1.0,16.217010498046875,0.09905499219894409,0.3958895206451416,-0.031546711921691895,-0.40194839239120483,0.06675800681114197,True,tiles\Mumbai\2021\Mumbai_r01_c04.tif,18.0,0.0,"POLYGON ((72.901441 19.12253, 72.901148 19.145651, 72.876821 19.145371, 72.877116 19.122251, 72.901441 19.12253))"
Mumbai_r01_c05,Mumbai,2021,1,5,2021-01-01,2021-03-31,32643,279250.0,2115710.0,281810.0,2118270.0,72.9134578090164,19.134228836041412,1.0,15.942703247070312,0.11429429054260254,0.3178684413433075,-0.10235422849655151,-0.21366900205612183,0.06426186859607697,True,tiles\Mumbai\2021\Mumbai_r01_c05.tif,18.0,0.0,"POLYGON ((72.925765 19.122806, 72.925477 19.145927, 72.901148 19.145651, 72.901441 19.12253, 72.925765 19.122806))"
Mumbai_r01_c06,Mumbai,2021,1,6,2021-01-01,2021-03-31,32643,281810.0,2115710.0,284370.0,2118270.0,72.93778444148623,19.134503341866278,1.0,15.990310668945312,0.11164939403533936,0.3492647409439087,-0.06018095463514328,-0.317746639251709,0.07637052237987518,True,tiles\Mumbai\2021\Mumbai_r01_c06.tif,18.0,0.0,"POLYGON ((72.950091 19.123079, 72.949805 19.1462, 72.925477 19.145927, 72.925765 19.122806, 72.950091 19.123079))"
Mumbai_r01_c07,Mumbai,2021,1,7,2021-01-01,2021-03-31,32643,284370.0,2115710.0,286930.0,2118270.0,72.96211148783475,19.134774633557917,1.0,15.650634765625,0.1305202841758728,0.41178762912750244,-0.18855491280555725,-0.21166375279426575,0.051464587450027466,True,tiles\Mumbai\2021\Mumbai_r01_c07.tif,18.0,0.0,"POLYGON ((72.974416 19.123348, 72.974134 19.14647, 72.949805 19.1462, 72.950091 19.123079, 72.974416 19.123348))"
Mumbai_r02_c00,Mumbai,2021,2,0,2021-01-01,2021-03-31,32643,266450.0,2113150.0,269010.0,2115710.0,72.79213821708883,19.109689201412664,1.0,15.29632568359375,0.1502041220664978,-0.30226433277130127,-0.19297179579734802,0.5610486268997192,0.0643058717250824,True,tiles\Mumbai\2021\Mumbai_r02_c00.tif,18.0,0.0,"POLYGON ((72.804451 19.098275, 72.804146 19.121394, 72.779823 19.121102, 72.780132 19.097984, 72.804451 19.098275))"
Mumbai_r02_c01,Mumbai,2021,2,1,2021-01-01,2021-03-31,32643,269010.0,2113150.0,271570.0,2115710.0,72.81645932977197,19.109979396684157,1.0,14.985305786132812,0.16748303174972534,-0.15894284844398499,-0.12798863649368286,0.31624436378479004,0.0725003182888031,True,tiles\Mumbai\2021\Mumbai_r02_c01.tif,18.0,0.0,"POLYGON ((72.828771 19.098564, 72.828469 19.121683, 72.804146 19.121394, 72.804451 19.098275, 72.828771 19.098564))"
Mumbai_r02_c02,Mumbai,2021,2,2,2021-01-01,2021-03-31,32643,271570.0,2113150.0,274130.0,2115710.0,72.84078088040513,19.110266383207712,1.0,16.008163452148438,0.11065757274627686,0.29141727089881897,-0.022736243903636932,-0.3124872148036957,0.08819840848445892,True,tiles\Mumbai\2021\Mumbai_r02_c02.tif,18.0,0.0,"POLYGON ((72.853091 19.098849, 72.852792 19.121969, 72.828469 19.121683, 72.828771 19.098564, 72.853091 19.098849))"
Mumbai_r02_c03,Mumbai,2021,2,3,2021-01-01,2021-03-31,32643,274130.0,2113150.0,276690.0,2115710.0,72.86510286412216,19.110550160735922,1.0,16.57525634765625,0.07915240526199341,0.27070921659469604,0.012542147189378738,-0.3407061696052551,0.08871954679489136,True,tiles\Mumbai\2021\Mumbai_r02_c03.tif,18.0,0.0,"POLYGON ((72.877412 19.099131, 72.877116 19.122251, 72.852792 19.121969, 72.853091 19.098849, 72.877412 19.099131))"
Mumbai_r02_c04,Mumbai,2021,2,4,2021-01-01,2021-03-31,32643,276690.0,2113150.0,279250.0,2115710.0,72.88942527605643,19.110830729024165,1.0,16.687789916992188,0.07290053367614746,0.24278779327869415,0.026181314140558243,-0.325000524520874,0.09316448122262955,True,tiles\Mumbai\2021\Mumbai_r02_c04.tif,18.0,0.0,"POLYGON ((72.901732 19.09941, 72.901441 19.12253, 72.877116 19.122251, 72.877412 19.099131, 72.901732 19.09941))"
Mumbai_r02_c05,Mumbai,2021,2,5,2021-01-01,2021-03-31,32643,279250.0,2113150.0,281810.0,2115710.0,72.91374811134075,19.111108087830537,1.0,16.252365112304688,0.09709084033966064,0.28958696126937866,0.006054712459445,-0.34249967336654663,0.08611699938774109,True,tiles\Mumbai\2021\Mumbai_r02_c05.tif,18.0,0.0,"POLYGON ((72.926054 19.099685, 72.925765 19.122806, 72.901441 19.12253, 72.901732 19.09941, 72.926054 19.099685))"
Mumbai_r02_c06,Mumbai,2021,2,6,2021-01-01,2021-03-31,32643,281810.0,2113150.0,284370.0,2115710.0,72.93807136510755,19.111382236915926,1.0,15.756607055664062,0.12463295459747314,0.3534744083881378,-0.04807814210653305,-0.32897114753723145,0.06704287230968475,True,tiles\Mumbai\2021\Mumbai_r02_c06.tif,18.0,0.0,"POLYGON ((72.950376 19.099958, 72.950091 19.123079, 72.925765 19.122806, 72.926054 19.099685, 72.950376 19.099958))"
Mumbai_r02_c07,Mumbai,2021,2,7,2021-01-01,2021-03-31,32643,284370.0,2113150.0,286930.0,2115710.0,72.96239503248873,19.11165317604396,1.0,15.403121948242188,0.14427101612091064,0.19382888078689575,-0.2596977949142456,0.08127273619174957,0.056180454790592194,True,tiles\Mumbai\2021\Mumbai_r02_c07.tif,18.0,0.0,"POLYGON ((72.974698 19.100227, 72.974416 19.123348, 72.950091 19.123079, 72.950376 19.099958, 72.974698 19.100227))"
Mumbai_r03_c00,Mumbai,2021,3,0,2021-01-01,2021-03-31,32643,266450.0,2110590.0,269010.0,2113150.0,72.79244496603893,19.086570236780666,1.0,15.404312133789062,0.14420485496520996,-0.30824095010757446,-0.16285058856010437,0.5435651540756226,0.06736443936824799,True,tiles\Mumbai\2021\Mumbai_r03_c00.tif,18.0,0.0,"POLYGON ((72.804756 19.075156, 72.804451 19.098275, 72.780132 19.097984, 72.78044 19.074865, 72.804756 19.075156))"
Mumbai_r03_c01,Mumbai,2021,3,1,2021-01-01,2021-03-31,32643,269010.0,2110590.0,271570.0,2113150.0,72.8167627062529,19.08686005453996,1.0,14.790298461914062,0.17831677198410034,-0.21083512902259827,-0.13734513521194458,0.35937151312828064,0.07634104788303375,True,tiles\Mumbai\2021\Mumbai_r03_c01.tif,18.0,0.0,"POLYGON ((72.829072 19.075444, 72.828771 19.098564, 72.804451 19.098275, 72.804756 19.075156, 72.829072 19.075444))"
Mumbai_r03_c02,Mumbai,2021,3,2,2021-01-01,2021-03-31,32643,271570.0,2110590.0,274130.0,2113150.0,72.84108088413753,19.08714666772428,1.0,15.717391967773438,0.12681156396865845,0.26381057500839233,0.022850941866636276,-0.342290997505188,0.0901576429605484,True,tiles\Mumbai\2021\Mumbai_r03_c02.tif,18.0,0.0,"POLYGON ((72.853389 19.075729, 72.853091 19.098849, 72.828771 19.098564, 72.829072 19.075444, 72.853389 19.075729))"
Mumbai_r03_c03,Mumbai,2021,3,3,2021-01-01,2021-03-31,32643,274130.0,2110590.0,276690.0,2113150.0,72.86539949482983,19.0874300760866,1.0,16.069976806640625,0.1072235107421875,0.18052569031715393,0.07354357093572617,-0.32610949873924255,0.10719839483499527,True,tiles\Mumbai\2021\Mumbai_r03_c03.tif,18.0,0.0,"POLYGON ((72.877706 19.076011, 72.877412 19.099131, 72.853091 19.098849, 72.853389 19.075729, 72.877706 19.076011))"
Mumbai_r03_c04,Mumbai,2021,3,4,2021-01-01,2021-03-31,32643,276690.0,2110590.0,279250.0,2113150.0,72.88971853346617,19.087710279382623,1.0,16.268600463867188,0.09618884325027466,0.21048805117607117,0.056495435535907745,-0.32905489206314087,0.09786195307970047,True,tiles\Mumbai\2021\Mumbai_r03_c04.tif,18.0,0.0,"POLYGON ((72.902024 19.076289, 72.901732 19.09941, 72.877412 19.099131, 72.877706 19.076011, 72.902024 19.076289))"
Mumbai_r03_c05,Mumbai,2021,3,5,2021-01-01,2021-03-31,32643,279250.0,2110590.0,281810.0,2113150.0,72.91403799518254,19.087987277370846,1.0,16.97283935546875,0.0570644736289978,0.2965039312839508,-0.023718390613794327,-0.31087934970855713,0.08639504015445709,True,tiles\Mumbai\2021\Mumbai_r03_c05.tif,18.0,0.0,"POLYGON ((72.926342 19.076564, 72.926054 19.099685, 72.901732 19.09941, 72.902024 19.076289, 72.926342 19.076564))"
Mumbai_r03_c06,Mumbai,2021,3,6,2021-01-01,2021-03-31,32643,281810.0,2110590.0,284370.0,2113150.0,72.93835787511442,19.088261069812475,1.0,15.860031127929688,0.11888718605041504,0.4517335593700409,-0.16378840804100037,-0.28803297877311707,0.05425238236784935,True,tiles\Mumbai\2021\Mumbai_r03_c06.tif,18.0,0.0,"POLYGON ((72.95066 19.076836, 72.950376 19.099958, 72.926054 19.099685, 72.926342 19.076564, 72.95066 19.076836))"
Mumbai_r03_c07,Mumbai,2021,3,7,2021-01-01,2021-03-31,32643,284370.0,2110590.0,286930.0,2113150.0,72.96267816839678,19.088531656471492,1.0,15.981536865234375,0.1121368408203125,0.040451064705848694,-0.340035617351532,0.308849573135376,0.0604480504989624,True,tiles\Mumbai\2021\Mumbai_r03_c07.tif,18.0,0.0,"POLYGON ((72.974979 19.077105, 72.974698 19.100227, 72.950376 19.099958, 72.95066 19.076836, 72.974979 19.077105))"
Mumbai_r04_c00,Mumbai,2021,4,0,2021-01-01,2021-03-31,32643,266450.0,2108030.0,269010.0,2110590.0,72.79275127245563,19.063451209471282,1.0,15.238006591796875,0.1534440517425537,-0.30533891916275024,-0.15928499400615692,0.5404070615768433,0.06485354900360107,True,tiles\Mumbai\2021\Mumbai_r04_c00.tif,18.0,0.0,"POLYGON ((72.805061 19.052037, 72.804756 19.075156, 72.78044 19.074865, 72.780748 19.051746, 72.805061 19.052037))"
Mumbai_r04_c01,Mumbai,2021,4,1,2021-01-01,2021-03-31,32643,269010.0,2108030.0,271570.0,2110590.0,72.817065645063,19.0637406498195,1.0,15.013168334960938,0.16593509912490845,-0.09130744636058807,-0.14031407237052917,0.2199711799621582,0.07312333583831787,True,tiles\Mumbai\2021\Mumbai_r04_c01.tif,18.0,0.0,"POLYGON ((72.829373 19.052324, 72.829072 19.075444, 72.804756 19.075156, 72.805061 19.052037, 72.829373 19.052324))"
Mumbai_r04_c02,Mumbai,2021,4,2,2021-01-01,2021-03-31,32643,271570.0,2108030.0,274130.0,2110590.0,72.84138045506221,19.064026889764612,1.0,15.576034545898438,0.13466477394104004,0.23923847079277039,0.016365954652428627,-0.30870649218559265,0.08779739588499069,True,tiles\Mumbai\2021\Mumbai_r04_c02.tif,18.0,0.0,"POLYGON ((72.853687 19.052609, 72.853389 19.075729, 72.829072 19.075444, 72.829373 19.052324, 72.853687 19.052609))"
Mumbai_r04_c03,Mumbai,2021,4,3,2021-01-01,2021-03-31,32643,274130.0,2108030.0,276690.0,2110590.0,72.86569569759328,19.064309929059934,1.0,15.044692993164062,0.16418373584747314,0.23232941329479218,0.016835112124681473,-0.3039436936378479,0.08556204289197922,True,tiles\Mumbai\2021\Mumbai_r04_c03.tif,18.0,0.0,"POLYGON ((72.878001 19.05289, 72.877706 19.076011, 72.853389 19.075729, 72.853687 19.052609, 72.878001 19.05289))"
Mumbai_r04_c04,Mumbai,2021,4,4,2021-01-01,2021-03-31,32643,276690.0,2108030.0,279250.0,2110590.0,72.89001136779578,19.06458976746155,1.0,16.16375732421875,0.1020134687423706,0.2547180950641632,0.009398364461958408,-0.31762510538101196,0.08833275735378265,True,tiles\Mumbai\2021\Mumbai_r04_c04.tif,18.0,0.0,"POLYGON ((72.902315 19.053168, 72.902024 19.076289, 72.877706 19.076011, 72.878001 19.05289, 72.902315 19.053168))"
Mumbai_r04_c05,Mumbai,2021,4,5,2021-01-01,2021-03-31,32643,279250.0,2108030.0,281810.0,2110590.0,72.9143274608087,19.064866404728285,1.0,16.585098266601562,0.07860565185546875,0.2176467776298523,0.02399086393415928,-0.2912331521511078,0.0955321192741394,True,tiles\Mumbai\2021\Mumbai_r04_c05.tif,18.0,0.0,"POLYGON ((72.926629 19.053443, 72.926342 19.076564, 72.902024 19.076289, 72.902315 19.053168, 72.926629 19.053443))"
Mumbai_r04_c06,Mumbai,2021,4,6,2021-01-01,2021-03-31,32643,281810.0,2108030.0,284370.0,2110590.0,72.93864397177063,19.065139840621715,1.0,15.695404052734375,0.1280331015586853,0.2940417528152466,-0.060372598469257355,-0.25981199741363525,0.07319866120815277,True,tiles\Mumbai\2021\Mumbai_r04_c06.tif,18.0,0.0,"POLYGON ((72.950944 19.053715, 72.95066 19.076836, 72.926342 19.076564, 72.926629 19.053443, 72.950944 19.053715))"
Mumbai_r04_c07,Mumbai,2021,4,7,2021-01-01,2021-03-31,32643,284370.0,2108030.0,286930.0,2110590.0,72.96296089581968,19.06541007490617,1.0,14.8543701171875,0.1747572422027588,0.032678455114364624,-0.3111056685447693,0.2802087068557739,0.063090018928051,True,tiles\Mumbai\2021\Mumbai_r04_c07.tif,18.0,0.0,"POLYGON ((72.97526 19.053983, 72.974979 19.077105, 72.95066 19.076836, 72.950944 19.053715, 72.97526 19.053983))"
Mumbai_r05_c00,Mumbai,2021,5,0,2021-01-01,2021-03-31,32643,266450.0,2105470.0,269010.0,2108030.0,72.79305713662089,19.040332119551277,1.0,15.71978759765625,0.126678466796875,-0.2844637930393219,-0.1544986069202423,0.5272266864776611,0.061890166252851486,True,tiles\Mumbai\2021\Mumbai_r05_c00.tif,18.0,0.0,"POLYGON ((72.805364 19.028918, 72.805061 19.052037, 72.780748 19.051746, 72.781055 19.028627, 72.805364 19.028918))"
Mumbai_r05_c01,Mumbai,2021,5,1,2021-01-01,2021-03-31,32643,269010.0,2105470.0,271570.0,2108030.0,72.81736814648116,19.040621182589405,1.0,15.286529541015625,0.1507483720779419,-0.20033025741577148,-0.15784049034118652,0.3811807632446289,0.06743219494819641,True,tiles\Mumbai\2021\Mumbai_r05_c01.tif,18.0,0.0,"POLYGON ((72.829674 19.029205, 72.829373 19.052324, 72.805061 19.052037, 72.805364 19.028918, 72.829674 19.029205))"
Mumbai_r05_c02,Mumbai,2021,5,2,2021-01-01,2021-03-31,32643,271570.0,2105470.0,274130.0,2108030.0,72.8416795934549,19.04090704939516,1.0,15.3580322265625,0.1467759609222412,0.09600159525871277,-0.05944153666496277,-0.07258068025112152,0.07529798895120621,True,tiles\Mumbai\2021\Mumbai_r05_c02.tif,18.0,0.0,"POLYGON ((72.853984 19.029489, 72.853687 19.052609, 72.829373 19.052324, 72.829674 19.029205, 72.853984 19.029489))"
Mumbai_r05_c03,Mumbai,2021,5,3,2021-01-01,2021-03-31,32643,274130.0,2105470.0,276690.0,2108030.0,72.86599147268527,19.04118971972223,1.0,15.54449462890625,0.1364169716835022,0.2375292032957077,0.027923285961151123,-0.3226379454135895,0.08660673350095749,True,tiles\Mumbai\2021\Mumbai_r05_c03.tif,18.0,0.0,"POLYGON ((72.878294 19.02977, 72.878001 19.05289, 72.853687 19.052609, 72.853984 19.029489, 72.878294 19.02977))"
Mumbai_r05_c04,Mumbai,2021,5,4,2021-01-01,2021-03-31,32643,276690.0,2105470.0,279250.0,2108030.0,72.89030377931482,19.041469193327067,1.0,16.343048095703125,0.0920528769493103,0.3095971345901489,-0.027124181389808655,-0.3264060914516449,0.08449602127075195,True,tiles\Mumbai\2021\Mumbai_r05_c04.tif,18.0,0.0,"POLYGON ((72.902605 19.030047, 72.902315 19.053168, 72.878001 19.05289, 72.878294 19.02977, 72.902605 19.030047))"
Mumbai_r05_c05,Mumbai,2021,5,5,2021-01-01,2021-03-31,32643,279250.0,2105470.0,281810.0,2108030.0,72.91461650848574,19.04174546996885,1.0,15.964340209960938,0.11309218406677246,0.3484508991241455,-0.03229805454611778,-0.35158872604370117,0.07752422988414764,True,tiles\Mumbai\2021\Mumbai_r05_c05.tif,18.0,0.0,"POLYGON ((72.926917 19.030322, 72.926629 19.053443, 72.902315 19.053168, 72.902605 19.030047, 72.926917 19.030322))"
Mumbai_r05_c06,Mumbai,2021,5,6,2021-01-01,2021-03-31,32643,281810.0,2105470.0,284370.0,2108030.0,72.93892965533965,19.04201854940948,1.0,15.4521484375,0.1415473222732544,0.33904147148132324,-0.026332929730415344,-0.34466683864593506,0.07934507727622986,True,tiles\Mumbai\2021\Mumbai_r05_c06.tif,18.0,0.0,"POLYGON ((72.951228 19.030593, 72.950944 19.053715, 72.926629 19.053443, 72.926917 19.030322, 72.951228 19.030593))"
Mumbai_r05_c07,Mumbai,2021,5,7,2021-01-01,2021-03-31,32643,284370.0,2105470.0,286930.0,2108030.0,72.96324321501773,19.042288431413677,1.0,14.676513671875,0.1846381425857544,0.04373147338628769,-0.31253892183303833,0.26682624220848083,0.06614115834236145,True,tiles\Mumbai\2021\Mumbai_r05_c07.tif,18.0,0.0,"POLYGON ((72.97554 19.030861, 72.97526 19.053983, 72.950944 19.053715, 72.951228 19.030593, 72.97554 19.030861))"
Mumbai_r06_c00,Mumbai,2021,6,0,2021-01-01,2021-03-31,32643,266450.0,2102910.0,269010.0,2105470.0,72.79336255881613,19.01721296708748,1.0,16.251190185546875,0.0971561074256897,-0.2765330374240875,-0.1497262418270111,0.5110679268836975,0.0614471472799778,True,tiles\Mumbai\2021\Mumbai_r06_c00.tif,18.0,0.0,"POLYGON ((72.805668 19.005798, 72.805364 19.028918, 72.781055 19.028627, 72.781362 19.005508, 72.805668 19.005798))"
Mumbai_r06_c01,Mumbai,2021,6,1,2021-01-01,2021-03-31,32643,269010.0,2102910.0,271570.0,2105470.0,72.8176702107857,19.017501652916312,1.0,16.141326904296875,0.1032596230506897,-0.0847109854221344,-0.08241066336631775,0.169785737991333,0.07006104290485382,True,tiles\Mumbai\2021\Mumbai_r06_c01.tif,18.0,0.0,"POLYGON ((72.829974 19.006085, 72.829674 19.029205, 72.805364 19.028918, 72.805668 19.005798, 72.829974 19.006085))"
Mumbai_r06_c02,Mumbai,2021,6,2,2021-01-01,2021-03-31,32643,271570.0,2102910.0,274130.0,2105470.0,72.84197829959089,19.01778714668241,1.0,15.478500366210938,0.14008331298828125,0.22171954810619354,0.01404521707445383,-0.28550469875335693,0.08439035713672638,True,tiles\Mumbai\2021\Mumbai_r06_c02.tif,18.0,0.0,"POLYGON ((72.854281 19.006369, 72.853984 19.029489, 72.829674 19.029205, 72.829974 19.006085, 72.854281 19.006369))"
Mumbai_r06_c03,Mumbai,2021,6,3,2021-01-01,2021-03-31,32643,274130.0,2102910.0,276690.0,2105470.0,72.86628682037791,19.018069448139833,1.0,15.324264526367188,0.14865195751190186,0.29316359758377075,-0.032273828983306885,-0.3062351942062378,0.07738307118415833,True,tiles\Mumbai\2021\Mumbai_r06_c03.tif,18.0,0.0,"POLYGON ((72.878588 19.006649, 72.878294 19.02977, 72.853984 19.029489, 72.854281 19.006369, 72.878588 19.006649))"
Mumbai_r06_c04,Mumbai,2021,6,4,2021-01-01,2021-03-31,32643,276690.0,2102910.0,279250.0,2105470.0,72.89059576829243,19.018348557045357,1.0,15.741943359375,0.1254475712776184,0.26041874289512634,-0.02600489743053913,-0.2811702489852905,0.08318149298429489,True,tiles\Mumbai\2021\Mumbai_r06_c04.tif,18.0,0.0,"POLYGON ((72.902895 19.006927, 72.902605 19.030047, 72.878294 19.02977, 72.878588 19.006649, 72.902895 19.006927))"
Mumbai_r06_c05,Mumbai,2021,6,5,2021-01-01,2021-03-31,32643,279250.0,2102910.0,281810.0,2105470.0,72.91490513847968,19.01862447315855,1.0,15.3914794921875,0.1449177861213684,0.3830116093158722,-0.025885939598083496,-0.3929676413536072,0.07342405617237091,True,tiles\Mumbai\2021\Mumbai_r06_c05.tif,18.0,0.0,"POLYGON ((72.927203 19.007201, 72.926917 19.030322, 72.902605 19.030047, 72.902895 19.006927, 72.927203 19.007201))"
Mumbai_r06_c06,Mumbai,2021,6,6,2021-01-01,2021-03-31,32643,281810.0,2102910.0,284370.0,2105470.0,72.93921492608435,19.018897196241664,1.0,14.408737182617188,0.19951462745666504,0.3238754868507385,-0.25073692202568054,-0.07388381659984589,0.061177466064691544,True,tiles\Mumbai\2021\Mumbai_r06_c06.tif,18.0,0.0,"POLYGON ((72.951512 19.007472, 72.951228 19.030593, 72.926917 19.030322, 72.927203 19.007201, 72.951512 19.007472))"
Mumbai_r06_c07,Mumbai,2021,6,7,2021-01-01,2021-03-31,32643,284370.0,2102910.0,286930.0,2105470.0,72.96352512625077,19.019166726059737,1.0,14.841415405273438,0.17547690868377686,-0.20778807997703552,-0.3904208540916443,0.5839372873306274,0.06874795258045197,True,tiles\Mumbai\2021\Mumbai_r06_c07.tif,18.0,0.0,"POLYGON ((72.97582 19.007739, 72.97554 19.030861, 72.951228 19.030593, 72.951512 19.007472, 72.97582 19.007739))"
Mumbai_r07_c00,Mumbai,2021,7,0,2021-01-01,2021-03-31,32643,266450.0,2100350.0,269010.0,2102910.0,72.79366753932229,18.99409375214672,1.0,16.072006225585938,0.10711073875427246,-0.2692559063434601,-0.13820335268974304,0.5061854124069214,0.06148199737071991,True,tiles\Mumbai\2021\Mumbai_r07_c00.tif,18.0,0.0,"POLYGON ((72.805971 18.982679, 72.805668 19.005798, 72.781362 19.005508, 72.781669 18.982389, 72.805971 18.982679))"
Mumbai_r07_c01,Mumbai,2021,7,1,2021-01-01,2021-03-31,32643,269010.0,2100350.0,271570.0,2102910.0,72.81797183825448,18.994382060866904,1.0,16.80133056640625,0.0665927529335022,0.10904834419488907,-0.0032506934367120266,-0.13973209261894226,0.0823117047548294,True,tiles\Mumbai\2021\Mumbai_r07_c01.tif,18.0,0.0,"POLYGON ((72.830274 18.982965, 72.829974 19.006085, 72.805668 19.005798, 72.805971 18.982679, 72.830274 18.982965))"
Mumbai_r07_c02,Mumbai,2021,7,2,2021-01-01,2021-03-31,32643,271570.0,2100350.0,274130.0,2102910.0,72.84227657374494,18.99466718169289,1.0,15.748977661132812,0.12505680322647095,0.2528316080570221,0.036397095769643784,-0.34028568863868713,0.0837133452296257,True,tiles\Mumbai\2021\Mumbai_r07_c02.tif,18.0,0.0,"POLYGON ((72.854577 18.983249, 72.854281 19.006369, 72.829974 19.006085, 72.830274 18.982965, 72.854577 18.983249))"
Mumbai_r07_c03,Mumbai,2021,7,3,2021-01-01,2021-03-31,32643,274130.0,2100350.0,276690.0,2102910.0,72.86658174094293,18.99494911437908,1.0,14.600814819335938,0.18884360790252686,-0.0224175825715065,-0.253984272480011,0.24811223149299622,0.07560683786869049,True,tiles\Mumbai\2021\Mumbai_r07_c03.tif,18.0,0.0,"POLYGON ((72.878881 18.983529, 72.878588 19.006649, 72.854281 19.006369, 72.854577 18.983249, 72.878881 18.983529))"
Mumbai_r07_c04,Mumbai,2021,7,4,2021-01-01,2021-03-31,32643,276690.0,2100350.0,279250.0,2102910.0,72.8908873349972,18.99522785868263,1.0,15.083648681640625,0.1620194911956787,-0.013563066720962524,-0.26923760771751404,0.25252482295036316,0.0769510418176651,True,tiles\Mumbai\2021\Mumbai_r07_c04.tif,18.0,0.0,"POLYGON ((72.903185 18.983806, 72.902895 19.006927, 72.878588 19.006649, 72.878881 18.983529, 72.903185 18.983806))"
Mumbai_r07_c05,Mumbai,2021,7,5,2021-01-01,2021-03-31,32643,279250.0,2100350.0,281810.0,2102910.0,72.91519335105605,18.99550341436344,1.0,14.954940795898438,0.16916996240615845,0.025444716215133667,-0.2807818055152893,0.23850645124912262,0.07297869026660919,True,tiles\Mumbai\2021\Mumbai_r07_c05.tif,18.0,0.0,"POLYGON ((72.92749 18.984079, 72.927203 19.007201, 72.902895 19.006927, 72.903185 18.983806, 72.92749 18.984079))"
Mumbai_r07_c06,Mumbai,2021,7,6,2021-01-01,2021-03-31,32643,281810.0,2100350.0,284370.0,2102910.0,72.93949978426727,18.995775781184136,1.0,14.945846557617188,0.16967517137527466,-0.2509222626686096,-0.3680238127708435,0.6081081628799438,0.0708683431148529,True,tiles\Mumbai\2021\Mumbai_r07_c06.tif,18.0,0.0,"POLYGON ((72.951795 18.98435, 72.951512 19.007472, 72.927203 19.007201, 72.92749 18.984079, 72.951795 18.98435))"
Mumbai_r07_c07,Mumbai,2021,7,7,2021-01-01,2021-03-31,32643,284370.0,2100350.0,286930.0,2102910.0,72.9638066297782,18.99604495891009,1.0,14.242080688476562,0.20877331495285034,-0.2946617305278778,-0.4076356887817383,0.6729334592819214,0.0690871849656105,True,tiles\Mumbai\2021\Mumbai_r07_c07.tif,18.0,0.0,"POLYGON ((72.9761 18.984617, 72.97582 19.007739, 72.951512 19.007472, 72.951795 18.98435, 72.9761 18.984617))"
Mumbai_r00_c00,Mumbai,2022,0,0,2022-01-01,2022-03-31,32643,266450.0,2118270.0,269010.0,2120830.0,72.79152339045825,19.155926942377565,1.0,17.849472045898438,0.008362650871276855,0.32023048400878906,-0.1811026632785797,-0.18149618804454803,0.059830401092767715,True,tiles\Mumbai\2022\Mumbai_r00_c00.tif,,,"POLYGON ((72.80384 19.144513, 72.803534 19.167632, 72.779205 19.16734, 72.779514 19.144221, 72.80384 19.144513))"
Mumbai_r00_c01,Mumbai,2022,0,1,2022-01-01,2022-03-31,32643,269010.0,2118270.0,271570.0,2120830.0,72.81585126267986,19.156217892977494,1.0,17.252410888671875,0.04153275489807129,0.35896098613739014,-0.09583854675292969,-0.2865305542945862,0.04877084493637085,True,tiles\Mumbai\2022\Mumbai_r00_c01.tif,,,"POLYGON ((72.828167 19.144803, 72.827864 19.167922, 72.803534 19.167632, 72.80384 19.144513, 72.828167 19.144803))"
Mumbai_r00_c02,Mumbai,2022,0,2,2022-01-01,2022-03-31,32643,271570.0,2118270.0,274130.0,2120830.0,72.84017957341165,19.156505626480197,1.0,16.856689453125,0.06351727247238159,0.26469096541404724,0.021479403600096703,-0.3450808525085449,0.0854199156165123,True,tiles\Mumbai\2022\Mumbai_r00_c02.tif,,,"POLYGON ((72.852494 19.145089, 72.852194 19.168208, 72.827864 19.167922, 72.828167 19.144803, 72.852494 19.145089))"
Mumbai_r00_c03,Mumbai,2022,0,3,2022-01-01,2022-03-31,32643,274130.0,2118270.0,276690.0,2120830.0,72.86450831778126,19.156790142637554,1.0,16.879013061523438,0.06227707862854004,0.5216752886772156,-0.09197067469358444,-0.4682729244232178,0.057212915271520615,True,tiles\Mumbai\2022\Mumbai_r00_c03.tif,,,"POLYGON ((72.876821 19.145371, 72.876525 19.168491, 72.852194 19.168208, 72.852494 19.145089, 72.876821 19.145371))"
Mumbai_r00_c04,Mumbai,2022,0,4,2022-01-01,2022-03-31,32643,276690.0,2118270.0,279250.0,2120830.0,72.88883749091585,19.157071441204202,1.0,16.858901977539062,0.06339430809020996,0.48061174154281616,-0.02750898338854313,-0.4919445514678955,0.06070429086685181,True,tiles\Mumbai\2022\Mumbai_r00_c04.tif,,,"POLYGON ((72.901148 19.145651, 72.900856 19.168771, 72.876525 19.168491, 72.876821 19.145371, 72.901148 19.145651))"
Mumbai_r00_c05,Mumbai,2022,0,5,2022-01-01,2022-03-31,32643,279250.0,2118270.0,281810.0,2120830.0,72.91316708794206,19.157349521937537,1.0,16.613143920898438,0.07704758644104004,0.1434076428413391,-0.11176149547100067,0.03364285081624985,0.049766089767217636,True,tiles\Mumbai\2022\Mumbai_r00_c05.tif,,,"POLYGON ((72.925477 19.145927, 72.925187 19.169048, 72.900856 19.168771, 72.901148 19.145651, 72.925477 19.145927))"
Mumbai_r00_c06,Mumbai,2022,0,6,2022-01-01,2022-03-31,32643,281810.0,2118270.0,284370.0,2120830.0,72.93749710398606,19.157624384597742,1.0,16.04583740234375,0.10856461524963379,0.2706809341907501,0.014719233848154545,-0.3347111940383911,0.08738522976636887,True,tiles\Mumbai\2022\Mumbai_r00_c06.tif,,,"POLYGON ((72.949805 19.1462, 72.949519 19.169321, 72.925187 19.169048, 72.925477 19.145927, 72.949805 19.1462))"
Mumbai_r00_c07,Mumbai,2022,0,7,2022-01-01,2022-03-31,32643,284370.0,2118270.0,286930.0,2120830.0,72.9618275341736,19.157896028947746,1.0,16.011795043945312,0.11045581102371216,0.3632952570915222,-0.15295729041099548,-0.2212011218070984,0.06721395254135132,True,tiles\Mumbai\2022\Mumbai_r00_c07.tif,,,"POLYGON ((72.974134 19.14647, 72.973852 19.169592, 72.949519 19.169321, 72.949805 19.1462, 72.974134 19.14647))"
Mumbai_r01_c00,Mumbai,2022,1,0,2022-01-01,2022-03-31,32643,266450.0,2115710.0,269010.0,2118270.0,72.7918310253229,19.132808103300533,1.0,17.411834716796875,0.032675862312316895,-0.1699865609407425,-0.1415276974439621,0.3155249357223511,0.06939275562763214,True,tiles\Mumbai\2022\Mumbai_r01_c00.tif,,,"POLYGON ((72.804146 19.121394, 72.80384 19.144513, 72.779514 19.144221, 72.779823 19.121102, 72.804146 19.121394))"
Mumbai_r01_c01,Mumbai,2022,1,1,2022-01-01,2022-03-31,32643,269010.0,2115710.0,271570.0,2118270.0,72.8161555153409,19.13309867618552,1.0,17.189849853515625,0.04500836133956909,0.15086694061756134,-0.07605712115764618,-0.10291433334350586,0.07852515578269958,True,tiles\Mumbai\2022\Mumbai_r01_c01.tif,,,"POLYGON ((72.828469 19.121683, 72.828167 19.144803, 72.80384 19.144513, 72.804146 19.121394, 72.828469 19.121683))"
Mumbai_r01_c02,Mumbai,2022,1,2,2022-01-01,2022-03-31,32643,271570.0,2115710.0,274130.0,2118270.0,72.84048044358875,19.133386036148483,1.0,16.666961669921875,0.0740576982498169,0.2534973621368408,0.021550174802541733,-0.3350883722305298,0.08945835381746292,True,tiles\Mumbai\2022\Mumbai_r01_c02.tif,,,"POLYGON ((72.852792 19.121969, 72.852494 19.145089, 72.828167 19.144803, 72.828469 19.121683, 72.852792 19.121969))"
Mumbai_r01_c03,Mumbai,2022,1,3,2022-01-01,2022-03-31,32643,274130.0,2115710.0,276690.0,2118270.0,72.86480580519721,19.133670182941657,1.0,16.82830810546875,0.065093994140625,0.31705814599990845,0.00940675102174282,-0.3818761110305786,0.08176596462726593,True,tiles\Mumbai\2022\Mumbai_r01_c03.tif,,,"POLYGON ((72.877116 19.122251, 72.876821 19.145371, 72.852494 19.145089, 72.852792 19.121969, 72.877116 19.122251))"
Mumbai_r01_c04,Mumbai,2022,1,4,2022-01-01,2022-03-31,32643,276690.0,2115710.0,279250.0,2118270.0,72.88913159529649,19.13395111632005,1.0,16.8128662109375,0.0659518837928772,0.42624780535697937,-0.05342176556587219,-0.4042830467224121,0.06427738070487976,True,tiles\Mumbai\2022\Mumbai_r01_c04.tif,,,"POLYGON ((72.901441 19.12253, 72.901148 19.145651, 72.876821 19.145371, 72.877116 19.122251, 72.901441 19.12253))"
Mumbai_r01_c05,Mumbai,2022,1,5,2022-01-01,2022-03-31,32643,279250.0,2115710.0,281810.0,2118270.0,72.9134578090164,19.134228836041412,1.0,16.323516845703125,0.09313797950744629,0.31982898712158203,-0.09303360432386398,-0.2210245430469513,0.06229587644338608,True,tiles\Mumbai\2022\Mumbai_r01_c05.tif,,,"POLYGON ((72.925765 19.122806, 72.925477 19.145927, 72.901148 19.145651, 72.901441 19.12253, 72.925765 19.122806))"
Mumbai_r01_c06,Mumbai,2022,1,6,2022-01-01,2022-03-31,32643,281810.0,2115710.0,284370.0,2118270.0,72.93778444148623,19.134503341866278,1.0,15.941497802734375,0.1143612265586853,0.36255496740341187,-0.0678640604019165,-0.32962527871131897,0.0747021734714508,True,tiles\Mumbai\2022\Mumbai_r01_c06.tif,,,"POLYGON ((72.950091 19.123079, 72.949805 19.1462, 72.925477 19.145927, 72.925765 19.122806, 72.950091 19.123079))"
Mumbai_r01_c07,Mumbai,2022,1,7,2022-01-01,2022-03-31,32643,284370.0,2115710.0,286930.0,2118270.0,72.96211148783475,19.134774633557917,1.0,15.972564697265625,0.11263531446456909,0.4374132454395294,-0.2258763611316681,-0.21311596035957336,0.05040938779711723,True,tiles\Mumbai\2022\Mumbai_r01_c07.tif,,,"POLYGON ((72.974416 19.123348, 72.974134 19.14647, 72.949805 19.1462, 72.950091 19.123079, 72.974416 19.123348))"
Mumbai_r02_c00,Mumbai,2022,2,0,2022-01-01,2022-03-31,32643,266450.0,2113150.0,269010.0,2115710.0,72.79213821708883,19.109689201412664,1.0,16.910186767578125,0.06054520606994629,-0.39519619941711426,-0.2733057141304016,0.6730080842971802,0.06804335117340088,True,tiles\Mumbai\2022\Mumbai_r02_c00.tif,,,"POLYGON ((72.804451 19.098275, 72.804146 19.121394, 72.779823 19.121102, 72.780132 19.097984, 72.804451 19.098275))"
Mumbai_r02_c01,Mumbai,2022,2,1,2022-01-01,2022-03-31,32643,269010.0,2113150.0,271570.0,2115710.0,72.81645932977197,19.109979396684157,1.0,16.86004638671875,0.0633307695388794,-0.2044924646615982,-0.19108203053474426,0.3941456079483032,0.07433538138866425,True,tiles\Mumbai\2022\Mumbai_r02_c01.tif,,,"POLYGON ((72.828771 19.098564, 72.828469 19.121683, 72.804146 19.121394, 72.804451 19.098275, 72.828771 19.098564))"
Mumbai_r02_c02,Mumbai,2022,2,2,2022-01-01,2022-03-31,32643,271570.0,2113150.0,274130.0,2115710.0,72.84078088040513,19.110266383207712,1.0,16.530548095703125,0.08163619041442871,0.2996983528137207,-0.03591766953468323,-0.3178262710571289,0.09178444743156433,True,tiles\Mumbai\2022\Mumbai_r02_c02.tif,,,"POLYGON ((72.853091 19.098849, 72.852792 19.121969, 72.828469 19.121683, 72.828771 19.098564, 72.853091 19.098849))"
Mumbai_r02_c03,Mumbai,2022,2,3,2022-01-01,2022-03-31,32643,274130.0,2113150.0,276690.0,2115710.0,72.86510286412216,19.110550160735922,1.0,16.19744873046875,0.10014176368713379,0.2796664237976074,-0.0003160693449899554,-0.33258551359176636,0.0915374606847763,True,tiles\Mumbai\2022\Mumbai_r02_c03.tif,,,"POLYGON ((72.877412 19.099131, 72.877116 19.122251, 72.852792 19.121969, 72.853091 19.098849, 72.877412 19.099131))"
Mumbai_r02_c04,Mumbai,2022,2,4,2022-01-01,2022-03-31,32643,276690.0,2113150.0,279250.0,2115710.0,72.88942527605643,19.110830729024165,1.0,16.070953369140625,0.1071692705154419,0.2496112436056137,0.015767516568303108,-0.3215433955192566,0.09322021156549454,True,tiles\Mumbai\2022\Mumbai_r02_c04.tif,,,"POLYGON ((72.901732 19.09941, 72.901441 19.12253, 72.877116 19.122251, 72.877412 19.099131, 72.901732 19.09941))"
Mumbai_r02_c05,Mumbai,2022,2,5,2022-01-01,2022-03-31,32643,279250.0,2113150.0,281810.0,2115710.0,72.91374811134075,19.111108087830537,1.0,16.01019287109375,0.11054486036300659,0.29809847474098206,-0.0069879693910479546,-0.336711585521698,0.08540788292884827,True,tiles\Mumbai\2022\Mumbai_r02_c05.tif,,,"POLYGON ((72.926054 19.099685, 72.925765 19.122806, 72.901441 19.12253, 72.901732 19.09941, 72.926054 19.099685))"
Mumbai_r02_c06,Mumbai,2022,2,6,2022-01-01,2022-03-31,32643,281810.0,2113150.0,284370.0,2115710.0,72.93807136510755,19.111382236915926,1.0,15.997528076171875,0.1112484335899353,0.3679869472980499,-0.06853922456502914,-0.3295819163322449,0.0660669133067131,True,tiles\Mumbai\2022\Mumbai_r02_c06.tif,,,"POLYGON ((72.950376 19.099958, 72.950091 19.123079, 72.925765 19.122806, 72.926054 19.099685, 72.950376 19.099958))"
Mumbai_r02_c07,Mumbai,2022,2,7,2022-01-01,2022-03-31,32643,284370.0,2113150.0,286930.0,2115710.0,72.96239503248873,19.11165317604396,1.0,16.0435791015625,0.10869002342224121,0.202185720205307,-0.23990251123905182,0.05522456020116806,0.05292445793747902,True,tiles\Mumbai\2022\Mumbai_r02_c07.tif,,,"POLYGON ((72.974698 19.100227, 72.974416 19.123348, 72.950091 19.123079, 72.950376 19.099958, 72.974698 19.100227))"
Mumbai_r03_c00,Mumbai,2022,3,0,2022-01-01,2022-03-31,32643,266450.0,2110590.0,269010.0,2113150.0,72.79244496603893,19.086570236780666,1.0,16.217971801757812,0.09900158643722534,-0.4002188444137573,-0.2537085711956024,0.6641103625297546,0.06990320235490799,True,tiles\Mumbai\2022\Mumbai_r03_c00.tif,,,"POLYGON ((72.804756 19.075156, 72.804451 19.098275, 72.780132 19.097984, 72.78044 19.074865, 72.804756 19.075156))"
Mumbai_r03_c01,Mumbai,2022,3,1,2022-01-01,2022-03-31,32643,269010.0,2110590.0,271570.0,2113150.0,72.8167627062529,19.08686005453996,1.0,16.418807983398438,0.08784401416778564,-0.25524404644966125,-0.19217434525489807,0.4391457736492157,0.07595981657505035,True,tiles\Mumbai\2022\Mumbai_r03_c01.tif,,,"POLYGON ((72.829072 19.075444, 72.828771 19.098564, 72.804451 19.098275, 72.804756 19.075156, 72.829072 19.075444))"
Mumbai_r03_c02,Mumbai,2022,3,2,2022-01-01,2022-03-31,32643,271570.0,2110590.0,274130.0,2113150.0,72.84108088413753,19.08714666772428,1.0,16.8460693359375,0.06410723924636841,0.2708905339241028,0.0038567334413528442,-0.32523113489151,0.09315836429595947,True,tiles\Mumbai\2022\Mumbai_r03_c02.tif,,,"POLYGON ((72.853389 19.075729, 72.853091 19.098849, 72.828771 19.098564, 72.829072 19.075444, 72.853389 19.075729))"
Mumbai_r03_c03,Mumbai,2022,3,3,2022-01-01,2022-03-31,32643,274130.0,2110590.0,276690.0,2113150.0,72.86539949482983,19.0874300760866,1.0,16.82940673828125,0.065032958984375,0.19867539405822754,0.058360856026411057,-0.31735897064208984,0.10874731838703156,True,tiles\Mumbai\2022\Mumbai_r03_c03.tif,,,"POLYGON ((72.877706 19.076011, 72.877412 19.099131, 72.853091 19.098849, 72.853389 19.075729, 72.877706 19.076011))"
Mumbai_r03_c04,Mumbai,2022,3,4,2022-01-01,2022-03-31,32643,276690.0,2110590.0,279250.0,2113150.0,72.88971853346617,19.087710279382623,1.0,16.136306762695312,0.10353851318359375,0.21847283840179443,0.04729509726166725,-0.32654833793640137,0.09924186766147614,True,tiles\Mumbai\2022\Mumbai_r03_c04.tif,,,"POLYGON ((72.902024 19.076289, 72.901732 19.09941, 72.877412 19.099131, 72.877706 19.076011, 72.902024 19.076289))"
Mumbai_r03_c05,Mumbai,2022,3,5,2022-01-01,2022-03-31,32643,279250.0,2110590.0,281810.0,2113150.0,72.91403799518254,19.087987277370846,1.0,16.0421142578125,0.1087714433670044,0.3108264207839966,-0.042641788721084595,-0.3094753921031952,0.08567382395267487,True,tiles\Mumbai\2022\Mumbai_r03_c05.tif,,,"POLYGON ((72.926342 19.076564, 72.926054 19.099685, 72.901732 19.09941, 72.902024 19.076289, 72.926342 19.076564))"
Mumbai_r03_c06,Mumbai,2022,3,6,2022-01-01,2022-03-31,32643,281810.0,2110590.0,284370.0,2113150.0,72.93835787511442,19.088261069812475,1.0,16.001724243164062,0.11101531982421875,0.4635719060897827,-0.18295301496982574,-0.29148155450820923,0.05262842774391174,True,tiles\Mumbai\2022\Mumbai_r03_c06.tif,,,"POLYGON ((72.95066 19.076836, 72.950376 19.099958, 72.926054 19.099685, 72.926342 19.076564, 72.95066 19.076836))"
Mumbai_r03_c07,Mumbai,2022,3,7,2022-01-01,2022-03-31,32643,284370.0,2110590.0,286930.0,2113150.0,72.96267816839678,19.088531656471492,1.0,16.041000366210938,0.10883331298828125,0.05654197558760643,-0.29321473836898804,0.26405102014541626,0.057057760655879974,True,tiles\Mumbai\2022\Mumbai_r03_c07.tif,,,"POLYGON ((72.974979 19.077105, 72.974698 19.100227, 72.950376 19.099958, 72.95066 19.076836, 72.974979 19.077105))"
Mumbai_r04_c00,Mumbai,2022,4,0,2022-01-01,2022-03-31,32643,266450.0,2108030.0,269010.0,2110590.0,72.79275127245563,19.063451209471282,1.0,16.709091186523438,0.07171714305877686,-0.3807139992713928,-0.2806374728679657,0.660593569278717,0.0693109929561615,True,tiles\Mumbai\2022\Mumbai_r04_c00.tif,,,"POLYGON ((72.805061 19.052037, 72.804756 19.075156, 72.78044 19.074865, 72.780748 19.051746, 72.805061 19.052037))"
Mumbai_r04_c01,Mumbai,2022,4,1,2022-01-01,2022-03-31,32643,269010.0,2108030.0,271570.0,2110590.0,72.817065645063,19.0637406498195,1.0,17.72113037109375,0.015492737293243408,-0.10765878856182098,-0.19412341713905334,0.27098381519317627,0.07425158470869064,True,tiles\Mumbai\2022\Mumbai_r04_c01.tif,,,"POLYGON ((72.829373 19.052324, 72.829072 19.075444, 72.804756 19.075156, 72.805061 19.052037, 72.829373 19.052324))"
Mumbai_r04_c02,Mumbai,2022,4,2,2022-01-01,2022-03-31,32643,271570.0,2108030.0,274130.0,2110590.0,72.84138045506221,19.064026889764612,1.0,17.6485595703125,0.019524455070495605,0.2433607280254364,0.0076278019696474075,-0.3048362135887146,0.09043166786432266,True,tiles\Mumbai\2022\Mumbai_r04_c02.tif,,,"POLYGON ((72.853687 19.052609, 72.853389 19.075729, 72.829072 19.075444, 72.829373 19.052324, 72.853687 19.052609))"
Mumbai_r04_c03,Mumbai,2022,4,3,2022-01-01,2022-03-31,32643,274130.0,2108030.0,276690.0,2110590.0,72.86569569759328,19.064309929059934,1.0,16.879226684570312,0.06226515769958496,0.2448531687259674,-0.007080850191414356,-0.2875939607620239,0.08790910989046097,True,tiles\Mumbai\2022\Mumbai_r04_c03.tif,,,"POLYGON ((72.878001 19.05289, 72.877706 19.076011, 72.853389 19.075729, 72.853687 19.052609, 72.878001 19.05289))"
Mumbai_r04_c04,Mumbai,2022,4,4,2022-01-01,2022-03-31,32643,276690.0,2108030.0,279250.0,2110590.0,72.89001136779578,19.06458976746155,1.0,16.416061401367188,0.08799660205841064,0.2532418966293335,-0.0010045543313026428,-0.30756163597106934,0.08907277882099152,True,tiles\Mumbai\2022\Mumbai_r04_c04.tif,,,"POLYGON ((72.902315 19.053168, 72.902024 19.076289, 72.877706 19.076011, 72.878001 19.05289, 72.902315 19.053168))"
Mumbai_r04_c05,Mumbai,2022,4,5,2022-01-01,2022-03-31,32643,279250.0,2108030.0,281810.0,2110590.0,72.9143274608087,19.064866404728285,1.0,15.9532470703125,0.11370849609375,0.2242586761713028,0.010567229241132736,-0.2893856167793274,0.09656010568141937,True,tiles\Mumbai\2022\Mumbai_r04_c05.tif,,,"POLYGON ((72.926629 19.053443, 72.926342 19.076564, 72.902024 19.076289, 72.902315 19.053168, 72.926629 19.053443))"
Mumbai_r04_c06,Mumbai,2022,4,6,2022-01-01,2022-03-31,32643,281810.0,2108030.0,284370.0,2110590.0,72.93864397177063,19.065139840621715,1.0,15.830886840820312,0.12050628662109375,0.31768694519996643,-0.10293678939342499,-0.2435143142938614,0.0751880556344986,True,tiles\Mumbai\2022\Mumbai_r04_c06.tif,,,"POLYGON ((72.950944 19.053715, 72.95066 19.076836, 72.926342 19.076564, 72.926629 19.053443, 72.950944 19.053715))"
Mumbai_r04_c07,Mumbai,2022,4,7,2022-01-01,2022-03-31,32643,284370.0,2108030.0,286930.0,2110590.0,72.96296089581968,19.06541007490617,1.0,16.255035400390625,0.0969424843788147,0.04223886504769325,-0.2583940029144287,0.22962364554405212,0.06301682442426682,True,tiles\Mumbai\2022\Mumbai_r04_c07.tif,,,"POLYGON ((72.97526 19.053983, 72.974979 19.077105, 72.95066 19.076836, 72.950944 19.053715, 72.97526 19.053983))"
Mumbai_r05_c00,Mumbai,2022,5,0,2022-01-01,2022-03-31,32643,266450.0,2105470.0,269010.0,2108030.0,72.79305713662089,19.040332119551277,1.0,17.265869140625,0.04078507423400879,-0.35238879919052124,-0.2565845549106598,0.6369072198867798,0.06629714369773865,True,tiles\Mumbai\2022\Mumbai_r05_c00.tif,,,"POLYGON ((72.805364 19.028918, 72.805061 19.052037, 72.780748 19.051746, 72.781055 19.028627, 72.805364 19.028918))"
Mumbai_r05_c01,Mumbai,2022,5,1,2022-01-01,2022-03-31,32643,269010.0,2105470.0,271570.0,2108030.0,72.81736814648116,19.040621182589405,1.0,17.294296264648438,0.03920578956604004,-0.22637662291526794,-0.20651423931121826,0.43920016288757324,0.06853923201560974,True,tiles\Mumbai\2022\Mumbai_r05_c01.tif,,,"POLYGON ((72.829674 19.029205, 72.829373 19.052324, 72.805061 19.052037, 72.805364 19.028918, 72.829674 19.029205))"
Mumbai_r05_c02,Mumbai,2022,5,2,2022-01-01,2022-03-31,32643,271570.0,2105470.0,274130.0,2108030.0,72.8416795934549,19.04090704939516,1.0,16.798538208007812,0.06674790382385254,0.10796964913606644,-0.04254038631916046,-0.09215617179870605,0.07515205442905426,True,tiles\Mumbai\2022\Mumbai_r05_c02.tif,,,"POLYGON ((72.853984 19.029489, 72.853687 19.052609, 72.829373 19.052324, 72.829674 19.029205, 72.853984 19.029489))"
Mumbai_r05_c03,Mumbai,2022,5,3,2022-01-01,2022-03-31,32643,274130.0,2105470.0,276690.0,2108030.0,72.86599147268527,19.04118971972223,1.0,16.139312744140625,0.1033715009689331,0.2316286563873291,0.019882742315530777,-0.3108474910259247,0.08839822560548782,True,tiles\Mumbai\2022\Mumbai_r05_c03.tif,,,"POLYGON ((72.878294 19.02977, 72.878001 19.05289, 72.853687 19.052609, 72.853984 19.029489, 72.878294 19.02977))"
Mumbai_r05_c04,Mumbai,2022,5,4,2022-01-01,2022-03-31,32643,276690.0,2105470.0,279250.0,2108030.0,72.89030377931482,19.041469193327067,1.0,15.995986938476562,0.11133408546447754,0.316524863243103,-0.040034737437963486,-0.3229826092720032,0.08518926054239273,True,tiles\Mumbai\2022\Mumbai_r05_c04.tif,,,"POLYGON ((72.902605 19.030047, 72.902315 19.053168, 72.878001 19.05289, 72.878294 19.02977, 72.902605 19.030047))"
Mumbai_r05_c05,Mumbai,2022,5,5,2022-01-01,2022-03-31,32643,279250.0,2105470.0,281810.0,2108030.0,72.91461650848574,19.04174546996885,1.0,15.972808837890625,0.1126217246055603,0.3571327030658722,-0.047574497759342194,-0.3490999937057495,0.07850674539804459,True,tiles\Mumbai\2022\Mumbai_r05_c05.tif,,,"POLYGON ((72.926917 19.030322, 72.926629 19.053443, 72.902315 19.053168, 72.902605 19.030047, 72.926917 19.030322))"
Mumbai_r05_c06,Mumbai,2022,5,6,2022-01-01,2022-03-31,32643,281810.0,2105470.0,284370.0,2108030.0,72.93892965533965,19.04201854940948,1.0,15.978179931640625,0.1123233437538147,0.3386428952217102,-0.042341478168964386,-0.32913893461227417,0.08037097752094269,True,tiles\Mumbai\2022\Mumbai_r05_c06.tif,,,"POLYGON ((72.951228 19.030593, 72.950944 19.053715, 72.926629 19.053443, 72.926917 19.030322, 72.951228 19.030593))"
Mumbai_r05_c07,Mumbai,2022,5,7,2022-01-01,2022-03-31,32643,284370.0,2105470.0,286930.0,2108030.0,72.96324321501773,19.042288431413677,1.0,15.941635131835938,0.11435359716415405,0.033760469406843185,-0.2574269473552704,0.22557882964611053,0.06779363006353378,True,tiles\Mumbai\2022\Mumbai_r05_c07.tif,,,"POLYGON ((72.97554 19.030861, 72.97526 19.053983, 72.950944 19.053715, 72.951228 19.030593, 72.97554 19.030861))"
Mumbai_r06_c00,Mumbai,2022,6,0,2022-01-01,2022-03-31,32643,266450.0,2102910.0,269010.0,2105470.0,72.79336255881613,19.01721296708748,1.0,16.213119506835938,0.09927111864089966,-0.3357398509979248,-0.25304773449897766,0.6216965317726135,0.06590062379837036,True,tiles\Mumbai\2022\Mumbai_r06_c00.tif,,,"POLYGON ((72.805668 19.005798, 72.805364 19.028918, 72.781055 19.028627, 72.781362 19.005508, 72.805668 19.005798))"
Mumbai_r06_c01,Mumbai,2022,6,1,2022-01-01,2022-03-31,32643,269010.0,2102910.0,271570.0,2105470.0,72.8176702107857,19.017501652916312,1.0,16.335098266601562,0.09249454736709595,-0.10959510505199432,-0.1192937046289444,0.21411770582199097,0.07201489061117172,True,tiles\Mumbai\2022\Mumbai_r06_c01.tif,,,"POLYGON ((72.829974 19.006085, 72.829674 19.029205, 72.805364 19.028918, 72.805668 19.005798, 72.829974 19.006085))"
Mumbai_r06_c02,Mumbai,2022,6,2,2022-01-01,2022-03-31,32643,271570.0,2102910.0,274130.0,2105470.0,72.84197829959089,19.01778714668241,1.0,16.120574951171875,0.1044124960899353,0.21868211030960083,0.01074675191193819,-0.27945226430892944,0.08585833013057709,True,tiles\Mumbai\2022\Mumbai_r06_c02.tif,,,"POLYGON ((72.854281 19.006369, 72.853984 19.029489, 72.829674 19.029205, 72.829974 19.006085, 72.854281 19.006369))"
Mumbai_r06_c03,Mumbai,2022,6,3,2022-01-01,2022-03-31,32643,274130.0,2102910.0,276690.0,2105470.0,72.86628682037791,19.018069448139833,1.0,15.968292236328125,0.1128726601600647,0.28484851121902466,-0.029493065550923347,-0.29920125007629395,0.07981552183628082,True,tiles\Mumbai\2022\Mumbai_r06_c03.tif,,,"POLYGON ((72.878588 19.006649, 72.878294 19.02977, 72.853984 19.029489, 72.854281 19.006369, 72.878588 19.006649))"
Mumbai_r06_c04,Mumbai,2022,6,4,2022-01-01,2022-03-31,32643,276690.0,2102910.0,279250.0,2105470.0,72.89059576829243,19.018348557045357,1.0,15.814468383789062,0.12141841650009155,0.2731034755706787,-0.03179861977696419,-0.2926640808582306,0.08390404284000397,True,tiles\Mumbai\2022\Mumbai_r06_c04.tif,,,"POLYGON ((72.902895 19.006927, 72.902605 19.030047, 72.878294 19.02977, 72.878588 19.006649, 72.902895 19.006927))"
Mumbai_r06_c05,Mumbai,2022,6,5,2022-01-01,2022-03-31,32643,279250.0,2102910.0,281810.0,2105470.0,72.91490513847968,19.01862447315855,1.0,15.758621215820312,0.12452101707458496,0.40200650691986084,-0.05658353120088577,-0.3818349540233612,0.07405970990657806,True,tiles\Mumbai\2022\Mumbai_r06_c05.tif,,,"POLYGON ((72.927203 19.007201, 72.926917 19.030322, 72.902605 19.030047, 72.902895 19.006927, 72.927203 19.007201))"
Mumbai_r06_c06,Mumbai,2022,6,6,2022-01-01,2022-03-31,32643,281810.0,2102910.0,284370.0,2105470.0,72.93921492608435,19.018897196241664,1.0,16.136734008789062,0.10351479053497314,0.28457820415496826,-0.22212199866771698,-0.07021147757768631,0.0638757199048996,True,tiles\Mumbai\2022\Mumbai_r06_c06.tif,,,"POLYGON ((72.951512 19.007472, 72.951228 19.030593, 72.926917 19.030322, 72.927203 19.007201, 72.951512 19.007472))"
Mumbai_r06_c07,Mumbai,2022,6,7,2022-01-01,2022-03-31,32643,284370.0,2102910.0,286930.0,2105470.0,72.96352512625077,19.019166726059737,1.0,16.4713134765625,0.0849270224571228,-0.20360174775123596,-0.3267994523048401,0.5426716804504395,0.07148119807243347,True,tiles\Mumbai\2022\Mumbai_r06_c07.tif,,,"POLYGON ((72.97582 19.007739, 72.97554 19.030861, 72.951228 19.030593, 72.951512 19.007472, 72.97582 19.007739))"
Mumbai_r07_c00,Mumbai,2022,7,0,2022-01-01,2022-03-31,32643,266450.0,2100350.0,269010.0,2102910.0,72.79366753932229,18.99409375214672,1.0,16.765151977539062,0.06860268115997314,-0.31705987453460693,-0.23422086238861084,0.6043485403060913,0.06620200723409653,True,tiles\Mumbai\2022\Mumbai_r07_c00.tif,,,"POLYGON ((72.805971 18.982679, 72.805668 19.005798, 72.781362 19.005508, 72.781669 18.982389, 72.805971 18.982679))"
Mumbai_r07_c01,Mumbai,2022,7,1,2022-01-01,2022-03-31,32643,269010.0,2100350.0,271570.0,2102910.0,72.81797183825448,18.994382060866904,1.0,16.388900756835938,0.08950549364089966,0.1122652217745781,-0.0164717435836792,-0.13291296362876892,0.0840776264667511,True,tiles\Mumbai\2022\Mumbai_r07_c01.tif,,,"POLYGON ((72.830274 18.982965, 72.829974 19.006085, 72.805668 19.005798, 72.805971 18.982679, 72.830274 18.982965))"
Mumbai_r07_c02,Mumbai,2022,7,2,2022-01-01,2022-03-31,32643,271570.0,2100350.0,274130.0,2102910.0,72.84227657374494,18.99466718169289,1.0,16.317230224609375,0.0934872031211853,0.25646522641181946,0.030684728175401688,-0.3345661163330078,0.08545231074094772,True,tiles\Mumbai\2022\Mumbai_r07_c02.tif,,,"POLYGON ((72.854577 18.983249, 72.854281 19.006369, 72.829974 19.006085, 72.830274 18.982965, 72.854577 18.983249))"
Mumbai_r07_c03,Mumbai,2022,7,3,2022-01-01,2022-03-31,32643,274130.0,2100350.0,276690.0,2102910.0,72.86658174094293,18.99494911437908,1.0,16.435226440429688,0.08693188428878784,-0.050890520215034485,-0.253495991230011,0.2699190676212311,0.07718952000141144,True,tiles\Mumbai\2022\Mumbai_r07_c03.tif,,,"POLYGON ((72.878881 18.983529, 72.878588 19.006649, 72.854281 19.006369, 72.854577 18.983249, 72.878881 18.983529))"
Mumbai_r07_c04,Mumbai,2022,7,4,2022-01-01,2022-03-31,32643,276690.0,2100350.0,279250.0,2102910.0,72.8908873349972,18.99522785868263,1.0,16.826034545898438,0.06522029638290405,-0.0388883501291275,-0.2604169249534607,0.25436070561408997,0.07674188911914825,True,tiles\Mumbai\2022\Mumbai_r07_c04.tif,,,"POLYGON ((72.903185 18.983806, 72.902895 19.006927, 72.878588 19.006649, 72.878881 18.983529, 72.903185 18.983806))"
Mumbai_r07_c05,Mumbai,2022,7,5,2022-01-01,2022-03-31,32643,279250.0,2100350.0,281810.0,2102910.0,72.91519335105605,18.99550341436344,1.0,16.605148315429688,0.07749176025390625,-0.001541435718536377,-0.27480971813201904,0.2466282844543457,0.0755738914012909,True,tiles\Mumbai\2022\Mumbai_r07_c05.tif,,,"POLYGON ((72.92749 18.984079, 72.927203 19.007201, 72.902895 19.006927, 72.903185 18.983806, 72.92749 18.984079))"
Mumbai_r07_c06,Mumbai,2022,7,6,2022-01-01,2022-03-31,32643,281810.0,2100350.0,284370.0,2102910.0,72.93949978426727,18.995775781184136,1.0,16.798538208007812,0.06674790382385254,-0.2951261103153229,-0.36861366033554077,0.635535717010498,0.07464349269866943,True,tiles\Mumbai\2022\Mumbai_r07_c06.tif,,,"POLYGON ((72.951795 18.98435, 72.951512 19.007472, 72.927203 19.007201, 72.92749 18.984079, 72.951795 18.98435))"
Mumbai_r07_c07,Mumbai,2022,7,7,2022-01-01,2022-03-31,32643,284370.0,2100350.0,286930.0,2102910.0,72.9638066297782,18.99604495891009,1.0,16.920989990234375,0.059944987297058105,-0.3006221055984497,-0.345019668340683,0.6249060034751892,0.07368731498718262,True,tiles\Mumbai\2022\Mumbai_r07_c07.tif,,,"POLYGON ((72.9761 18.984617, 72.97582 19.007739, 72.951512 19.007472, 72.951795 18.98435, 72.9761 18.984617))"
Mumbai_r00_c00,Mumbai,2023,0,0,2023-01-01,2023-03-31,32643,266450.0,2118270.0,269010.0,2120830.0,72.79152339045825,19.155926942377565,1.0,17.947647094726562,0.002908468246459961,0.3033195734024048,-0.1556539535522461,-0.19485166668891907,0.057365767657756805,True,tiles\Mumbai\2023\Mumbai_r00_c00.tif,18.0,0.195,"POLYGON ((72.80384 19.144513, 72.803534 19.167632, 72.779205 19.16734, 72.779514 19.144221, 72.80384 19.144513))"
Mumbai_r00_c01,Mumbai,2023,0,1,2023-01-01,2023-03-31,32643,269010.0,2118270.0,271570.0,2120830.0,72.81585126267986,19.156217892977494,1.0,17.642501831054688,0.01986098289489746,0.3620549738407135,-0.11264894902706146,-0.2906816601753235,0.047186996787786484,True,tiles\Mumbai\2023\Mumbai_r00_c01.tif,18.0,0.195,"POLYGON ((72.828167 19.144803, 72.827864 19.167922, 72.803534 19.167632, 72.80384 19.144513, 72.828167 19.144803))"
Mumbai_r00_c02,Mumbai,2023,0,2,2023-01-01,2023-03-31,32643,271570.0,2118270.0,274130.0,2120830.0,72.84017957341165,19.156505626480197,1.0,17.74835205078125,0.013980448246002197,0.24389822781085968,0.02768813446164131,-0.34030821919441223,0.08261584490537643,True,tiles\Mumbai\2023\Mumbai_r00_c02.tif,18.0,0.195,"POLYGON ((72.852494 19.145089, 72.852194 19.168208, 72.827864 19.167922, 72.828167 19.144803, 72.852494 19.145089))"
Mumbai_r00_c03,Mumbai,2023,0,3,2023-01-01,2023-03-31,32643,274130.0,2118270.0,276690.0,2120830.0,72.86450831778126,19.156790142637554,1.0,17.560379028320312,0.02442336082458496,0.4878833591938019,-0.07487660646438599,-0.46827220916748047,0.05725523829460144,True,tiles\Mumbai\2023\Mumbai_r00_c03.tif,18.0,0.195,"POLYGON ((72.876821 19.145371, 72.876525 19.168491, 72.852194 19.168208, 72.852494 19.145089, 72.876821 19.145371))"
Mumbai_r00_c04,Mumbai,2023,0,4,2023-01-01,2023-03-31,32643,276690.0,2118270.0,279250.0,2120830.0,72.88883749091585,19.157071441204202,1.0,17.2467041015625,0.04184979200363159,0.43530046939849854,-0.009943133220076561,-0.4948956072330475,0.06294547021389008,True,tiles\Mumbai\2023\Mumbai_r00_c04.tif,18.0,0.195,"POLYGON ((72.901148 19.145651, 72.900856 19.168771, 72.876525 19.168491, 72.876821 19.145371, 72.901148 19.145651))"
Mumbai_r00_c05,Mumbai,2023,0,5,2023-01-01,2023-03-31,32643,279250.0,2118270.0,281810.0,2120830.0,72.91316708794206,19.157349521937537,1.0,17.803939819335938,0.010892212390899658,0.13399629294872284,-0.17598509788513184,0.07344716787338257,0.047430433332920074,True,tiles\Mumbai\2023\Mumbai_r00_c05.tif,18.0,0.195,"POLYGON ((72.925477 19.145927, 72.925187 19.169048, 72.900856 19.168771, 72.901148 19.145651, 72.925477 19.145927))"
Mumbai_r00_c06,Mumbai,2023,0,6,2023-01-01,2023-03-31,32643,281810.0,2118270.0,284370.0,2120830.0,72.93749710398606,19.157624384597742,1.0,17.27532958984375,0.040259480476379395,0.25475889444351196,0.019510673359036446,-0.3261145055294037,0.08601696789264679,True,tiles\Mumbai\2023\Mumbai_r00_c06.tif,18.0,0.195,"POLYGON ((72.949805 19.1462, 72.949519 19.169321, 72.925187 19.169048, 72.925477 19.145927, 72.949805 19.1462))"
Mumbai_r00_c07,Mumbai,2023,0,7,2023-01-01,2023-03-31,32643,284370.0,2118270.0,286930.0,2120830.0,72.9618275341736,19.157896028947746,1.0,17.391921997070312,0.033782124519348145,0.33694395422935486,-0.14150869846343994,-0.20871971547603607,0.06571486592292786,True,tiles\Mumbai\2023\Mumbai_r00_c07.tif,18.0,0.195,"POLYGON ((72.974134 19.14647, 72.973852 19.169592, 72.949519 19.169321, 72.949805 19.1462, 72.974134 19.14647))"
Mumbai_r01_c00,Mumbai,2023,1,0,2023-01-01,2023-03-31,32643,266450.0,2115710.0,269010.0,2118270.0,72.7918310253229,19.132808103300533,1.0,17.994873046875,0.0002848505973815918,-0.17660260200500488,-0.13734447956085205,0.31464508175849915,0.06588244438171387,True,tiles\Mumbai\2023\Mumbai_r01_c00.tif,18.0,0.195,"POLYGON ((72.804146 19.121394, 72.80384 19.144513, 72.779514 19.144221, 72.779823 19.121102, 72.804146 19.121394))"
Mumbai_r01_c01,Mumbai,2023,1,1,2023-01-01,2023-03-31,32643,269010.0,2115710.0,271570.0,2118270.0,72.8161555153409,19.13309867618552,1.0,17.987197875976562,0.0007112026214599609,0.139481320977211,-0.07047361880540848,-0.10265430808067322,0.07484316825866699,True,tiles\Mumbai\2023\Mumbai_r01_c01.tif,18.0,0.195,"POLYGON ((72.828469 19.121683, 72.828167 19.144803, 72.80384 19.144513, 72.804146 19.121394, 72.828469 19.121683))"
Mumbai_r01_c02,Mumbai,2023,1,2,2023-01-01,2023-03-31,32643,271570.0,2115710.0,274130.0,2118270.0,72.84048044358875,19.133386036148483,1.0,17.826461791992188,0.009640991687774658,0.24057599902153015,0.028995011001825333,-0.3396979570388794,0.08523177355527878,True,tiles\Mumbai\2023\Mumbai_r01_c02.tif,18.0,0.195,"POLYGON ((72.852792 19.121969, 72.852494 19.145089, 72.828167 19.144803, 72.828469 19.121683, 72.852792 19.121969))"
Mumbai_r01_c03,Mumbai,2023,1,3,2023-01-01,2023-03-31,32643,274130.0,2115710.0,276690.0,2118270.0,72.86480580519721,19.133670182941657,1.0,17.420028686523438,0.03222060203552246,0.29346126317977905,0.014925061725080013,-0.38012638688087463,0.08008069545030594,True,tiles\Mumbai\2023\Mumbai_r01_c03.tif,18.0,0.195,"POLYGON ((72.877116 19.122251, 72.876821 19.145371, 72.852494 19.145089, 72.852792 19.121969, 72.877116 19.122251))"
Mumbai_r01_c04,Mumbai,2023,1,4,2023-01-01,2023-03-31,32643,276690.0,2115710.0,279250.0,2118270.0,72.88913159529649,19.13395111632005,1.0,16.759841918945312,0.06889766454696655,0.3753911852836609,-0.03774241358041763,-0.3934820294380188,0.0670943632721901,True,tiles\Mumbai\2023\Mumbai_r01_c04.tif,18.0,0.195,"POLYGON ((72.901441 19.12253, 72.901148 19.145651, 72.876821 19.145371, 72.877116 19.122251, 72.901441 19.12253))"
Mumbai_r01_c05,Mumbai,2023,1,5,2023-01-01,2023-03-31,32643,279250.0,2115710.0,281810.0,2118270.0,72.9134578090164,19.134228836041412,1.0,17.243377685546875,0.0420345664024353,0.3128088116645813,-0.1224953755736351,-0.20251795649528503,0.06117946654558182,True,tiles\Mumbai\2023\Mumbai_r01_c05.tif,18.0,0.195,"POLYGON ((72.925765 19.122806, 72.925477 19.145927, 72.901148 19.145651, 72.901441 19.12253, 72.925765 19.122806))"
Mumbai_r01_c06,Mumbai,2023,1,6,2023-01-01,2023-03-31,32643,281810.0,2115710.0,284370.0,2118270.0,72.93778444148623,19.134503341866278,1.0,17.30218505859375,0.03876751661300659,0.3508736491203308,-0.06236346811056137,-0.3249911963939667,0.0747118815779686,True,tiles\Mumbai\2023\Mumbai_r01_c06.tif,18.0,0.195,"POLYGON ((72.950091 19.123079, 72.949805 19.1462, 72.925477 19.145927, 72.925765 19.122806, 72.950091 19.123079))"
Mumbai_r01_c07,Mumbai,2023,1,7,2023-01-01,2023-03-31,32643,284370.0,2115710.0,286930.0,2118270.0,72.96211148783475,19.134774633557917,1.0,17.75927734375,0.013373494148254395,0.46999791264533997,-0.2542269229888916,-0.2134879231452942,0.04765837639570236,True,tiles\Mumbai\2023\Mumbai_r01_c07.tif,18.0,0.195,"POLYGON ((72.974416 19.123348, 72.974134 19.14647, 72.949805 19.1462, 72.950091 19.123079, 72.974416 19.123348))"
Mumbai_r02_c00,Mumbai,2023,2,0,2023-01-01,2023-03-31,32643,266450.0,2113150.0,269010.0,2115710.0,72.79213821708883,19.109689201412664,1.0,18.0,0.0,-0.35751456022262573,-0.22507038712501526,0.6288777589797974,0.058815352618694305,True,tiles\Mumbai\2023\Mumbai_r02_c00.tif,18.0,0.195,"POLYGON ((72.804451 19.098275, 72.804146 19.121394, 72.779823 19.121102, 72.780132 19.097984, 72.804451 19.098275))"
Mumbai_r02_c01,Mumbai,2023,2,1,2023-01-01,2023-03-31,32643,269010.0,2113150.0,271570.0,2115710.0,72.81645932977197,19.109979396684157,1.0,17.995315551757812,0.00026023387908935547,-0.20703811943531036,-0.14768368005752563,0.38193708658218384,0.06709256768226624,True,tiles\Mumbai\2023\Mumbai_r02_c01.tif,18.0,0.195,"POLYGON ((72.828771 19.098564, 72.828469 19.121683, 72.804146 19.121394, 72.804451 19.098275, 72.828771 19.098564))"
Mumbai_r02_c02,Mumbai,2023,2,2,2023-01-01,2023-03-31,32643,271570.0,2113150.0,274130.0,2115710.0,72.84078088040513,19.110266383207712,1.0,18.0,0.0,0.2854391038417816,-0.010529452934861183,-0.3395698666572571,0.08538877218961716,True,tiles\Mumbai\2023\Mumbai_r02_c02.tif,18.0,0.195,"POLYGON ((72.853091 19.098849, 72.852792 19.121969, 72.828469 19.121683, 72.828771 19.098564, 72.853091 19.098849))"
Mumbai_r02_c03,Mumbai,2023,2,3,2023-01-01,2023-03-31,32643,274130.0,2113150.0,276690.0,2115710.0,72.86510286412216,19.110550160735922,1.0,17.890609741210938,0.006077229976654053,0.25801461935043335,0.009989816695451736,-0.3316437304019928,0.08741237968206406,True,tiles\Mumbai\2023\Mumbai_r02_c03.tif,18.0,0.195,"POLYGON ((72.877412 19.099131, 72.877116 19.122251, 72.852792 19.121969, 72.853091 19.098849, 72.877412 19.099131))"
Mumbai_r02_c04,Mumbai,2023,2,4,2023-01-01,2023-03-31,32643,276690.0,2113150.0,279250.0,2115710.0,72.88942527605643,19.110830729024165,1.0,17.03509521484375,0.05360579490661621,0.23558206856250763,0.019587067887187004,-0.31845492124557495,0.08915071189403534,True,tiles\Mumbai\2023\Mumbai_r02_c04.tif,18.0,0.195,"POLYGON ((72.901732 19.09941, 72.901441 19.12253, 72.877116 19.122251, 72.877412 19.099131, 72.901732 19.09941))"
Mumbai_r02_c05,Mumbai,2023,2,5,2023-01-01,2023-03-31,32643,279250.0,2113150.0,281810.0,2115710.0,72.91374811134075,19.111108087830537,1.0,17.120941162109375,0.048836588859558105,0.2859773635864258,-0.0043967850506305695,-0.3369287848472595,0.08483489602804184,True,tiles\Mumbai\2023\Mumbai_r02_c05.tif,18.0,0.195,"POLYGON ((72.926054 19.099685, 72.925765 19.122806, 72.901441 19.12253, 72.901732 19.09941, 72.926054 19.099685))"
Mumbai_r02_c06,Mumbai,2023,2,6,2023-01-01,2023-03-31,32643,281810.0,2113150.0,284370.0,2115710.0,72.93807136510755,19.111382236915926,1.0,17.241241455078125,0.042153239250183105,0.38896089792251587,-0.09160244464874268,-0.32890838384628296,0.066057950258255,True,tiles\Mumbai\2023\Mumbai_r02_c06.tif,18.0,0.195,"POLYGON ((72.950376 19.099958, 72.950091 19.123079, 72.925765 19.122806, 72.926054 19.099685, 72.950376 19.099958))"
Mumbai_r02_c07,Mumbai,2023,2,7,2023-01-01,2023-03-31,32643,284370.0,2113150.0,286930.0,2115710.0,72.96239503248873,19.11165317604396,1.0,17.544769287109375,0.025290608406066895,0.26800668239593506,-0.3429020643234253,0.091527059674263,0.048040542751550674,True,tiles\Mumbai\2023\Mumbai_r02_c07.tif,18.0,0.195,"POLYGON ((72.974698 19.100227, 72.974416 19.123348, 72.950091 19.123079, 72.950376 19.099958, 72.974698 19.100227))"
Mumbai_r03_c00,Mumbai,2023,3,0,2023-01-01,2023-03-31,32643,266450.0,2110590.0,269010.0,2113150.0,72.79244496603893,19.086570236780666,1.0,17.749343872070312,0.013925313949584961,-0.4004999101161957,-0.1718498021364212,0.6303504109382629,0.06140954792499542,True,tiles\Mumbai\2023\Mumbai_r03_c00.tif,18.0,0.195,"POLYGON ((72.804756 19.075156, 72.804451 19.098275, 72.780132 19.097984, 72.78044 19.074865, 72.804756 19.075156))"
Mumbai_r03_c01,Mumbai,2023,3,1,2023-01-01,2023-03-31,32643,269010.0,2110590.0,271570.0,2113150.0,72.8167627062529,19.08686005453996,1.0,17.988998413085938,0.0006111860275268555,-0.258211612701416,-0.16517439484596252,0.4286801218986511,0.07181403785943985,True,tiles\Mumbai\2023\Mumbai_r03_c01.tif,18.0,0.195,"POLYGON ((72.829072 19.075444, 72.828771 19.098564, 72.804451 19.098275, 72.804756 19.075156, 72.829072 19.075444))"
Mumbai_r03_c02,Mumbai,2023,3,2,2023-01-01,2023-03-31,32643,271570.0,2110590.0,274130.0,2113150.0,72.84108088413753,19.08714666772428,1.0,17.998550415039062,8.052587509155273e-05,0.25120583176612854,0.02185509353876114,-0.3392440676689148,0.08693211525678635,True,tiles\Mumbai\2023\Mumbai_r03_c02.tif,18.0,0.195,"POLYGON ((72.853389 19.075729, 72.853091 19.098849, 72.828771 19.098564, 72.829072 19.075444, 72.853389 19.075729))"
Mumbai_r03_c03,Mumbai,2023,3,3,2023-01-01,2023-03-31,32643,274130.0,2110590.0,276690.0,2113150.0,72.86539949482983,19.0874300760866,1.0,17.843612670898438,0.008688211441040039,0.17928344011306763,0.06540843844413757,-0.3238307237625122,0.10395519435405731,True,tiles\Mumbai\2023\Mumbai_r03_c03.tif,18.0,0.195,"POLYGON ((72.877706 19.076011, 72.877412 19.099131, 72.853091 19.098849, 72.853389 19.075729, 72.877706 19.076011))"
Mumbai_r03_c04,Mumbai,2023,3,4,2023-01-01,2023-03-31,32643,276690.0,2110590.0,279250.0,2113150.0,72.88971853346617,19.087710279382623,1.0,17.154205322265625,0.046988606452941895,0.20100922882556915,0.0477009154856205,-0.31805819272994995,0.09524179250001907,True,tiles\Mumbai\2023\Mumbai_r03_c04.tif,18.0,0.195,"POLYGON ((72.902024 19.076289, 72.901732 19.09941, 72.877412 19.099131, 72.877706 19.076011, 72.902024 19.076289))"
Mumbai_r03_c05,Mumbai,2023,3,5,2023-01-01,2023-03-31,32643,279250.0,2110590.0,281810.0,2113150.0,72.91403799518254,19.087987277370846,1.0,16.068328857421875,0.1073150634765625,0.2939609885215759,-0.033983342349529266,-0.3022826015949249,0.08257798850536346,True,tiles\Mumbai\2023\Mumbai_r03_c05.tif,18.0,0.195,"POLYGON ((72.926342 19.076564, 72.926054 19.099685, 72.901732 19.09941, 72.902024 19.076289, 72.926342 19.076564))"
Mumbai_r03_c06,Mumbai,2023,3,6,2023-01-01,2023-03-31,32643,281810.0,2110590.0,284370.0,2113150.0,72.93835787511442,19.088261069812475,1.0,16.583053588867188,0.07871925830841064,0.4888686537742615,-0.17308419942855835,-0.33458492159843445,0.05049963295459747,True,tiles\Mumbai\2023\Mumbai_r03_c06.tif,18.0,0.195,"POLYGON ((72.95066 19.076836, 72.950376 19.099958, 72.926054 19.099685, 72.926342 19.076564, 72.95066 19.076836))"
Mumbai_r03_c07,Mumbai,2023,3,7,2023-01-01,2023-03-31,32643,284370.0,2110590.0,286930.0,2113150.0,72.96267816839678,19.088531656471492,1.0,17.881576538085938,0.006579101085662842,0.10020634531974792,-0.3792768716812134,0.32178056240081787,0.05132633447647095,True,tiles\Mumbai\2023\Mumbai_r03_c07.tif,18.0,0.195,"POLYGON ((72.974979 19.077105, 72.974698 19.100227, 72.950376 19.099958, 72.95066 19.076836, 72.974979 19.077105))"
Mumbai_r04_c00,Mumbai,2023,4,0,2023-01-01,2023-03-31,32643,266450.0,2108030.0,269010.0,2110590.0,72.79275127245563,19.063451209471282,1.0,17.045028686523438,0.053053975105285645,-0.4019927382469177,-0.1932700276374817,0.6410380601882935,0.06148442625999451,True,tiles\Mumbai\2023\Mumbai_r04_c00.tif,18.0,0.195,"POLYGON ((72.805061 19.052037, 72.804756 19.075156, 72.78044 19.074865, 72.780748 19.051746, 72.805061 19.052037))"
Mumbai_r04_c01,Mumbai,2023,4,1,2023-01-01,2023-03-31,32643,269010.0,2108030.0,271570.0,2110590.0,72.817065645063,19.0637406498195,1.0,17.883453369140625,0.006474792957305908,-0.12810656428337097,-0.16471213102340698,0.266486257314682,0.06888158619403839,True,tiles\Mumbai\2023\Mumbai_r04_c01.tif,18.0,0.195,"POLYGON ((72.829373 19.052324, 72.829072 19.075444, 72.804756 19.075156, 72.805061 19.052037, 72.829373 19.052324))"
Mumbai_r04_c02,Mumbai,2023,4,2,2023-01-01,2023-03-31,32643,271570.0,2108030.0,274130.0,2110590.0,72.84138045506221,19.064026889764612,1.0,17.970352172851562,0.0016471147537231445,0.2282324880361557,0.013381658121943474,-0.3058754801750183,0.08576252311468124,True,tiles\Mumbai\2023\Mumbai_r04_c02.tif,18.0,0.195,"POLYGON ((72.853687 19.052609, 72.853389 19.075729, 72.829072 19.075444, 72.829373 19.052324, 72.853687 19.052609))"
Mumbai_r04_c03,Mumbai,2023,4,3,2023-01-01,2023-03-31,32643,274130.0,2108030.0,276690.0,2110590.0,72.86569569759328,19.064309929059934,1.0,17.541580200195312,0.025467753410339355,0.22209352254867554,0.0030110152438282967,-0.28759151697158813,0.08486227691173553,True,tiles\Mumbai\2023\Mumbai_r04_c03.tif,18.0,0.195,"POLYGON ((72.878001 19.05289, 72.877706 19.076011, 72.853389 19.075729, 72.853687 19.052609, 72.878001 19.05289))"
Mumbai_r04_c04,Mumbai,2023,4,4,2023-01-01,2023-03-31,32643,276690.0,2108030.0,279250.0,2110590.0,72.89001136779578,19.06458976746155,1.0,16.836517333984375,0.06463789939880371,0.22744311392307281,0.0018329562153667212,-0.2932063341140747,0.08671827614307404,True,tiles\Mumbai\2023\Mumbai_r04_c04.tif,18.0,0.195,"POLYGON ((72.902315 19.053168, 72.902024 19.076289, 72.877706 19.076011, 72.878001 19.05289, 72.902315 19.053168))"
Mumbai_r04_c05,Mumbai,2023,4,5,2023-01-01,2023-03-31,32643,279250.0,2108030.0,281810.0,2110590.0,72.9143274608087,19.064866404728285,1.0,16.056045532226562,0.10799747705459595,0.20653951168060303,0.015760302543640137,-0.281995952129364,0.09456531703472137,True,tiles\Mumbai\2023\Mumbai_r04_c05.tif,18.0,0.195,"POLYGON ((72.926629 19.053443, 72.926342 19.076564, 72.902024 19.076289, 72.902315 19.053168, 72.926629 19.053443))"
Mumbai_r04_c06,Mumbai,2023,4,6,2023-01-01,2023-03-31,32643,281810.0,2108030.0,284370.0,2110590.0,72.93864397177063,19.065139840621715,1.0,16.389694213867188,0.08946144580841064,0.310749888420105,-0.07766064256429672,-0.2748388648033142,0.0723194032907486,True,tiles\Mumbai\2023\Mumbai_r04_c06.tif,18.0,0.195,"POLYGON ((72.950944 19.053715, 72.95066 19.076836, 72.926342 19.076564, 72.926629 19.053443, 72.950944 19.053715))"
Mumbai_r04_c07,Mumbai,2023,4,7,2023-01-01,2023-03-31,32643,284370.0,2108030.0,286930.0,2110590.0,72.96296089581968,19.06541007490617,1.0,17.608749389648438,0.02173614501953125,0.054921381175518036,-0.32988113164901733,0.29114606976509094,0.05882946401834488,True,tiles\Mumbai\2023\Mumbai_r04_c07.tif,18.0,0.195,"POLYGON ((72.97526 19.053983, 72.974979 19.077105, 72.95066 19.076836, 72.950944 19.053715, 72.97526 19.053983))"
Mumbai_r05_c00,Mumbai,2023,5,0,2023-01-01,2023-03-31,32643,266450.0,2105470.0,269010.0,2108030.0,72.79305713662089,19.040332119551277,1.0,17.0,0.05555558204650879,-0.3974470794200897,-0.19081924855709076,0.6472734212875366,0.059879060834646225,True,tiles\Mumbai\2023\Mumbai_r05_c00.tif,18.0,0.195,"POLYGON ((72.805364 19.028918, 72.805061 19.052037, 72.780748 19.051746, 72.781055 19.028627, 72.805364 19.028918))"
Mumbai_r05_c01,Mumbai,2023,5,1,2023-01-01,2023-03-31,32643,269010.0,2105470.0,271570.0,2108030.0,72.81736814648116,19.040621182589405,1.0,17.358184814453125,0.0356563925743103,-0.25711342692375183,-0.1800808608531952,0.4543417990207672,0.06481942534446716,True,tiles\Mumbai\2023\Mumbai_r05_c01.tif,18.0,0.195,"POLYGON ((72.829674 19.029205, 72.829373 19.052324, 72.805061 19.052037, 72.805364 19.028918, 72.829674 19.029205))"
Mumbai_r05_c02,Mumbai,2023,5,2,2023-01-01,2023-03-31,32643,271570.0,2105470.0,274130.0,2108030.0,72.8416795934549,19.04090704939516,1.0,17.985565185546875,0.0008019208908081055,0.08304011821746826,-0.036031097173690796,-0.08227613568305969,0.07145863026380539,True,tiles\Mumbai\2023\Mumbai_r05_c02.tif,18.0,0.195,"POLYGON ((72.853984 19.029489, 72.853687 19.052609, 72.829373 19.052324, 72.829674 19.029205, 72.853984 19.029489))"
Mumbai_r05_c03,Mumbai,2023,5,3,2023-01-01,2023-03-31,32643,274130.0,2105470.0,276690.0,2108030.0,72.86599147268527,19.04118971972223,1.0,17.708389282226562,0.016200602054595947,0.22173914313316345,0.019758448004722595,-0.3133203983306885,0.08639609813690186,True,tiles\Mumbai\2023\Mumbai_r05_c03.tif,18.0,0.195,"POLYGON ((72.878294 19.02977, 72.878001 19.05289, 72.853687 19.052609, 72.853984 19.029489, 72.878294 19.02977))"
Mumbai_r05_c04,Mumbai,2023,5,4,2023-01-01,2023-03-31,32643,276690.0,2105470.0,279250.0,2108030.0,72.89030377931482,19.041469193327067,1.0,16.963470458984375,0.05758500099182129,0.2880464792251587,-0.03131076693534851,-0.3087836802005768,0.08412006497383118,True,tiles\Mumbai\2023\Mumbai_r05_c04.tif,18.0,0.195,"POLYGON ((72.902605 19.030047, 72.902315 19.053168, 72.878001 19.05289, 72.878294 19.02977, 72.902605 19.030047))"
Mumbai_r05_c05,Mumbai,2023,5,5,2023-01-01,2023-03-31,32643,279250.0,2105470.0,281810.0,2108030.0,72.91461650848574,19.04174546996885,1.0,16.440460205078125,0.08664107322692871,0.3364199995994568,-0.040896955877542496,-0.3395874500274658,0.07736892998218536,True,tiles\Mumbai\2023\Mumbai_r05_c05.tif,18.0,0.195,"POLYGON ((72.926917 19.030322, 72.926629 19.053443, 72.902315 19.053168, 72.902605 19.030047, 72.926917 19.030322))"
Mumbai_r05_c06,Mumbai,2023,5,6,2023-01-01,2023-03-31,32643,281810.0,2105470.0,284370.0,2108030.0,72.93892965533965,19.04201854940948,1.0,16.284210205078125,0.0953216552734375,0.33224737644195557,-0.03848535194993019,-0.33988165855407715,0.07678993046283722,True,tiles\Mumbai\2023\Mumbai_r05_c06.tif,18.0,0.195,"POLYGON ((72.951228 19.030593, 72.950944 19.053715, 72.926629 19.053443, 72.926917 19.030322, 72.951228 19.030593))"
Mumbai_r05_c07,Mumbai,2023,5,7,2023-01-01,2023-03-31,32643,284370.0,2105470.0,286930.0,2108030.0,72.96324321501773,19.042288431413677,1.0,17.373504638671875,0.0348052978515625,0.056086812168359756,-0.32078492641448975,0.2773509621620178,0.06227030232548714,True,tiles\Mumbai\2023\Mumbai_r05_c07.tif,18.0,0.195,"POLYGON ((72.97554 19.030861, 72.97526 19.053983, 72.950944 19.053715, 72.951228 19.030593, 72.97554 19.030861))"
Mumbai_r06_c00,Mumbai,2023,6,0,2023-01-01,2023-03-31,32643,266450.0,2102910.0,269010.0,2105470.0,72.79336255881613,19.01721296708748,1.0,17.464004516601562,0.02977752685546875,-0.37699416279792786,-0.20172998309135437,0.6376968622207642,0.05960742384195328,True,tiles\Mumbai\2023\Mumbai_r06_c00.tif,18.0,0.195,"POLYGON ((72.805668 19.005798, 72.805364 19.028918, 72.781055 19.028627, 72.781362 19.005508, 72.805668 19.005798))"
Mumbai_r06_c01,Mumbai,2023,6,1,2023-01-01,2023-03-31,32643,269010.0,2102910.0,271570.0,2105470.0,72.8176702107857,19.017501652916312,1.0,17.877822875976562,0.006787598133087158,-0.11046501994132996,-0.123508520424366,0.21860702335834503,0.06919613480567932,True,tiles\Mumbai\2023\Mumbai_r06_c01.tif,18.0,0.195,"POLYGON ((72.829974 19.006085, 72.829674 19.029205, 72.805364 19.028918, 72.805668 19.005798, 72.829974 19.006085))"
Mumbai_r06_c02,Mumbai,2023,6,2,2023-01-01,2023-03-31,32643,271570.0,2102910.0,274130.0,2105470.0,72.84197829959089,19.01778714668241,1.0,17.634292602539062,0.02031707763671875,0.21313340961933136,0.008932158350944519,-0.28408920764923096,0.0814695805311203,True,tiles\Mumbai\2023\Mumbai_r06_c02.tif,18.0,0.195,"POLYGON ((72.854281 19.006369, 72.853984 19.029489, 72.829674 19.029205, 72.829974 19.006085, 72.854281 19.006369))"
Mumbai_r06_c03,Mumbai,2023,6,3,2023-01-01,2023-03-31,32643,274130.0,2102910.0,276690.0,2105470.0,72.86628682037791,19.018069448139833,1.0,17.198577880859375,0.04452347755432129,0.2870139479637146,-0.03981912136077881,-0.3023436665534973,0.07723228633403778,True,tiles\Mumbai\2023\Mumbai_r06_c03.tif,18.0,0.195,"POLYGON ((72.878588 19.006649, 72.878294 19.02977, 72.853984 19.029489, 72.854281 19.006369, 72.878588 19.006649))"
Mumbai_r06_c04,Mumbai,2023,6,4,2023-01-01,2023-03-31,32643,276690.0,2102910.0,279250.0,2105470.0,72.89059576829243,19.018348557045357,1.0,16.65484619140625,0.0747307538986206,0.27397361397743225,-0.04750669002532959,-0.2762572765350342,0.08126703649759293,True,tiles\Mumbai\2023\Mumbai_r06_c04.tif,18.0,0.195,"POLYGON ((72.902895 19.006927, 72.902605 19.030047, 72.878294 19.02977, 72.878588 19.006649, 72.902895 19.006927))"
Mumbai_r06_c05,Mumbai,2023,6,5,2023-01-01,2023-03-31,32643,279250.0,2102910.0,281810.0,2105470.0,72.91490513847968,19.01862447315855,1.0,15.251663208007812,0.15268540382385254,0.3921239972114563,-0.045983150601387024,-0.3980424106121063,0.07055260241031647,True,tiles\Mumbai\2023\Mumbai_r06_c05.tif,18.0,0.195,"POLYGON ((72.927203 19.007201, 72.926917 19.030322, 72.902605 19.030047, 72.902895 19.006927, 72.927203 19.007201))"
Mumbai_r06_c06,Mumbai,2023,6,6,2023-01-01,2023-03-31,32643,281810.0,2102910.0,284370.0,2105470.0,72.93921492608435,19.018897196241664,1.0,16.950592041015625,0.0583004355430603,0.3106067180633545,-0.26402437686920166,-0.053707659244537354,0.060773514211177826,True,tiles\Mumbai\2023\Mumbai_r06_c06.tif,18.0,0.195,"POLYGON ((72.951512 19.007472, 72.951228 19.030593, 72.926917 19.030322, 72.927203 19.007201, 72.951512 19.007472))"
Mumbai_r06_c07,Mumbai,2023,6,7,2023-01-01,2023-03-31,32643,284370.0,2102910.0,286930.0,2105470.0,72.96352512625077,19.019166726059737,1.0,17.457412719726562,0.03014373779296875,-0.22135630249977112,-0.47457537055015564,0.6609677076339722,0.06875843554735184,True,tiles\Mumbai\2023\Mumbai_r06_c07.tif,18.0,0.195,"POLYGON ((72.97582 19.007739, 72.97554 19.030861, 72.951228 19.030593, 72.951512 19.007472, 72.97582 19.007739))"
Mumbai_r07_c00,Mumbai,2023,7,0,2023-01-01,2023-03-31,32643,266450.0,2100350.0,269010.0,2102910.0,72.79366753932229,18.99409375214672,1.0,17.991134643554688,0.0004925131797790527,-0.3438233733177185,-0.2110987901687622,0.6153515577316284,0.06079939007759094,True,tiles\Mumbai\2023\Mumbai_r07_c00.tif,18.0,0.195,"POLYGON ((72.805971 18.982679, 72.805668 19.005798, 72.781362 19.005508, 72.781669 18.982389, 72.805971 18.982679))"
Mumbai_r07_c01,Mumbai,2023,7,1,2023-01-01,2023-03-31,32643,269010.0,2100350.0,271570.0,2102910.0,72.81797183825448,18.994382060866904,1.0,17.9168701171875,0.004618346691131592,0.10059409588575363,-0.002034337492659688,-0.14190632104873657,0.08081221580505371,True,tiles\Mumbai\2023\Mumbai_r07_c01.tif,18.0,0.195,"POLYGON ((72.830274 18.982965, 72.829974 19.006085, 72.805668 19.005798, 72.805971 18.982679, 72.830274 18.982965))"
Mumbai_r07_c02,Mumbai,2023,7,2,2023-01-01,2023-03-31,32643,271570.0,2100350.0,274130.0,2102910.0,72.84227657374494,18.99466718169289,1.0,17.302139282226562,0.03877002000808716,0.2509850859642029,0.030231354758143425,-0.343580961227417,0.08075730502605438,True,tiles\Mumbai\2023\Mumbai_r07_c02.tif,18.0,0.195,"POLYGON ((72.854577 18.983249, 72.854281 19.006369, 72.829974 19.006085, 72.830274 18.982965, 72.854577 18.983249))"
Mumbai_r07_c03,Mumbai,2023,7,3,2023-01-01,2023-03-31,32643,274130.0,2100350.0,276690.0,2102910.0,72.86658174094293,18.99494911437908,1.0,17.681182861328125,0.017712056636810303,-0.025728128850460052,-0.291520357131958,0.2893664538860321,0.0774378776550293,True,tiles\Mumbai\2023\Mumbai_r07_c03.tif,18.0,0.195,"POLYGON ((72.878881 18.983529, 72.878588 19.006649, 72.854281 19.006369, 72.854577 18.983249, 72.878881 18.983529))"
Mumbai_r07_c04,Mumbai,2023,7,4,2023-01-01,2023-03-31,32643,276690.0,2100350.0,279250.0,2102910.0,72.8908873349972,18.99522785868263,1.0,17.770675659179688,0.012740254402160645,-0.016145728528499603,-0.28192853927612305,0.2752254903316498,0.0800977349281311,True,tiles\Mumbai\2023\Mumbai_r07_c04.tif,18.0,0.195,"POLYGON ((72.903185 18.983806, 72.902895 19.006927, 72.878588 19.006649, 72.878881 18.983529, 72.903185 18.983806))"
Mumbai_r07_c05,Mumbai,2023,7,5,2023-01-01,2023-03-31,32643,279250.0,2100350.0,281810.0,2102910.0,72.91519335105605,18.99550341436344,1.0,17.206558227539062,0.04408007860183716,0.02920582890510559,-0.3493107855319977,0.29089510440826416,0.0773981511592865,True,tiles\Mumbai\2023\Mumbai_r07_c05.tif,18.0,0.195,"POLYGON ((72.92749 18.984079, 72.927203 19.007201, 72.902895 19.006927, 72.903185 18.983806, 72.92749 18.984079))"
Mumbai_r07_c06,Mumbai,2023,7,6,2023-01-01,2023-03-31,32643,281810.0,2100350.0,284370.0,2102910.0,72.93949978426727,18.995775781184136,1.0,17.29986572265625,0.03889632225036621,-0.2535223066806793,-0.5618515014648438,0.7497982382774353,0.07866168022155762,True,tiles\Mumbai\2023\Mumbai_r07_c06.tif,18.0,0.195,"POLYGON ((72.951795 18.98435, 72.951512 19.007472, 72.927203 19.007201, 72.92749 18.984079, 72.951795 18.98435))"
Mumbai_r07_c07,Mumbai,2023,7,7,2023-01-01,2023-03-31,32643,284370.0,2100350.0,286930.0,2102910.0,72.9638066297782,18.99604495891009,1.0,17.632537841796875,0.02041459083557129,-0.30045977234840393,-0.511780858039856,0.745834231376648,0.07781513780355453,True,tiles\Mumbai\2023\Mumbai_r07_c07.tif,18.0,0.195,"POLYGON ((72.9761 18.984617, 72.97582 19.007739, 72.951512 19.007472, 72.951795 18.98435, 72.9761 18.984617))"
Mumbai_r00_c00,Mumbai,2024,0,0,2024-01-01,2024-03-31,32643,266450.0,2118270.0,269010.0,2120830.0,72.79152339045825,19.155926942377565,1.0,15.752853393554688,0.12484145164489746,0.30947145819664,-0.17048415541648865,-0.15706171095371246,0.06767356395721436,True,tiles\Mumbai\2024\Mumbai_r00_c00.tif,,,"POLYGON ((72.80384 19.144513, 72.803534 19.167632, 72.779205 19.16734, 72.779514 19.144221, 72.80384 19.144513))"
Mumbai_r00_c01,Mumbai,2024,0,1,2024-01-01,2024-03-31,32643,269010.0,2118270.0,271570.0,2120830.0,72.81585126267986,19.156217892977494,1.0,16.427932739257812,0.08733707666397095,0.347859263420105,-0.12070770561695099,-0.2426646500825882,0.05921276658773422,True,tiles\Mumbai\2024\Mumbai_r00_c01.tif,,,"POLYGON ((72.828167 19.144803, 72.827864 19.167922, 72.803534 19.167632, 72.80384 19.144513, 72.828167 19.144803))"
Mumbai_r00_c02,Mumbai,2024,0,2,2024-01-01,2024-03-31,32643,271570.0,2118270.0,274130.0,2120830.0,72.84017957341165,19.156505626480197,1.0,15.83599853515625,0.12022233009338379,0.23061375319957733,0.02186001092195511,-0.3019644618034363,0.0946877971291542,True,tiles\Mumbai\2024\Mumbai_r00_c02.tif,,,"POLYGON ((72.852494 19.145089, 72.852194 19.168208, 72.827864 19.167922, 72.828167 19.144803, 72.852494 19.145089))"
Mumbai_r00_c03,Mumbai,2024,0,3,2024-01-01,2024-03-31,32643,274130.0,2118270.0,276690.0,2120830.0,72.86450831778126,19.156790142637554,1.0,16.51446533203125,0.08252972364425659,0.45233485102653503,-0.07533013820648193,-0.4103589653968811,0.06904713809490204,True,tiles\Mumbai\2024\Mumbai_r00_c03.tif,,,"POLYGON ((72.876821 19.145371, 72.876525 19.168491, 72.852194 19.168208, 72.852494 19.145089, 72.876821 19.145371))"
Mumbai_r00_c04,Mumbai,2024,0,4,2024-01-01,2024-03-31,32643,276690.0,2118270.0,279250.0,2120830.0,72.88883749091585,19.157071441204202,1.0,16.816604614257812,0.06574416160583496,0.40789785981178284,-0.012675121426582336,-0.44907480478286743,0.0715276300907135,True,tiles\Mumbai\2024\Mumbai_r00_c04.tif,,,"POLYGON ((72.901148 19.145651, 72.900856 19.168771, 72.876525 19.168491, 72.876821 19.145371, 72.901148 19.145651))"
Mumbai_r00_c05,Mumbai,2024,0,5,2024-01-01,2024-03-31,32643,279250.0,2118270.0,281810.0,2120830.0,72.91316708794206,19.157349521937537,1.0,16.268600463867188,0.09618884325027466,0.12666459381580353,-0.162797212600708,0.0842338502407074,0.05319724231958389,True,tiles\Mumbai\2024\Mumbai_r00_c05.tif,,,"POLYGON ((72.925477 19.145927, 72.925187 19.169048, 72.900856 19.168771, 72.901148 19.145651, 72.925477 19.145927))"
Mumbai_r00_c06,Mumbai,2024,0,6,2024-01-01,2024-03-31,32643,281810.0,2118270.0,284370.0,2120830.0,72.93749710398606,19.157624384597742,1.0,16.0169677734375,0.11016845703125,0.2483149617910385,0.021825794130563736,-0.308960884809494,0.09110038727521896,True,tiles\Mumbai\2024\Mumbai_r00_c06.tif,,,"POLYGON ((72.949805 19.1462, 72.949519 19.169321, 72.925187 19.169048, 72.925477 19.145927, 72.949805 19.1462))"
Mumbai_r00_c07,Mumbai,2024,0,7,2024-01-01,2024-03-31,32643,284370.0,2118270.0,286930.0,2120830.0,72.9618275341736,19.157896028947746,1.0,15.739776611328125,0.1255679726600647,0.30317044258117676,-0.11915190517902374,-0.19432739913463593,0.07144089043140411,True,tiles\Mumbai\2024\Mumbai_r00_c07.tif,,,"POLYGON ((72.974134 19.14647, 72.973852 19.169592, 72.949519 19.169321, 72.949805 19.1462, 72.974134 19.14647))"
Mumbai_r01_c00,Mumbai,2024,1,0,2024-01-01,2024-03-31,32643,266450.0,2115710.0,269010.0,2118270.0,72.7918310253229,19.132808103300533,1.0,16.77777099609375,0.067901611328125,-0.13389526307582855,-0.1599723994731903,0.3065875768661499,0.07817249745130539,True,tiles\Mumbai\2024\Mumbai_r01_c00.tif,,,"POLYGON ((72.804146 19.121394, 72.80384 19.144513, 72.779514 19.144221, 72.779823 19.121102, 72.804146 19.121394))"
Mumbai_r01_c01,Mumbai,2024,1,1,2024-01-01,2024-03-31,32643,269010.0,2115710.0,271570.0,2118270.0,72.8161555153409,19.13309867618552,1.0,16.351119995117188,0.09160447120666504,0.1447117179632187,-0.09429872781038284,-0.07266244292259216,0.08515496551990509,True,tiles\Mumbai\2024\Mumbai_r01_c01.tif,,,"POLYGON ((72.828469 19.121683, 72.828167 19.144803, 72.80384 19.144513, 72.804146 19.121394, 72.828469 19.121683))"
Mumbai_r01_c02,Mumbai,2024,1,2,2024-01-01,2024-03-31,32643,271570.0,2115710.0,274130.0,2118270.0,72.84048044358875,19.133386036148483,1.0,16.345672607421875,0.0919070839881897,0.23082369565963745,0.015349730849266052,-0.295793354511261,0.0968858152627945,True,tiles\Mumbai\2024\Mumbai_r01_c02.tif,,,"POLYGON ((72.852792 19.121969, 72.852494 19.145089, 72.828167 19.144803, 72.828469 19.121683, 72.852792 19.121969))"
Mumbai_r01_c03,Mumbai,2024,1,3,2024-01-01,2024-03-31,32643,274130.0,2115710.0,276690.0,2118270.0,72.86480580519721,19.133670182941657,1.0,16.63818359375,0.0756564736366272,0.28218334913253784,0.01237357035279274,-0.34359776973724365,0.09018654376268387,True,tiles\Mumbai\2024\Mumbai_r01_c03.tif,,,"POLYGON ((72.877116 19.122251, 72.876821 19.145371, 72.852494 19.145089, 72.852792 19.121969, 72.877116 19.122251))"
Mumbai_r01_c04,Mumbai,2024,1,4,2024-01-01,2024-03-31,32643,276690.0,2115710.0,279250.0,2118270.0,72.88913159529649,19.13395111632005,1.0,16.30426025390625,0.094207763671875,0.34544241428375244,-0.03131409361958504,-0.35166364908218384,0.07714788615703583,True,tiles\Mumbai\2024\Mumbai_r01_c04.tif,,,"POLYGON ((72.901441 19.12253, 72.901148 19.145651, 72.876821 19.145371, 72.877116 19.122251, 72.901441 19.12253))"
Mumbai_r01_c05,Mumbai,2024,1,5,2024-01-01,2024-03-31,32643,279250.0,2115710.0,281810.0,2118270.0,72.9134578090164,19.134228836041412,1.0,15.48480224609375,0.1397331953048706,0.3038768768310547,-0.10816080868244171,-0.19666361808776855,0.06896447390317917,True,tiles\Mumbai\2024\Mumbai_r01_c05.tif,,,"POLYGON ((72.925765 19.122806, 72.925477 19.145927, 72.901148 19.145651, 72.901441 19.12253, 72.925765 19.122806))"
Mumbai_r01_c06,Mumbai,2024,1,6,2024-01-01,2024-03-31,32643,281810.0,2115710.0,284370.0,2118270.0,72.93778444148623,19.134503341866278,1.0,15.547164916992188,0.13626861572265625,0.3193197548389435,-0.05120620131492615,-0.2977679371833801,0.08171349763870239,True,tiles\Mumbai\2024\Mumbai_r01_c06.tif,,,"POLYGON ((72.950091 19.123079, 72.949805 19.1462, 72.925477 19.145927, 72.925765 19.122806, 72.950091 19.123079))"
Mumbai_r01_c07,Mumbai,2024,1,7,2024-01-01,2024-03-31,32643,284370.0,2115710.0,286930.0,2118270.0,72.96211148783475,19.134774633557917,1.0,15.288864135742188,0.15061867237091064,0.4360356032848358,-0.23912030458450317,-0.19353002309799194,0.05645274370908737,True,tiles\Mumbai\2024\Mumbai_r01_c07.tif,,,"POLYGON ((72.974416 19.123348, 72.974134 19.14647, 72.949805 19.1462, 72.950091 19.123079, 72.974416 19.123348))"
Mumbai_r02_c00,Mumbai,2024,2,0,2024-01-01,2024-03-31,32643,266450.0,2113150.0,269010.0,2115710.0,72.79213821708883,19.109689201412664,1.0,17.0009765625,0.05550128221511841,-0.3060394525527954,-0.29172495007514954,0.6260121464729309,0.07247141748666763,True,tiles\Mumbai\2024\Mumbai_r02_c00.tif,,,"POLYGON ((72.804451 19.098275, 72.804146 19.121394, 72.779823 19.121102, 72.780132 19.097984, 72.804451 19.098275))"
Mumbai_r02_c01,Mumbai,2024,2,1,2024-01-01,2024-03-31,32643,269010.0,2113150.0,271570.0,2115710.0,72.81645932977197,19.109979396684157,1.0,16.897323608398438,0.06125980615615845,-0.1848745048046112,-0.1885138303041458,0.3839106559753418,0.07761111855506897,True,tiles\Mumbai\2024\Mumbai_r02_c01.tif,,,"POLYGON ((72.828771 19.098564, 72.828469 19.121683, 72.804146 19.121394, 72.804451 19.098275, 72.828771 19.098564))"
Mumbai_r02_c02,Mumbai,2024,2,2,2024-01-01,2024-03-31,32643,271570.0,2113150.0,274130.0,2115710.0,72.84078088040513,19.110266383207712,1.0,16.453765869140625,0.08590191602706909,0.2614186406135559,-0.024823978543281555,-0.2765849828720093,0.09727048873901367,True,tiles\Mumbai\2024\Mumbai_r02_c02.tif,,,"POLYGON ((72.853091 19.098849, 72.852792 19.121969, 72.828469 19.121683, 72.828771 19.098564, 72.853091 19.098849))"
Mumbai_r02_c03,Mumbai,2024,2,3,2024-01-01,2024-03-31,32643,274130.0,2113150.0,276690.0,2115710.0,72.86510286412216,19.110550160735922,1.0,16.376815795898438,0.09017688035964966,0.24859994649887085,0.002968022134155035,-0.29908639192581177,0.09740239381790161,True,tiles\Mumbai\2024\Mumbai_r02_c03.tif,,,"POLYGON ((72.877412 19.099131, 72.877116 19.122251, 72.852792 19.121969, 72.853091 19.098849, 72.877412 19.099131))"
Mumbai_r02_c04,Mumbai,2024,2,4,2024-01-01,2024-03-31,32643,276690.0,2113150.0,279250.0,2115710.0,72.88942527605643,19.110830729024165,1.0,16.59478759765625,0.0780673623085022,0.2198072373867035,0.020289922133088112,-0.287291556596756,0.09971849620342255,True,tiles\Mumbai\2024\Mumbai_r02_c04.tif,,,"POLYGON ((72.901732 19.09941, 72.901441 19.12253, 72.877116 19.122251, 72.877412 19.099131, 72.901732 19.09941))"
Mumbai_r02_c05,Mumbai,2024,2,5,2024-01-01,2024-03-31,32643,279250.0,2113150.0,281810.0,2115710.0,72.91374811134075,19.111108087830537,1.0,15.816604614257812,0.12129974365234375,0.2684982419013977,0.0016442527994513512,-0.3158840537071228,0.0915743038058281,True,tiles\Mumbai\2024\Mumbai_r02_c05.tif,,,"POLYGON ((72.926054 19.099685, 72.925765 19.122806, 72.901441 19.12253, 72.901732 19.09941, 72.926054 19.099685))"
Mumbai_r02_c06,Mumbai,2024,2,6,2024-01-01,2024-03-31,32643,281810.0,2113150.0,284370.0,2115710.0,72.93807136510755,19.111382236915926,1.0,15.67413330078125,0.1292148232460022,0.35144826769828796,-0.0697682648897171,-0.30590564012527466,0.07208822667598724,True,tiles\Mumbai\2024\Mumbai_r02_c06.tif,,,"POLYGON ((72.950376 19.099958, 72.950091 19.123079, 72.925765 19.122806, 72.926054 19.099685, 72.950376 19.099958))"
Mumbai_r02_c07,Mumbai,2024,2,7,2024-01-01,2024-03-31,32643,284370.0,2113150.0,286930.0,2115710.0,72.96239503248873,19.11165317604396,1.0,15.56988525390625,0.1350063681602478,0.2582870125770569,-0.3242495059967041,0.088968425989151,0.05630593001842499,True,tiles\Mumbai\2024\Mumbai_r02_c07.tif,,,"POLYGON ((72.974698 19.100227, 72.974416 19.123348, 72.950091 19.123079, 72.950376 19.099958, 72.974698 19.100227))"
Mumbai_r03_c00,Mumbai,2024,3,0,2024-01-01,2024-03-31,32643,266450.0,2110590.0,269010.0,2113150.0,72.79244496603893,19.086570236780666,1.0,17.619110107421875,0.021160542964935303,-0.32639580965042114,-0.26934218406677246,0.6329145431518555,0.07206827402114868,True,tiles\Mumbai\2024\Mumbai_r03_c00.tif,,,"POLYGON ((72.804756 19.075156, 72.804451 19.098275, 72.780132 19.097984, 72.78044 19.074865, 72.804756 19.075156))"
Mumbai_r03_c01,Mumbai,2024,3,1,2024-01-01,2024-03-31,32643,269010.0,2110590.0,271570.0,2113150.0,72.8167627062529,19.08686005453996,1.0,17.001235961914062,0.05548691749572754,-0.204104945063591,-0.1852719932794571,0.400515079498291,0.08109613507986069,True,tiles\Mumbai\2024\Mumbai_r03_c01.tif,,,"POLYGON ((72.829072 19.075444, 72.828771 19.098564, 72.804451 19.098275, 72.804756 19.075156, 72.829072 19.075444))"
Mumbai_r03_c02,Mumbai,2024,3,2,2024-01-01,2024-03-31,32643,271570.0,2110590.0,274130.0,2113150.0,72.84108088413753,19.08714666772428,1.0,16.671463012695312,0.07380759716033936,0.2399376630783081,0.008246948942542076,-0.2965738773345947,0.09809171408414841,True,tiles\Mumbai\2024\Mumbai_r03_c02.tif,,,"POLYGON ((72.853389 19.075729, 72.853091 19.098849, 72.828771 19.098564, 72.829072 19.075444, 72.853389 19.075729))"
Mumbai_r03_c03,Mumbai,2024,3,3,2024-01-01,2024-03-31,32643,274130.0,2110590.0,276690.0,2113150.0,72.86539949482983,19.0874300760866,1.0,16.642684936523438,0.07540637254714966,0.16355790197849274,0.06164344772696495,-0.2896711230278015,0.1138232946395874,True,tiles\Mumbai\2024\Mumbai_r03_c03.tif,,,"POLYGON ((72.877706 19.076011, 72.877412 19.099131, 72.853091 19.098849, 72.853389 19.075729, 72.877706 19.076011))"
Mumbai_r03_c04,Mumbai,2024,3,4,2024-01-01,2024-03-31,32643,276690.0,2110590.0,279250.0,2113150.0,72.88971853346617,19.087710279382623,1.0,16.532440185546875,0.0815311074256897,0.19206178188323975,0.04857756942510605,-0.29381513595581055,0.10481319576501846,True,tiles\Mumbai\2024\Mumbai_r03_c04.tif,,,"POLYGON ((72.902024 19.076289, 72.901732 19.09941, 72.877412 19.099131, 72.877706 19.076011, 72.902024 19.076289))"
Mumbai_r03_c05,Mumbai,2024,3,5,2024-01-01,2024-03-31,32643,279250.0,2110590.0,281810.0,2113150.0,72.91403799518254,19.087987277370846,1.0,15.975173950195312,0.11249035596847534,0.27870407700538635,-0.029067911207675934,-0.2833758294582367,0.08953899145126343,True,tiles\Mumbai\2024\Mumbai_r03_c05.tif,,,"POLYGON ((72.926342 19.076564, 72.926054 19.099685, 72.901732 19.09941, 72.902024 19.076289, 72.926342 19.076564))"
Mumbai_r03_c06,Mumbai,2024,3,6,2024-01-01,2024-03-31,32643,281810.0,2110590.0,284370.0,2113150.0,72.93835787511442,19.088261069812475,1.0,15.4395751953125,0.1422458291053772,0.4461941123008728,-0.15041163563728333,-0.3055899143218994,0.05880831182003021,True,tiles\Mumbai\2024\Mumbai_r03_c06.tif,,,"POLYGON ((72.95066 19.076836, 72.950376 19.099958, 72.926054 19.099685, 72.926342 19.076564, 72.95066 19.076836))"
Mumbai_r03_c07,Mumbai,2024,3,7,2024-01-01,2024-03-31,32643,284370.0,2110590.0,286930.0,2113150.0,72.96267816839678,19.088531656471492,1.0,15.7325439453125,0.1259697675704956,0.07504719495773315,-0.3619344234466553,0.30521613359451294,0.05814143642783165,True,tiles\Mumbai\2024\Mumbai_r03_c07.tif,,,"POLYGON ((72.974979 19.077105, 72.974698 19.100227, 72.950376 19.099958, 72.95066 19.076836, 72.974979 19.077105))"
Mumbai_r04_c00,Mumbai,2024,4,0,2024-01-01,2024-03-31,32643,266450.0,2108030.0,269010.0,2110590.0,72.79275127245563,19.063451209471282,1.0,17.240997314453125,0.042166829109191895,-0.305469274520874,-0.2887822985649109,0.6308603286743164,0.0728752613067627,True,tiles\Mumbai\2024\Mumbai_r04_c00.tif,,,"POLYGON ((72.805061 19.052037, 72.804756 19.075156, 72.78044 19.074865, 72.780748 19.051746, 72.805061 19.052037))"
Mumbai_r04_c01,Mumbai,2024,4,1,2024-01-01,2024-03-31,32643,269010.0,2108030.0,271570.0,2110590.0,72.817065645063,19.0637406498195,1.0,17.738616943359375,0.014521300792694092,-0.06518878787755966,-0.1756562888622284,0.24728313088417053,0.07788578420877457,True,tiles\Mumbai\2024\Mumbai_r04_c01.tif,,,"POLYGON ((72.829373 19.052324, 72.829072 19.075444, 72.804756 19.075156, 72.805061 19.052037, 72.829373 19.052324))"
Mumbai_r04_c02,Mumbai,2024,4,2,2024-01-01,2024-03-31,32643,271570.0,2108030.0,274130.0,2110590.0,72.84138045506221,19.064026889764612,1.0,17.316253662109375,0.037985920906066895,0.2188546359539032,0.001528363674879074,-0.2648906111717224,0.0969419777393341,True,tiles\Mumbai\2024\Mumbai_r04_c02.tif,,,"POLYGON ((72.853687 19.052609, 72.853389 19.075729, 72.829072 19.075444, 72.829373 19.052324, 72.853687 19.052609))"
Mumbai_r04_c03,Mumbai,2024,4,3,2024-01-01,2024-03-31,32643,274130.0,2108030.0,276690.0,2110590.0,72.86569569759328,19.064309929059934,1.0,16.693771362304688,0.07256823778152466,0.20894357562065125,-0.012205973267555237,-0.23864391446113586,0.09248919785022736,True,tiles\Mumbai\2024\Mumbai_r04_c03.tif,,,"POLYGON ((72.878001 19.05289, 72.877706 19.076011, 72.853389 19.075729, 72.853687 19.052609, 72.878001 19.05289))"
Mumbai_r04_c04,Mumbai,2024,4,4,2024-01-01,2024-03-31,32643,276690.0,2108030.0,279250.0,2110590.0,72.89001136779578,19.06458976746155,1.0,15.26129150390625,0.1521504521369934,0.217082679271698,0.004276773892343044,-0.2706606984138489,0.09459763765335083,True,tiles\Mumbai\2024\Mumbai_r04_c04.tif,,,"POLYGON ((72.902315 19.053168, 72.902024 19.076289, 72.877706 19.076011, 72.878001 19.05289, 72.902315 19.053168))"
Mumbai_r04_c05,Mumbai,2024,4,5,2024-01-01,2024-03-31,32643,279250.0,2108030.0,281810.0,2110590.0,72.9143274608087,19.064866404728285,1.0,15.897567749023438,0.11680179834365845,0.20102697610855103,0.016361726447939873,-0.26553744077682495,0.10095380991697311,True,tiles\Mumbai\2024\Mumbai_r04_c05.tif,,,"POLYGON ((72.926629 19.053443, 72.926342 19.076564, 72.902024 19.076289, 72.902315 19.053168, 72.926629 19.053443))"
Mumbai_r04_c06,Mumbai,2024,4,6,2024-01-01,2024-03-31,32643,281810.0,2108030.0,284370.0,2110590.0,72.93864397177063,19.065139840621715,1.0,15.924102783203125,0.11532759666442871,0.2829611301422119,-0.06603553146123886,-0.247587651014328,0.08106568455696106,True,tiles\Mumbai\2024\Mumbai_r04_c06.tif,,,"POLYGON ((72.950944 19.053715, 72.95066 19.076836, 72.926342 19.076564, 72.926629 19.053443, 72.950944 19.053715))"
Mumbai_r04_c07,Mumbai,2024,4,7,2024-01-01,2024-03-31,32643,284370.0,2108030.0,286930.0,2110590.0,72.96296089581968,19.06541007490617,1.0,15.953445434570312,0.11369746923446655,0.03864692896604538,-0.30124378204345703,0.260821133852005,0.06475625932216644,True,tiles\Mumbai\2024\Mumbai_r04_c07.tif,,,"POLYGON ((72.97526 19.053983, 72.974979 19.077105, 72.95066 19.076836, 72.950944 19.053715, 72.97526 19.053983))"
Mumbai_r05_c00,Mumbai,2024,5,0,2024-01-01,2024-03-31,32643,266450.0,2105470.0,269010.0,2108030.0,72.79305713662089,19.040332119551277,1.0,16.99786376953125,0.05567425489425659,-0.33286547660827637,-0.27618658542633057,0.6451388597488403,0.06976663321256638,True,tiles\Mumbai\2024\Mumbai_r05_c00.tif,,,"POLYGON ((72.805364 19.028918, 72.805061 19.052037, 72.780748 19.051746, 72.781055 19.028627, 72.805364 19.028918))"
Mumbai_r05_c01,Mumbai,2024,5,1,2024-01-01,2024-03-31,32643,269010.0,2105470.0,271570.0,2108030.0,72.81736814648116,19.040621182589405,1.0,17.586700439453125,0.022961080074310303,-0.20331043004989624,-0.21260401606559753,0.4396325349807739,0.07256525009870529,True,tiles\Mumbai\2024\Mumbai_r05_c01.tif,,,"POLYGON ((72.829674 19.029205, 72.829373 19.052324, 72.805061 19.052037, 72.805364 19.028918, 72.829674 19.029205))"
Mumbai_r05_c02,Mumbai,2024,5,2,2024-01-01,2024-03-31,32643,271570.0,2105470.0,274130.0,2108030.0,72.8416795934549,19.04090704939516,1.0,17.927490234375,0.0040283203125,0.10873467475175858,-0.07836070656776428,-0.04751501977443695,0.08140047639608383,True,tiles\Mumbai\2024\Mumbai_r05_c02.tif,,,"POLYGON ((72.853984 19.029489, 72.853687 19.052609, 72.829373 19.052324, 72.829674 19.029205, 72.853984 19.029489))"
Mumbai_r05_c03,Mumbai,2024,5,3,2024-01-01,2024-03-31,32643,274130.0,2105470.0,276690.0,2108030.0,72.86599147268527,19.04118971972223,1.0,17.229354858398438,0.04281359910964966,0.2032342255115509,0.017114585265517235,-0.27199625968933105,0.094795361161232,True,tiles\Mumbai\2024\Mumbai_r05_c03.tif,,,"POLYGON ((72.878294 19.02977, 72.878001 19.05289, 72.853687 19.052609, 72.853984 19.029489, 72.878294 19.02977))"
Mumbai_r05_c04,Mumbai,2024,5,4,2024-01-01,2024-03-31,32643,276690.0,2105470.0,279250.0,2108030.0,72.89030377931482,19.041469193327067,1.0,16.1134033203125,0.10481095314025879,0.28149184584617615,-0.03229367733001709,-0.28645631670951843,0.08843667060136795,True,tiles\Mumbai\2024\Mumbai_r05_c04.tif,,,"POLYGON ((72.902605 19.030047, 72.902315 19.053168, 72.878001 19.05289, 72.878294 19.02977, 72.902605 19.030047))"
Mumbai_r05_c05,Mumbai,2024,5,5,2024-01-01,2024-03-31,32643,279250.0,2105470.0,281810.0,2108030.0,72.91461650848574,19.04174546996885,1.0,16.211929321289062,0.09933727979660034,0.32215943932533264,-0.041871245950460434,-0.3168957233428955,0.08470141142606735,True,tiles\Mumbai\2024\Mumbai_r05_c05.tif,,,"POLYGON ((72.926917 19.030322, 72.926629 19.053443, 72.902315 19.053168, 72.902605 19.030047, 72.926917 19.030322))"
Mumbai_r05_c06,Mumbai,2024,5,6,2024-01-01,2024-03-31,32643,281810.0,2105470.0,284370.0,2108030.0,72.93892965533965,19.04201854940948,1.0,16.96728515625,0.057373046875,0.31374579668045044,-0.04194439947605133,-0.3037475347518921,0.08475920557975769,True,tiles\Mumbai\2024\Mumbai_r05_c06.tif,,,"POLYGON ((72.951228 19.030593, 72.950944 19.053715, 72.926629 19.053443, 72.926917 19.030322, 72.951228 19.030593))"
Mumbai_r05_c07,Mumbai,2024,5,7,2024-01-01,2024-03-31,32643,284370.0,2105470.0,286930.0,2108030.0,72.96324321501773,19.042288431413677,1.0,17.417816162109375,0.03234356641769409,0.050398021936416626,-0.31841766834259033,0.26553696393966675,0.06780727952718735,True,tiles\Mumbai\2024\Mumbai_r05_c07.tif,,,"POLYGON ((72.97554 19.030861, 72.97526 19.053983, 72.950944 19.053715, 72.951228 19.030593, 72.97554 19.030861))"
Mumbai_r06_c00,Mumbai,2024,6,0,2024-01-01,2024-03-31,32643,266450.0,2102910.0,269010.0,2105470.0,72.79336255881613,19.01721296708748,1.0,17.096389770507812,0.050200581550598145,-0.3256347179412842,-0.22900913655757904,0.6125673651695251,0.06751668453216553,True,tiles\Mumbai\2024\Mumbai_r06_c00.tif,,,"POLYGON ((72.805668 19.005798, 72.805364 19.028918, 72.781055 19.028627, 72.781362 19.005508, 72.805668 19.005798))"
Mumbai_r06_c01,Mumbai,2024,6,1,2024-01-01,2024-03-31,32643,269010.0,2102910.0,271570.0,2105470.0,72.8176702107857,19.017501652916312,1.0,17.152664184570312,0.047074198722839355,-0.0842040628194809,-0.13020426034927368,0.2177697718143463,0.07578910887241364,True,tiles\Mumbai\2024\Mumbai_r06_c01.tif,,,"POLYGON ((72.829974 19.006085, 72.829674 19.029205, 72.805364 19.028918, 72.805668 19.005798, 72.829974 19.006085))"
Mumbai_r06_c02,Mumbai,2024,6,2,2024-01-01,2024-03-31,32643,271570.0,2102910.0,274130.0,2105470.0,72.84197829959089,19.01778714668241,1.0,17.88836669921875,0.0062018632888793945,0.20183542370796204,-0.002643338404595852,-0.24156726896762848,0.09091657400131226,True,tiles\Mumbai\2024\Mumbai_r06_c02.tif,,,"POLYGON ((72.854281 19.006369, 72.853984 19.029489, 72.829674 19.029205, 72.829974 19.006085, 72.854281 19.006369))"
Mumbai_r06_c03,Mumbai,2024,6,3,2024-01-01,2024-03-31,32643,274130.0,2102910.0,276690.0,2105470.0,72.86628682037791,19.018069448139833,1.0,17.37664794921875,0.034630656242370605,0.26760876178741455,-0.047137290239334106,-0.25695738196372986,0.08685557544231415,True,tiles\Mumbai\2024\Mumbai_r06_c03.tif,,,"POLYGON ((72.878588 19.006649, 72.878294 19.02977, 72.853984 19.029489, 72.854281 19.006369, 72.878588 19.006649))"
Mumbai_r06_c04,Mumbai,2024,6,4,2024-01-01,2024-03-31,32643,276690.0,2102910.0,279250.0,2105470.0,72.89059576829243,19.018348557045357,1.0,16.493499755859375,0.0836944580078125,0.2612781822681427,-0.05266367271542549,-0.25011688470840454,0.08631906658411026,True,tiles\Mumbai\2024\Mumbai_r06_c04.tif,,,"POLYGON ((72.902895 19.006927, 72.902605 19.030047, 72.878294 19.02977, 72.878588 19.006649, 72.902895 19.006927))"
Mumbai_r06_c05,Mumbai,2024,6,5,2024-01-01,2024-03-31,32643,279250.0,2102910.0,281810.0,2105470.0,72.91490513847968,19.01862447315855,1.0,15.608993530273438,0.13283371925354004,0.3747444748878479,-0.050179995596408844,-0.3680037260055542,0.07778603583574295,True,tiles\Mumbai\2024\Mumbai_r06_c05.tif,,,"POLYGON ((72.927203 19.007201, 72.926917 19.030322, 72.902605 19.030047, 72.902895 19.006927, 72.927203 19.007201))"
Mumbai_r06_c06,Mumbai,2024,6,6,2024-01-01,2024-03-31,32643,281810.0,2102910.0,284370.0,2105470.0,72.93921492608435,19.018897196241664,1.0,17.02880859375,0.053955078125,0.32021665573120117,-0.2658750116825104,-0.050528913736343384,0.06604298949241638,True,tiles\Mumbai\2024\Mumbai_r06_c06.tif,,,"POLYGON ((72.951512 19.007472, 72.951228 19.030593, 72.926917 19.030322, 72.927203 19.007201, 72.951512 19.007472))"
Mumbai_r06_c07,Mumbai,2024,6,7,2024-01-01,2024-03-31,32643,284370.0,2102910.0,286930.0,2105470.0,72.96352512625077,19.019166726059737,1.0,17.980224609375,0.0010986328125,-0.20304358005523682,-0.39796409010887146,0.5817636251449585,0.0734468325972557,True,tiles\Mumbai\2024\Mumbai_r06_c07.tif,,,"POLYGON ((72.97582 19.007739, 72.97554 19.030861, 72.951228 19.030593, 72.951512 19.007472, 72.97582 19.007739))"
Mumbai_r07_c00,Mumbai,2024,7,0,2024-01-01,2024-03-31,32643,266450.0,2100350.0,269010.0,2102910.0,72.79366753932229,18.99409375214672,1.0,17.433670043945312,0.031462788581848145,-0.31289249658584595,-0.22275638580322266,0.6101317405700684,0.06444169580936432,True,tiles\Mumbai\2024\Mumbai_r07_c00.tif,,,"POLYGON ((72.805971 18.982679, 72.805668 19.005798, 72.781362 19.005508, 72.781669 18.982389, 72.805971 18.982679))"
Mumbai_r07_c01,Mumbai,2024,7,1,2024-01-01,2024-03-31,32643,269010.0,2100350.0,271570.0,2102910.0,72.81797183825448,18.994382060866904,1.0,17.151397705078125,0.04714459180831909,0.10696366429328918,-0.015218179672956467,-0.11340171843767166,0.08881586790084839,True,tiles\Mumbai\2024\Mumbai_r07_c01.tif,,,"POLYGON ((72.830274 18.982965, 72.829974 19.006085, 72.805668 19.005798, 72.805971 18.982679, 72.830274 18.982965))"
Mumbai_r07_c02,Mumbai,2024,7,2,2024-01-01,2024-03-31,32643,271570.0,2100350.0,274130.0,2102910.0,72.84227657374494,18.99466718169289,1.0,16.978652954101562,0.05674147605895996,0.22610488533973694,0.02185934968292713,-0.2903059720993042,0.09039068222045898,True,tiles\Mumbai\2024\Mumbai_r07_c02.tif,,,"POLYGON ((72.854577 18.983249, 72.854281 19.006369, 72.829974 19.006085, 72.830274 18.982965, 72.854577 18.983249))"
Mumbai_r07_c03,Mumbai,2024,7,3,2024-01-01,2024-03-31,32643,274130.0,2100350.0,276690.0,2102910.0,72.86658174094293,18.99494911437908,1.0,17.183074951171875,0.04538470506668091,-0.05038895830512047,-0.26291370391845703,0.3006100654602051,0.08035817742347717,True,tiles\Mumbai\2024\Mumbai_r07_c03.tif,,,"POLYGON ((72.878881 18.983529, 72.878588 19.006649, 72.854281 19.006369, 72.854577 18.983249, 72.878881 18.983529))"
Mumbai_r07_c04,Mumbai,2024,7,4,2024-01-01,2024-03-31,32643,276690.0,2100350.0,279250.0,2102910.0,72.8908873349972,18.99522785868263,1.0,17.321578979492188,0.037690043449401855,-0.02884501963853836,-0.27130430936813354,0.280155748128891,0.07816583663225174,True,tiles\Mumbai\2024\Mumbai_r07_c04.tif,,,"POLYGON ((72.903185 18.983806, 72.902895 19.006927, 72.878588 19.006649, 72.878881 18.983529, 72.903185 18.983806))"
Mumbai_r07_c05,Mumbai,2024,7,5,2024-01-01,2024-03-31,32643,279250.0,2100350.0,281810.0,2102910.0,72.91519335105605,18.99550341436344,1.0,16.404525756835938,0.08863747119903564,0.013583064079284668,-0.3262036442756653,0.2853116989135742,0.07620646059513092,True,tiles\Mumbai\2024\Mumbai_r07_c05.tif,,,"POLYGON ((72.92749 18.984079, 72.927203 19.007201, 72.902895 19.006927, 72.903185 18.983806, 72.92749 18.984079))"
Mumbai_r07_c06,Mumbai,2024,7,6,2024-01-01,2024-03-31,32643,281810.0,2100350.0,284370.0,2102910.0,72.93949978426727,18.995775781184136,1.0,16.663375854492188,0.07425689697265625,-0.2768296003341675,-0.4476248621940613,0.6681368350982666,0.07797923684120178,True,tiles\Mumbai\2024\Mumbai_r07_c06.tif,,,"POLYGON ((72.951795 18.98435, 72.951512 19.007472, 72.927203 19.007201, 72.92749 18.984079, 72.951795 18.98435))"
Mumbai_r07_c07,Mumbai,2024,7,7,2024-01-01,2024-03-31,32643,284370.0,2100350.0,286930.0,2102910.0,72.9638066297782,18.99604495891009,1.0,17.715164184570312,0.015824198722839355,-0.30701833963394165,-0.4279024004936218,0.6759617328643799,0.07683922350406647,True,tiles\Mumbai\2024\Mumbai_r07_c07.tif,,,"POLYGON ((72.9761 18.984617, 72.97582 19.007739, 72.951512 19.007472, 72.951795 18.98435, 72.9761 18.984617))"
Mumbai_r00_c00,Mumbai,2025,0,0,2025-01-01,2025-03-31,32643,266450.0,2118270.0,269010.0,2120830.0,72.79152339045825,19.155926942377565,1.0,17.99981689453125,0.052641212940216064,0.2814030647277832,-0.17783142626285553,-0.13105656206607819,0.06713416427373886,True,tiles\Mumbai\2025\Mumbai_r00_c00.tif,,,"POLYGON ((72.80384 19.144513, 72.803534 19.167632, 72.779205 19.16734, 72.779514 19.144221, 72.80384 19.144513))"
Mumbai_r00_c01,Mumbai,2025,0,1,2025-01-01,2025-03-31,32643,269010.0,2118270.0,271570.0,2120830.0,72.81585126267986,19.156217892977494,1.0,17.942489624023438,0.05565845966339111,0.33117231726646423,-0.13816553354263306,-0.21455234289169312,0.05848587676882744,True,tiles\Mumbai\2025\Mumbai_r00_c01.tif,,,"POLYGON ((72.828167 19.144803, 72.827864 19.167922, 72.803534 19.167632, 72.80384 19.144513, 72.828167 19.144803))"
Mumbai_r00_c02,Mumbai,2025,0,2,2025-01-01,2025-03-31,32643,271570.0,2118270.0,274130.0,2120830.0,72.84017957341165,19.156505626480197,1.0,17.877059936523438,0.05910211801528931,0.2178901880979538,0.023810317739844322,-0.3006216287612915,0.09044572710990906,True,tiles\Mumbai\2025\Mumbai_r00_c02.tif,,,"POLYGON ((72.852494 19.145089, 72.852194 19.168208, 72.827864 19.167922, 72.828167 19.144803, 72.852494 19.145089))"
Mumbai_r00_c03,Mumbai,2025,0,3,2025-01-01,2025-03-31,32643,274130.0,2118270.0,276690.0,2120830.0,72.86450831778126,19.156790142637554,1.0,17.013671875,0.10454356670379639,0.4643406271934509,-0.07909144461154938,-0.42442476749420166,0.06527354568243027,True,tiles\Mumbai\2025\Mumbai_r00_c03.tif,,,"POLYGON ((72.876821 19.145371, 72.876525 19.168491, 72.852194 19.168208, 72.852494 19.145089, 72.876821 19.145371))"
Mumbai_r00_c04,Mumbai,2025,0,4,2025-01-01,2025-03-31,32643,276690.0,2118270.0,279250.0,2120830.0,72.88883749091585,19.157071441204202,1.0,17.188812255859375,0.09532564878463745,0.4310919940471649,-0.016514526680111885,-0.47002163529396057,0.06799089908599854,True,tiles\Mumbai\2025\Mumbai_r00_c04.tif,,,"POLYGON ((72.901148 19.145651, 72.900856 19.168771, 72.876525 19.168491, 72.876821 19.145371, 72.901148 19.145651))"
Mumbai_r00_c05,Mumbai,2025,0,5,2025-01-01,2025-03-31,32643,279250.0,2118270.0,281810.0,2120830.0,72.91316708794206,19.157349521937537,1.0,17.171371459960938,0.09624361991882324,0.08109953254461288,-0.11485499143600464,0.09194168448448181,0.046717267483472824,True,tiles\Mumbai\2025\Mumbai_r00_c05.tif,,,"POLYGON ((72.925477 19.145927, 72.925187 19.169048, 72.900856 19.168771, 72.901148 19.145651, 72.925477 19.145927))"
Mumbai_r00_c06,Mumbai,2025,0,6,2025-01-01,2025-03-31,32643,281810.0,2118270.0,284370.0,2120830.0,72.93749710398606,19.157624384597742,1.0,17.112396240234375,0.09934759140014648,0.2554325461387634,0.025423090904951096,-0.333376944065094,0.08640316128730774,True,tiles\Mumbai\2025\Mumbai_r00_c06.tif,,,"POLYGON ((72.949805 19.1462, 72.949519 19.169321, 72.925187 19.169048, 72.925477 19.145927, 72.949805 19.1462))"
Mumbai_r00_c07,Mumbai,2025,0,7,2025-01-01,2025-03-31,32643,284370.0,2118270.0,286930.0,2120830.0,72.9618275341736,19.157896028947746,1.0,17.286224365234375,0.09019869565963745,0.34468284249305725,-0.11048083752393723,-0.2577047049999237,0.06654584407806396,True,tiles\Mumbai\2025\Mumbai_r00_c07.tif,,,"POLYGON ((72.974134 19.14647, 72.973852 19.169592, 72.949519 19.169321, 72.949805 19.1462, 72.974134 19.14647))"
Mumbai_r01_c00,Mumbai,2025,1,0,2025-01-01,2025-03-31,32643,266450.0,2115710.0,269010.0,2118270.0,72.7918310253229,19.132808103300533,1.0,17.994949340820312,0.05289739370346069,-0.1491421014070511,-0.20295169949531555,0.3460509181022644,0.07483930140733719,True,tiles\Mumbai\2025\Mumbai_r01_c00.tif,,,"POLYGON ((72.804146 19.121394, 72.80384 19.144513, 72.779514 19.144221, 72.779823 19.121102, 72.804146 19.121394))"
Mumbai_r01_c01,Mumbai,2025,1,1,2025-01-01,2025-03-31,32643,269010.0,2115710.0,271570.0,2118270.0,72.8161555153409,19.13309867618552,1.0,17.99896240234375,0.052686214447021484,0.14133134484291077,-0.1092388927936554,-0.060947369784116745,0.08112023770809174,True,tiles\Mumbai\2025\Mumbai_r01_c01.tif,,,"POLYGON ((72.828469 19.121683, 72.828167 19.144803, 72.80384 19.144513, 72.804146 19.121394, 72.828469 19.121683))"
Mumbai_r01_c02,Mumbai,2025,1,2,2025-01-01,2025-03-31,32643,271570.0,2115710.0,274130.0,2118270.0,72.84048044358875,19.133386036148483,1.0,17.99993896484375,0.05263477563858032,0.22233951091766357,0.025599980726838112,-0.30565398931503296,0.09079070389270782,True,tiles\Mumbai\2025\Mumbai_r01_c02.tif,,,"POLYGON ((72.852792 19.121969, 72.852494 19.145089, 72.828167 19.144803, 72.828469 19.121683, 72.852792 19.121969))"
Mumbai_r01_c03,Mumbai,2025,1,3,2025-01-01,2025-03-31,32643,274130.0,2115710.0,276690.0,2118270.0,72.86480580519721,19.133670182941657,1.0,17.157546997070312,0.09697121381759644,0.28284192085266113,0.01181044802069664,-0.35107237100601196,0.08567218482494354,True,tiles\Mumbai\2025\Mumbai_r01_c03.tif,,,"POLYGON ((72.877116 19.122251, 72.876821 19.145371, 72.852494 19.145089, 72.852792 19.121969, 72.877116 19.122251))"
Mumbai_r01_c04,Mumbai,2025,1,4,2025-01-01,2025-03-31,32643,276690.0,2115710.0,279250.0,2118270.0,72.88913159529649,19.13395111632005,1.0,17.001510620117188,0.1051836609840393,0.38896864652633667,-0.03861081600189209,-0.38640064001083374,0.07029026746749878,True,tiles\Mumbai\2025\Mumbai_r01_c04.tif,,,"POLYGON ((72.901441 19.12253, 72.901148 19.145651, 72.876821 19.145371, 72.877116 19.122251, 72.901441 19.12253))"
Mumbai_r01_c05,Mumbai,2025,1,5,2025-01-01,2025-03-31,32643,279250.0,2115710.0,281810.0,2118270.0,72.9134578090164,19.134228836041412,1.0,17.034530639648438,0.10344576835632324,0.3010794520378113,-0.07572063058614731,-0.2213515192270279,0.05940455198287964,True,tiles\Mumbai\2025\Mumbai_r01_c05.tif,,,"POLYGON ((72.925765 19.122806, 72.925477 19.145927, 72.901148 19.145651, 72.901441 19.12253, 72.925765 19.122806))"
Mumbai_r01_c06,Mumbai,2025,1,6,2025-01-01,2025-03-31,32643,281810.0,2115710.0,284370.0,2118270.0,72.93778444148623,19.134503341866278,1.0,17.0003662109375,0.10524386167526245,0.3404509723186493,-0.0550478957593441,-0.3283250331878662,0.07569032907485962,True,tiles\Mumbai\2025\Mumbai_r01_c06.tif,,,"POLYGON ((72.950091 19.123079, 72.949805 19.1462, 72.925477 19.145927, 72.925765 19.122806, 72.950091 19.123079))"
Mumbai_r01_c07,Mumbai,2025,1,7,2025-01-01,2025-03-31,32643,284370.0,2115710.0,286930.0,2118270.0,72.96211148783475,19.134774633557917,1.0,17.0,0.10526317358016968,0.49281150102615356,-0.27977365255355835,-0.22795182466506958,0.048847269266843796,True,tiles\Mumbai\2025\Mumbai_r01_c07.tif,,,"POLYGON ((72.974416 19.123348, 72.974134 19.14647, 72.949805 19.1462, 72.950091 19.123079, 72.974416 19.123348))"
Mumbai_r02_c00,Mumbai,2025,2,0,2025-01-01,2025-03-31,32643,266450.0,2113150.0,269010.0,2115710.0,72.79213821708883,19.109689201412664,1.0,17.99981689453125,0.052641212940216064,-0.30864185094833374,-0.3117539882659912,0.6516717076301575,0.06659258157014847,True,tiles\Mumbai\2025\Mumbai_r02_c00.tif,,,"POLYGON ((72.804451 19.098275, 72.804146 19.121394, 72.779823 19.121102, 72.780132 19.097984, 72.804451 19.098275))"
Mumbai_r02_c01,Mumbai,2025,2,1,2025-01-01,2025-03-31,32643,269010.0,2113150.0,271570.0,2115710.0,72.81645932977197,19.109979396684157,1.0,17.99658203125,0.05281144380569458,-0.16366106271743774,-0.23427164554595947,0.4008629620075226,0.07337937504053116,True,tiles\Mumbai\2025\Mumbai_r02_c01.tif,,,"POLYGON ((72.828771 19.098564, 72.828469 19.121683, 72.804146 19.121394, 72.804451 19.098275, 72.828771 19.098564))"
Mumbai_r02_c02,Mumbai,2025,2,2,2025-01-01,2025-03-31,32643,271570.0,2113150.0,274130.0,2115710.0,72.84078088040513,19.110266383207712,1.0,17.995681762695312,0.052858829498291016,0.25265824794769287,-0.008571546524763107,-0.2941599190235138,0.09283292293548584,True,tiles\Mumbai\2025\Mumbai_r02_c02.tif,,,"POLYGON ((72.853091 19.098849, 72.852792 19.121969, 72.828469 19.121683, 72.828771 19.098564, 72.853091 19.098849))"
Mumbai_r02_c03,Mumbai,2025,2,3,2025-01-01,2025-03-31,32643,274130.0,2113150.0,276690.0,2115710.0,72.86510286412216,19.110550160735922,1.0,17.025985717773438,0.10389548540115356,0.24544097483158112,0.012257442809641361,-0.3130590319633484,0.0926789715886116,True,tiles\Mumbai\2025\Mumbai_r02_c03.tif,,,"POLYGON ((72.877412 19.099131, 72.877116 19.122251, 72.852792 19.121969, 72.853091 19.098849, 72.877412 19.099131))"
Mumbai_r02_c04,Mumbai,2025,2,4,2025-01-01,2025-03-31,32643,276690.0,2113150.0,279250.0,2115710.0,72.88942527605643,19.110830729024165,1.0,17.0,0.10526317358016968,0.2377433180809021,0.024755118414759636,-0.3193926215171814,0.09288284182548523,True,tiles\Mumbai\2025\Mumbai_r02_c04.tif,,,"POLYGON ((72.901732 19.09941, 72.901441 19.12253, 72.877116 19.122251, 72.877412 19.099131, 72.901732 19.09941))"
Mumbai_r02_c05,Mumbai,2025,2,5,2025-01-01,2025-03-31,32643,279250.0,2113150.0,281810.0,2115710.0,72.91374811134075,19.111108087830537,1.0,17.0003662109375,0.10524386167526245,0.3024415373802185,0.0036367420107126236,-0.3641327917575836,0.08327271044254303,True,tiles\Mumbai\2025\Mumbai_r02_c05.tif,,,"POLYGON ((72.926054 19.099685, 72.925765 19.122806, 72.901441 19.12253, 72.901732 19.09941, 72.926054 19.099685))"
Mumbai_r02_c06,Mumbai,2025,2,6,2025-01-01,2025-03-31,32643,281810.0,2113150.0,284370.0,2115710.0,72.93807136510755,19.111382236915926,1.0,17.00030517578125,0.10524708032608032,0.4047633111476898,-0.11078682541847229,-0.3292791545391083,0.06521281599998474,True,tiles\Mumbai\2025\Mumbai_r02_c06.tif,,,"POLYGON ((72.950376 19.099958, 72.950091 19.123079, 72.925765 19.122806, 72.926054 19.099685, 72.950376 19.099958))"
Mumbai_r02_c07,Mumbai,2025,2,7,2025-01-01,2025-03-31,32643,284370.0,2113150.0,286930.0,2115710.0,72.96239503248873,19.11165317604396,1.0,17.0,0.10526317358016968,0.28220176696777344,-0.3548731505870819,0.08118638396263123,0.049816638231277466,True,tiles\Mumbai\2025\Mumbai_r02_c07.tif,,,"POLYGON ((72.974698 19.100227, 72.974416 19.123348, 72.950091 19.123079, 72.950376 19.099958, 72.974698 19.100227))"
Mumbai_r03_c00,Mumbai,2025,3,0,2025-01-01,2025-03-31,32643,266450.0,2110590.0,269010.0,2113150.0,72.79244496603893,19.086570236780666,1.0,17.99090576171875,0.05311024188995361,-0.3134461045265198,-0.2807562053203583,0.627352774143219,0.0724061131477356,True,tiles\Mumbai\2025\Mumbai_r03_c00.tif,,,"POLYGON ((72.804756 19.075156, 72.804451 19.098275, 72.780132 19.097984, 72.78044 19.074865, 72.804756 19.075156))"
Mumbai_r03_c01,Mumbai,2025,3,1,2025-01-01,2025-03-31,32643,269010.0,2110590.0,271570.0,2113150.0,72.8167627062529,19.08686005453996,1.0,17.999176025390625,0.052674949169158936,-0.2198464274406433,-0.23030631244182587,0.44353553652763367,0.08029858022928238,True,tiles\Mumbai\2025\Mumbai_r03_c01.tif,,,"POLYGON ((72.829072 19.075444, 72.828771 19.098564, 72.804451 19.098275, 72.804756 19.075156, 72.829072 19.075444))"
Mumbai_r03_c02,Mumbai,2025,3,2,2025-01-01,2025-03-31,32643,271570.0,2110590.0,274130.0,2113150.0,72.84108088413753,19.08714666772428,1.0,17.991378784179688,0.0530853271484375,0.230307936668396,0.019925465807318687,-0.3059973418712616,0.09438620507717133,True,tiles\Mumbai\2025\Mumbai_r03_c02.tif,,,"POLYGON ((72.853389 19.075729, 72.853091 19.098849, 72.828771 19.098564, 72.829072 19.075444, 72.853389 19.075729))"
Mumbai_r03_c03,Mumbai,2025,3,3,2025-01-01,2025-03-31,32643,274130.0,2110590.0,276690.0,2113150.0,72.86539949482983,19.0874300760866,1.0,17.134475708007812,0.0981854796409607,0.17494440078735352,0.05989139899611473,-0.30431970953941345,0.10936882346868515,True,tiles\Mumbai\2025\Mumbai_r03_c03.tif,,,"POLYGON ((72.877706 19.076011, 72.877412 19.099131, 72.853091 19.098849, 72.853389 19.075729, 72.877706 19.076011))"
Mumbai_r03_c04,Mumbai,2025,3,4,2025-01-01,2025-03-31,32643,276690.0,2110590.0,279250.0,2113150.0,72.88971853346617,19.087710279382623,1.0,16.998748779296875,0.10532903671264648,0.20497983694076538,0.05294385924935341,-0.32099050283432007,0.09858574718236923,True,tiles\Mumbai\2025\Mumbai_r03_c04.tif,,,"POLYGON ((72.902024 19.076289, 72.901732 19.09941, 72.877412 19.099131, 72.877706 19.076011, 72.902024 19.076289))"
Mumbai_r03_c05,Mumbai,2025,3,5,2025-01-01,2025-03-31,32643,279250.0,2110590.0,281810.0,2113150.0,72.91403799518254,19.087987277370846,1.0,17.001861572265625,0.10516518354415894,0.3111445903778076,-0.029021967202425003,-0.3304269313812256,0.08145342767238617,True,tiles\Mumbai\2025\Mumbai_r03_c05.tif,,,"POLYGON ((72.926342 19.076564, 72.926054 19.099685, 72.901732 19.09941, 72.902024 19.076289, 72.926342 19.076564))"
Mumbai_r03_c06,Mumbai,2025,3,6,2025-01-01,2025-03-31,32643,281810.0,2110590.0,284370.0,2113150.0,72.93835787511442,19.088261069812475,1.0,17.0,0.10526317358016968,0.5214430689811707,-0.22318002581596375,-0.3195953667163849,0.053028129041194916,True,tiles\Mumbai\2025\Mumbai_r03_c06.tif,,,"POLYGON ((72.95066 19.076836, 72.950376 19.099958, 72.926054 19.099685, 72.926342 19.076564, 72.95066 19.076836))"
Mumbai_r03_c07,Mumbai,2025,3,7,2025-01-01,2025-03-31,32643,284370.0,2110590.0,286930.0,2113150.0,72.96267816839678,19.088531656471492,1.0,17.0,0.10526317358016968,0.08375281095504761,-0.3770518898963928,0.30647385120391846,0.05249057710170746,True,tiles\Mumbai\2025\Mumbai_r03_c07.tif,,,"POLYGON ((72.974979 19.077105, 72.974698 19.100227, 72.950376 19.099958, 72.95066 19.076836, 72.974979 19.077105))"
Mumbai_r04_c00,Mumbai,2025,4,0,2025-01-01,2025-03-31,32643,266450.0,2108030.0,269010.0,2110590.0,72.79275127245563,19.063451209471282,1.0,17.9986572265625,0.052702248096466064,-0.31416624784469604,-0.2783861756324768,0.6213068962097168,0.0749891921877861,True,tiles\Mumbai\2025\Mumbai_r04_c00.tif,,,"POLYGON ((72.805061 19.052037, 72.804756 19.075156, 72.78044 19.074865, 72.780748 19.051746, 72.805061 19.052037))"
Mumbai_r04_c01,Mumbai,2025,4,1,2025-01-01,2025-03-31,32643,269010.0,2108030.0,271570.0,2110590.0,72.817065645063,19.0637406498195,1.0,17.962234497070312,0.05461925268173218,-0.09714147448539734,-0.19427594542503357,0.27159327268600464,0.07897616922855377,True,tiles\Mumbai\2025\Mumbai_r04_c01.tif,,,"POLYGON ((72.829373 19.052324, 72.829072 19.075444, 72.804756 19.075156, 72.805061 19.052037, 72.829373 19.052324))"
Mumbai_r04_c02,Mumbai,2025,4,2,2025-01-01,2025-03-31,32643,271570.0,2108030.0,274130.0,2110590.0,72.84138045506221,19.064026889764612,1.0,17.99810791015625,0.05273115634918213,0.21917210519313812,0.011068088933825493,-0.27934730052948,0.0928654819726944,True,tiles\Mumbai\2025\Mumbai_r04_c02.tif,,,"POLYGON ((72.853687 19.052609, 72.853389 19.075729, 72.829072 19.075444, 72.829373 19.052324, 72.853687 19.052609))"
Mumbai_r04_c03,Mumbai,2025,4,3,2025-01-01,2025-03-31,32643,274130.0,2108030.0,276690.0,2110590.0,72.86569569759328,19.064309929059934,1.0,17.74981689453125,0.06579911708831787,0.21669243276119232,-0.009279526770114899,-0.2544447183609009,0.08788849413394928,True,tiles\Mumbai\2025\Mumbai_r04_c03.tif,,,"POLYGON ((72.878001 19.05289, 72.877706 19.076011, 72.853389 19.075729, 72.853687 19.052609, 72.878001 19.05289))"
Mumbai_r04_c04,Mumbai,2025,4,4,2025-01-01,2025-03-31,32643,276690.0,2108030.0,279250.0,2110590.0,72.89001136779578,19.06458976746155,1.0,17.024887084960938,0.1039533019065857,0.2333815097808838,0.010858786292374134,-0.30235910415649414,0.08751320838928223,True,tiles\Mumbai\2025\Mumbai_r04_c04.tif,,,"POLYGON ((72.902315 19.053168, 72.902024 19.076289, 72.877706 19.076011, 72.878001 19.05289, 72.902315 19.053168))"
Mumbai_r04_c05,Mumbai,2025,4,5,2025-01-01,2025-03-31,32643,279250.0,2108030.0,281810.0,2110590.0,72.9143274608087,19.064866404728285,1.0,17.028701782226562,0.10375255346298218,0.22333450615406036,0.019642438739538193,-0.3054724335670471,0.0931541845202446,True,tiles\Mumbai\2025\Mumbai_r04_c05.tif,,,"POLYGON ((72.926629 19.053443, 72.926342 19.076564, 72.902024 19.076289, 72.902315 19.053168, 72.926629 19.053443))"
Mumbai_r04_c06,Mumbai,2025,4,6,2025-01-01,2025-03-31,32643,281810.0,2108030.0,284370.0,2110590.0,72.93864397177063,19.065139840621715,1.0,17.016708374023438,0.10438376665115356,0.3399202227592468,-0.1100221574306488,-0.2694747745990753,0.07354293763637543,True,tiles\Mumbai\2025\Mumbai_r04_c06.tif,,,"POLYGON ((72.950944 19.053715, 72.95066 19.076836, 72.926342 19.076564, 72.926629 19.053443, 72.950944 19.053715))"
Mumbai_r04_c07,Mumbai,2025,4,7,2025-01-01,2025-03-31,32643,284370.0,2108030.0,286930.0,2110590.0,72.96296089581968,19.06541007490617,1.0,16.9998779296875,0.10526961088180542,0.031092749908566475,-0.32878631353378296,0.28506380319595337,0.05996387451887131,True,tiles\Mumbai\2025\Mumbai_r04_c07.tif,,,"POLYGON ((72.97526 19.053983, 72.974979 19.077105, 72.95066 19.076836, 72.950944 19.053715, 72.97526 19.053983))"
Mumbai_r05_c00,Mumbai,2025,5,0,2025-01-01,2025-03-31,32643,266450.0,2105470.0,269010.0,2108030.0,72.79305713662089,19.040332119551277,1.0,17.895523071289062,0.05813038349151611,-0.30214959383010864,-0.26631855964660645,0.6105645298957825,0.07079361379146576,True,tiles\Mumbai\2025\Mumbai_r05_c00.tif,,,"POLYGON ((72.805364 19.028918, 72.805061 19.052037, 72.780748 19.051746, 72.781055 19.028627, 72.805364 19.028918))"
Mumbai_r05_c01,Mumbai,2025,5,1,2025-01-01,2025-03-31,32643,269010.0,2105470.0,271570.0,2108030.0,72.81736814648116,19.040621182589405,1.0,17.978134155273438,0.05378240346908569,-0.1981058120727539,-0.2325730174779892,0.4418018162250519,0.07268252968788147,True,tiles\Mumbai\2025\Mumbai_r05_c01.tif,,,"POLYGON ((72.829674 19.029205, 72.829373 19.052324, 72.805061 19.052037, 72.805364 19.028918, 72.829674 19.029205))"
Mumbai_r05_c02,Mumbai,2025,5,2,2025-01-01,2025-03-31,32643,271570.0,2105470.0,274130.0,2108030.0,72.8416795934549,19.04090704939516,1.0,17.922195434570312,0.05672657489776611,0.10191113501787186,-0.07463939487934113,-0.05106351524591446,0.07840108871459961,True,tiles\Mumbai\2025\Mumbai_r05_c02.tif,,,"POLYGON ((72.853984 19.029489, 72.853687 19.052609, 72.829373 19.052324, 72.829674 19.029205, 72.853984 19.029489))"
Mumbai_r05_c03,Mumbai,2025,5,3,2025-01-01,2025-03-31,32643,274130.0,2105470.0,276690.0,2108030.0,72.86599147268527,19.04118971972223,1.0,17.981552124023438,0.053602516651153564,0.21125023066997528,0.021058574318885803,-0.28999805450439453,0.09108910709619522,True,tiles\Mumbai\2025\Mumbai_r05_c03.tif,,,"POLYGON ((72.878294 19.02977, 72.878001 19.05289, 72.853687 19.052609, 72.853984 19.029489, 72.878294 19.02977))"
Mumbai_r05_c04,Mumbai,2025,5,4,2025-01-01,2025-03-31,32643,276690.0,2105470.0,279250.0,2108030.0,72.89030377931482,19.041469193327067,1.0,17.478836059570312,0.08006125688552856,0.3042025566101074,-0.03104994259774685,-0.32087868452072144,0.08264768868684769,True,tiles\Mumbai\2025\Mumbai_r05_c04.tif,,,"POLYGON ((72.902605 19.030047, 72.902315 19.053168, 72.878001 19.05289, 72.878294 19.02977, 72.902605 19.030047))"
Mumbai_r05_c05,Mumbai,2025,5,5,2025-01-01,2025-03-31,32643,279250.0,2105470.0,281810.0,2108030.0,72.91461650848574,19.04174546996885,1.0,17.927139282226562,0.05646634101867676,0.35333216190338135,-0.043537065386772156,-0.35986068844795227,0.07598719000816345,True,tiles\Mumbai\2025\Mumbai_r05_c05.tif,,,"POLYGON ((72.926917 19.030322, 72.926629 19.053443, 72.902315 19.053168, 72.902605 19.030047, 72.926917 19.030322))"
Mumbai_r05_c06,Mumbai,2025,5,6,2025-01-01,2025-03-31,32643,281810.0,2105470.0,284370.0,2108030.0,72.93892965533965,19.04201854940948,1.0,17.350250244140625,0.08682894706726074,0.3606886863708496,-0.05127439647912979,-0.35220542550086975,0.07694486528635025,True,tiles\Mumbai\2025\Mumbai_r05_c06.tif,,,"POLYGON ((72.951228 19.030593, 72.950944 19.053715, 72.926629 19.053443, 72.926917 19.030322, 72.951228 19.030593))"
Mumbai_r05_c07,Mumbai,2025,5,7,2025-01-01,2025-03-31,32643,284370.0,2105470.0,286930.0,2108030.0,72.96324321501773,19.042288431413677,1.0,17.00579833984375,0.10495799779891968,0.045531317591667175,-0.35373544692993164,0.2824227213859558,0.06493692100048065,True,tiles\Mumbai\2025\Mumbai_r05_c07.tif,,,"POLYGON ((72.97554 19.030861, 72.97526 19.053983, 72.950944 19.053715, 72.951228 19.030593, 72.97554 19.030861))"
Mumbai_r06_c00,Mumbai,2025,6,0,2025-01-01,2025-03-31,32643,266450.0,2102910.0,269010.0,2105470.0,72.79336255881613,19.01721296708748,1.0,17.9927978515625,0.05152374505996704,-0.3015560805797577,-0.28192391991615295,0.6250420212745667,0.07150578498840332,True,tiles\Mumbai\2025\Mumbai_r06_c00.tif,,,"POLYGON ((72.805668 19.005798, 72.805364 19.028918, 72.781055 19.028627, 72.781362 19.005508, 72.805668 19.005798))"
Mumbai_r06_c01,Mumbai,2025,6,1,2025-01-01,2025-03-31,32643,269010.0,2102910.0,271570.0,2105470.0,72.8176702107857,19.017501652916312,1.0,17.99774169921875,0.05275040864944458,-0.09139495342969894,-0.15627077221870422,0.23716935515403748,0.07674276828765869,True,tiles\Mumbai\2025\Mumbai_r06_c01.tif,,,"POLYGON ((72.829974 19.006085, 72.829674 19.029205, 72.805364 19.028918, 72.805668 19.005798, 72.829974 19.006085))"
Mumbai_r06_c02,Mumbai,2025,6,2,2025-01-01,2025-03-31,32643,271570.0,2102910.0,274130.0,2105470.0,72.84197829959089,19.01778714668241,1.0,17.996749877929688,0.05280262231826782,0.19701604545116425,0.0001530870795249939,-0.24388381838798523,0.08837069571018219,True,tiles\Mumbai\2025\Mumbai_r06_c02.tif,,,"POLYGON ((72.854281 19.006369, 72.853984 19.029489, 72.829674 19.029205, 72.829974 19.006085, 72.854281 19.006369))"
Mumbai_r06_c03,Mumbai,2025,6,3,2025-01-01,2025-03-31,32643,274130.0,2102910.0,276690.0,2105470.0,72.86628682037791,19.018069448139833,1.0,17.9976806640625,0.05275362730026245,0.27766484022140503,-0.03769127279520035,-0.2838774025440216,0.08466462790966034,True,tiles\Mumbai\2025\Mumbai_r06_c03.tif,,,"POLYGON ((72.878588 19.006649, 72.878294 19.02977, 72.853984 19.029489, 72.854281 19.006369, 72.878588 19.006649))"
Mumbai_r06_c04,Mumbai,2025,6,4,2025-01-01,2025-03-31,32643,276690.0,2102910.0,279250.0,2105470.0,72.89059576829243,19.018348557045357,1.0,17.97760009765625,0.05381053686141968,0.2896007001399994,-0.05027427151799202,-0.2893333435058594,0.07994328439235687,True,tiles\Mumbai\2025\Mumbai_r06_c04.tif,,,"POLYGON ((72.902895 19.006927, 72.902605 19.030047, 72.878294 19.02977, 72.878588 19.006649, 72.902895 19.006927))"
Mumbai_r06_c05,Mumbai,2025,6,5,2025-01-01,2025-03-31,32643,279250.0,2102910.0,281810.0,2105470.0,72.91490513847968,19.01862447315855,1.0,17.96282958984375,0.05458790063858032,0.39868271350860596,-0.04731185734272003,-0.4051167666912079,0.0712471604347229,True,tiles\Mumbai\2025\Mumbai_r06_c05.tif,,,"POLYGON ((72.927203 19.007201, 72.926917 19.030322, 72.902605 19.030047, 72.902895 19.006927, 72.927203 19.007201))"
Mumbai_r06_c06,Mumbai,2025,6,6,2025-01-01,2025-03-31,32643,281810.0,2102910.0,284370.0,2105470.0,72.93921492608435,19.018897196241664,1.0,17.47027587890625,0.08051180839538574,0.3468421697616577,-0.33673420548439026,-0.03743964433670044,0.05969879776239395,True,tiles\Mumbai\2025\Mumbai_r06_c06.tif,,,"POLYGON ((72.951512 19.007472, 72.951228 19.030593, 72.926917 19.030322, 72.927203 19.007201, 72.951512 19.007472))"
Mumbai_r06_c07,Mumbai,2025,6,7,2025-01-01,2025-03-31,32643,284370.0,2102910.0,286930.0,2105470.0,72.96352512625077,19.019166726059737,1.0,17.00335693359375,0.10508650541305542,-0.2678217887878418,-0.4094708561897278,0.6254533529281616,0.07180285453796387,True,tiles\Mumbai\2025\Mumbai_r06_c07.tif,,,"POLYGON ((72.97582 19.007739, 72.97554 19.030861, 72.951228 19.030593, 72.951512 19.007472, 72.97582 19.007739))"
Mumbai_r07_c00,Mumbai,2025,7,0,2025-01-01,2025-03-31,32643,266450.0,2100350.0,269010.0,2102910.0,72.79366753932229,18.99409375214672,1.0,17.947952270507812,0.005126476287841797,-0.3028474450111389,-0.23869967460632324,0.6041228771209717,0.07037105411291122,True,tiles\Mumbai\2025\Mumbai_r07_c00.tif,,,"POLYGON ((72.805971 18.982679, 72.805668 19.005798, 72.781362 19.005508, 72.781669 18.982389, 72.805971 18.982679))"
Mumbai_r07_c01,Mumbai,2025,7,1,2025-01-01,2025-03-31,32643,269010.0,2100350.0,271570.0,2102910.0,72.81797183825448,18.994382060866904,1.0,17.977096557617188,0.017109155654907227,0.08995916694402695,-0.030043404549360275,-0.09841998666524887,0.08828709274530411,True,tiles\Mumbai\2025\Mumbai_r07_c01.tif,,,"POLYGON ((72.830274 18.982965, 72.829974 19.006085, 72.805668 19.005798, 72.805971 18.982679, 72.830274 18.982965))"
Mumbai_r07_c02,Mumbai,2025,7,2,2025-01-01,2025-03-31,32643,271570.0,2100350.0,274130.0,2102910.0,72.84227657374494,18.99466718169289,1.0,17.926986694335938,0.03459352254867554,0.22891774773597717,0.02397146262228489,-0.30164456367492676,0.08679551631212234,True,tiles\Mumbai\2025\Mumbai_r07_c02.tif,,,"POLYGON ((72.854577 18.983249, 72.854281 19.006369, 72.829974 19.006085, 72.830274 18.982965, 72.854577 18.983249))"
Mumbai_r07_c03,Mumbai,2025,7,3,2025-01-01,2025-03-31,32643,274130.0,2100350.0,276690.0,2102910.0,72.86658174094293,18.99494911437908,1.0,17.793426513671875,0.05598855018615723,-0.0776330903172493,-0.28491365909576416,0.3237188160419464,0.0790591835975647,True,tiles\Mumbai\2025\Mumbai_r07_c03.tif,,,"POLYGON ((72.878881 18.983529, 72.878588 19.006649, 72.854281 19.006369, 72.854577 18.983249, 72.878881 18.983529))"
Mumbai_r07_c04,Mumbai,2025,7,4,2025-01-01,2025-03-31,32643,276690.0,2100350.0,279250.0,2102910.0,72.8908873349972,18.99522785868263,1.0,17.934722900390625,0.05605506896972656,-0.02806539088487625,-0.296999454498291,0.29054439067840576,0.07453573495149612,True,tiles\Mumbai\2025\Mumbai_r07_c04.tif,,,"POLYGON ((72.903185 18.983806, 72.902895 19.006927, 72.878588 19.006649, 72.878881 18.983529, 72.903185 18.983806))"
Mumbai_r07_c05,Mumbai,2025,7,5,2025-01-01,2025-03-31,32643,279250.0,2100350.0,281810.0,2102910.0,72.91519335105605,18.99550341436344,1.0,17.872665405273438,0.05933338403701782,-0.009368598461151123,-0.3361749053001404,0.29664331674575806,0.07373129576444626,True,tiles\Mumbai\2025\Mumbai_r07_c05.tif,,,"POLYGON ((72.92749 18.984079, 72.927203 19.007201, 72.902895 19.006927, 72.903185 18.983806, 72.92749 18.984079))"
Mumbai_r07_c06,Mumbai,2025,7,6,2025-01-01,2025-03-31,32643,281810.0,2100350.0,284370.0,2102910.0,72.93949978426727,18.995775781184136,1.0,17.325836181640625,0.08811390399932861,-0.35079529881477356,-0.42211925983428955,0.696831464767456,0.07676419615745544,True,tiles\Mumbai\2025\Mumbai_r07_c06.tif,,,"POLYGON ((72.951795 18.98435, 72.951512 19.007472, 72.927203 19.007201, 72.92749 18.984079, 72.951795 18.98435))"
Mumbai_r07_c07,Mumbai,2025,7,7,2025-01-01,2025-03-31,32643,284370.0,2100350.0,286930.0,2102910.0,72.9638066297782,18.99604495891009,1.0,17.30120849609375,0.08941006660461426,-0.34533169865608215,-0.449380487203598,0.7091265320777893,0.0791216790676117,True,tiles\Mumbai\2025\Mumbai_r07_c07.tif,,,"POLYGON ((72.9761 18.984617, 72.97582 19.007739, 72.951512 19.007472, 72.951795 18.98435, 72.9761 18.984617))"
Mumbai_r00_c00,Mumbai,2026,0,0,2026-01-01,2026-03-31,32643,266450.0,2118270.0,269010.0,2120830.0,72.79152339045825,19.155926942377565,1.0,20.780044555664062,0.010474085807800293,0.2933240234851837,-0.16986851394176483,-0.13879545032978058,0.07125109434127808,True,tiles\Mumbai\2026\Mumbai_r00_c00.tif,20.0,0.0,"POLYGON ((72.80384 19.144513, 72.803534 19.167632, 72.779205 19.16734, 72.779514 19.144221, 72.80384 19.144513))"
Mumbai_r00_c01,Mumbai,2026,0,1,2026-01-01,2026-03-31,32643,269010.0,2118270.0,271570.0,2120830.0,72.81585126267986,19.156217892977494,1.0,20.8603515625,0.006649911403656006,0.351004421710968,-0.1441362202167511,-0.22083966434001923,0.06663686037063599,True,tiles\Mumbai\2026\Mumbai_r00_c01.tif,20.0,0.0,"POLYGON ((72.828167 19.144803, 72.827864 19.167922, 72.803534 19.167632, 72.80384 19.144513, 72.828167 19.144803))"
Mumbai_r00_c02,Mumbai,2026,0,2,2026-01-01,2026-03-31,32643,271570.0,2118270.0,274130.0,2120830.0,72.84017957341165,19.156505626480197,1.0,20.964523315429688,0.0016893744468688965,0.23204675316810608,0.008286324329674244,-0.2859971523284912,0.09441705048084259,True,tiles\Mumbai\2026\Mumbai_r00_c02.tif,20.0,0.0,"POLYGON ((72.852494 19.145089, 72.852194 19.168208, 72.827864 19.167922, 72.828167 19.144803, 72.852494 19.145089))"
Mumbai_r00_c03,Mumbai,2026,0,3,2026-01-01,2026-03-31,32643,274130.0,2118270.0,276690.0,2120830.0,72.86450831778126,19.156790142637554,1.0,20.98681640625,0.0006278157234191895,0.46934688091278076,-0.0872693583369255,-0.4149947166442871,0.06735548377037048,True,tiles\Mumbai\2026\Mumbai_r00_c03.tif,20.0,0.0,"POLYGON ((72.876821 19.145371, 72.876525 19.168491, 72.852194 19.168208, 72.852494 19.145089, 72.876821 19.145371))"
Mumbai_r00_c04,Mumbai,2026,0,4,2026-01-01,2026-03-31,32643,276690.0,2118270.0,279250.0,2120830.0,72.88883749091585,19.157071441204202,1.0,20.93695068359375,0.003002345561981201,0.4044201076030731,-0.008259229362010956,-0.4523553252220154,0.07347092032432556,True,tiles\Mumbai\2026\Mumbai_r00_c04.tif,20.0,0.0,"POLYGON ((72.901148 19.145651, 72.900856 19.168771, 72.876525 19.168491, 72.876821 19.145371, 72.901148 19.145651))"
Mumbai_r00_c05,Mumbai,2026,0,5,2026-01-01,2026-03-31,32643,279250.0,2118270.0,281810.0,2120830.0,72.91316708794206,19.157349521937537,1.0,20.79718017578125,0.009658098220825195,0.10032684355974197,-0.15348269045352936,0.10812930762767792,0.05522213131189346,True,tiles\Mumbai\2026\Mumbai_r00_c05.tif,20.0,0.0,"POLYGON ((72.925477 19.145927, 72.925187 19.169048, 72.900856 19.168771, 72.901148 19.145651, 72.925477 19.145927))"
Mumbai_r00_c06,Mumbai,2026,0,6,2026-01-01,2026-03-31,32643,281810.0,2118270.0,284370.0,2120830.0,72.93749710398606,19.157624384597742,1.0,20.876678466796875,0.0058724284172058105,0.24730394780635834,0.020068585872650146,-0.3099992871284485,0.08964847028255463,True,tiles\Mumbai\2026\Mumbai_r00_c06.tif,20.0,0.0,"POLYGON ((72.949805 19.1462, 72.949519 19.169321, 72.925187 19.169048, 72.925477 19.145927, 72.949805 19.1462))"
Mumbai_r00_c07,Mumbai,2026,0,7,2026-01-01,2026-03-31,32643,284370.0,2118270.0,286930.0,2120830.0,72.9618275341736,19.157896028947746,1.0,20.999542236328125,2.181529998779297e-05,0.3089553713798523,-0.10349076986312866,-0.22316452860832214,0.07212923467159271,True,tiles\Mumbai\2026\Mumbai_r00_c07.tif,20.0,0.0,"POLYGON ((72.974134 19.14647, 72.973852 19.169592, 72.949519 19.169321, 72.949805 19.1462, 72.974134 19.14647))"
Mumbai_r01_c00,Mumbai,2026,1,0,2026-01-01,2026-03-31,32643,266450.0,2115710.0,269010.0,2118270.0,72.7918310253229,19.132808103300533,1.0,20.316268920898438,0.0325586199760437,-0.11675656586885452,-0.16232261061668396,0.29513755440711975,0.08307956159114838,True,tiles\Mumbai\2026\Mumbai_r01_c00.tif,20.0,0.0,"POLYGON ((72.804146 19.121394, 72.80384 19.144513, 72.779514 19.144221, 72.779823 19.121102, 72.804146 19.121394))"
Mumbai_r01_c01,Mumbai,2026,1,1,2026-01-01,2026-03-31,32643,269010.0,2115710.0,271570.0,2118270.0,72.8161555153409,19.13309867618552,1.0,20.800033569335938,0.009522199630737305,0.16312658786773682,-0.10592201352119446,-0.07519279420375824,0.08817850798368454,True,tiles\Mumbai\2026\Mumbai_r01_c01.tif,20.0,0.0,"POLYGON ((72.828469 19.121683, 72.828167 19.144803, 72.80384 19.144513, 72.804146 19.121394, 72.828469 19.121683))"
Mumbai_r01_c02,Mumbai,2026,1,2,2026-01-01,2026-03-31,32643,271570.0,2115710.0,274130.0,2118270.0,72.84048044358875,19.133386036148483,1.0,20.969818115234375,0.0014372467994689941,0.2379429042339325,0.00348369381390512,-0.2870257794857025,0.09573408961296082,True,tiles\Mumbai\2026\Mumbai_r01_c02.tif,20.0,0.0,"POLYGON ((72.852792 19.121969, 72.852494 19.145089, 72.828167 19.144803, 72.828469 19.121683, 72.852792 19.121969))"
Mumbai_r01_c03,Mumbai,2026,1,3,2026-01-01,2026-03-31,32643,274130.0,2115710.0,276690.0,2118270.0,72.86480580519721,19.133670182941657,1.0,20.738143920898438,0.012469351291656494,0.29258131980895996,-0.00218005059286952,-0.337247371673584,0.08989574015140533,True,tiles\Mumbai\2026\Mumbai_r01_c03.tif,20.0,0.0,"POLYGON ((72.877116 19.122251, 72.876821 19.145371, 72.852494 19.145089, 72.852792 19.121969, 72.877116 19.122251))"
Mumbai_r01_c04,Mumbai,2026,1,4,2026-01-01,2026-03-31,32643,276690.0,2115710.0,279250.0,2118270.0,72.88913159529649,19.13395111632005,1.0,20.876083374023438,0.0059008002281188965,0.3705398440361023,-0.04239261522889137,-0.3604297637939453,0.07403194904327393,True,tiles\Mumbai\2026\Mumbai_r01_c04.tif,20.0,0.0,"POLYGON ((72.901441 19.12253, 72.901148 19.145651, 72.876821 19.145371, 72.877116 19.122251, 72.901441 19.12253))"
Mumbai_r01_c05,Mumbai,2026,1,5,2026-01-01,2026-03-31,32643,279250.0,2115710.0,281810.0,2118270.0,72.9134578090164,19.134228836041412,1.0,20.905792236328125,0.004486083984375,0.29987746477127075,-0.09358347952365875,-0.21012067794799805,0.06412293016910553,True,tiles\Mumbai\2026\Mumbai_r01_c05.tif,20.0,0.0,"POLYGON ((72.925765 19.122806, 72.925477 19.145927, 72.901148 19.145651, 72.901441 19.12253, 72.925765 19.122806))"
Mumbai_r01_c06,Mumbai,2026,1,6,2026-01-01,2026-03-31,32643,281810.0,2115710.0,284370.0,2118270.0,72.93778444148623,19.134503341866278,1.0,20.99932861328125,3.1948089599609375e-05,0.32819032669067383,-0.05708806961774826,-0.30073004961013794,0.0794588178396225,True,tiles\Mumbai\2026\Mumbai_r01_c06.tif,20.0,0.0,"POLYGON ((72.950091 19.123079, 72.949805 19.1462, 72.925477 19.145927, 72.925765 19.122806, 72.950091 19.123079))"
Mumbai_r01_c07,Mumbai,2026,1,7,2026-01-01,2026-03-31,32643,284370.0,2115710.0,286930.0,2118270.0,72.96211148783475,19.134774633557917,1.0,20.99041748046875,0.0004563331604003906,0.44057902693748474,-0.22583046555519104,-0.2132052481174469,0.05507436767220497,True,tiles\Mumbai\2026\Mumbai_r01_c07.tif,20.0,0.0,"POLYGON ((72.974416 19.123348, 72.974134 19.14647, 72.949805 19.1462, 72.950091 19.123079, 72.974416 19.123348))"
Mumbai_r02_c00,Mumbai,2026,2,0,2026-01-01,2026-03-31,32643,266450.0,2113150.0,269010.0,2115710.0,72.79213821708883,19.109689201412664,1.0,20.0,0.0476190447807312,-0.2836742401123047,-0.24351860582828522,0.5703713893890381,0.08019886910915375,True,tiles\Mumbai\2026\Mumbai_r02_c00.tif,20.0,0.0,"POLYGON ((72.804451 19.098275, 72.804146 19.121394, 72.779823 19.121102, 72.780132 19.097984, 72.804451 19.098275))"
Mumbai_r02_c01,Mumbai,2026,2,1,2026-01-01,2026-03-31,32643,269010.0,2113150.0,271570.0,2115710.0,72.81645932977197,19.109979396684157,1.0,20.20233154296875,0.03798419237136841,-0.13496768474578857,-0.1922127604484558,0.34174835681915283,0.08467690646648407,True,tiles\Mumbai\2026\Mumbai_r02_c01.tif,20.0,0.0,"POLYGON ((72.828771 19.098564, 72.828469 19.121683, 72.804146 19.121394, 72.804451 19.098275, 72.828771 19.098564))"
Mumbai_r02_c02,Mumbai,2026,2,2,2026-01-01,2026-03-31,32643,271570.0,2113150.0,274130.0,2115710.0,72.84078088040513,19.110266383207712,1.0,20.943679809570312,0.002681910991668701,0.26374292373657227,-0.028121793642640114,-0.27224695682525635,0.09828531742095947,True,tiles\Mumbai\2026\Mumbai_r02_c02.tif,20.0,0.0,"POLYGON ((72.853091 19.098849, 72.852792 19.121969, 72.828469 19.121683, 72.828771 19.098564, 72.853091 19.098849))"
Mumbai_r02_c03,Mumbai,2026,2,3,2026-01-01,2026-03-31,32643,274130.0,2113150.0,276690.0,2115710.0,72.86510286412216,19.110550160735922,1.0,21.0,0.0,0.25884339213371277,-0.0070109800435602665,-0.29623502492904663,0.09840919077396393,True,tiles\Mumbai\2026\Mumbai_r02_c03.tif,20.0,0.0,"POLYGON ((72.877412 19.099131, 72.877116 19.122251, 72.852792 19.121969, 72.853091 19.098849, 72.877412 19.099131))"
Mumbai_r02_c04,Mumbai,2026,2,4,2026-01-01,2026-03-31,32643,276690.0,2113150.0,279250.0,2115710.0,72.88942527605643,19.110830729024165,1.0,20.993377685546875,0.0003153681755065918,0.24195513129234314,0.011000353842973709,-0.29831206798553467,0.09732811152935028,True,tiles\Mumbai\2026\Mumbai_r02_c04.tif,20.0,0.0,"POLYGON ((72.901732 19.09941, 72.901441 19.12253, 72.877116 19.122251, 72.877412 19.099131, 72.901732 19.09941))"
Mumbai_r02_c05,Mumbai,2026,2,5,2026-01-01,2026-03-31,32643,279250.0,2113150.0,281810.0,2115710.0,72.91374811134075,19.111108087830537,1.0,20.99127197265625,0.00041562318801879883,0.29202812910079956,-0.00017231423407793045,-0.33924585580825806,0.08738279342651367,True,tiles\Mumbai\2026\Mumbai_r02_c05.tif,20.0,0.0,"POLYGON ((72.926054 19.099685, 72.925765 19.122806, 72.901441 19.12253, 72.901732 19.09941, 72.926054 19.099685))"
Mumbai_r02_c06,Mumbai,2026,2,6,2026-01-01,2026-03-31,32643,281810.0,2113150.0,284370.0,2115710.0,72.93807136510755,19.111382236915926,1.0,20.957427978515625,0.0020272135734558105,0.3777009844779968,-0.09742927551269531,-0.3069213628768921,0.07026154547929764,True,tiles\Mumbai\2026\Mumbai_r02_c06.tif,20.0,0.0,"POLYGON ((72.950376 19.099958, 72.950091 19.123079, 72.925765 19.122806, 72.926054 19.099685, 72.950376 19.099958))"
Mumbai_r02_c07,Mumbai,2026,2,7,2026-01-01,2026-03-31,32643,284370.0,2113150.0,286930.0,2115710.0,72.96239503248873,19.11165317604396,1.0,20.97967529296875,0.000967860221862793,0.2527611255645752,-0.28579360246658325,0.057340964674949646,0.054264411330223083,True,tiles\Mumbai\2026\Mumbai_r02_c07.tif,20.0,0.0,"POLYGON ((72.974698 19.100227, 72.974416 19.123348, 72.950091 19.123079, 72.950376 19.099958, 72.974698 19.100227))"
Mumbai_r03_c00,Mumbai,2026,3,0,2026-01-01,2026-03-31,32643,266450.0,2110590.0,269010.0,2113150.0,72.79244496603893,19.086570236780666,1.0,20.016448974609375,0.04683578014373779,-0.27813488245010376,-0.23386284708976746,0.5659136772155762,0.07988902926445007,True,tiles\Mumbai\2026\Mumbai_r03_c00.tif,20.0,0.0,"POLYGON ((72.804756 19.075156, 72.804451 19.098275, 72.780132 19.097984, 72.78044 19.074865, 72.804756 19.075156))"
Mumbai_r03_c01,Mumbai,2026,3,1,2026-01-01,2026-03-31,32643,269010.0,2110590.0,271570.0,2113150.0,72.8167627062529,19.08686005453996,1.0,20.101516723632812,0.042784929275512695,-0.19313541054725647,-0.18460339307785034,0.3895909786224365,0.08781161904335022,True,tiles\Mumbai\2026\Mumbai_r03_c01.tif,20.0,0.0,"POLYGON ((72.829072 19.075444, 72.828771 19.098564, 72.804451 19.098275, 72.804756 19.075156, 72.829072 19.075444))"
Mumbai_r03_c02,Mumbai,2026,3,2,2026-01-01,2026-03-31,32643,271570.0,2110590.0,274130.0,2113150.0,72.84108088413753,19.08714666772428,1.0,20.924545288085938,0.0035930871963500977,0.2424512505531311,0.003278010059148073,-0.28831788897514343,0.09958992898464203,True,tiles\Mumbai\2026\Mumbai_r03_c02.tif,20.0,0.0,"POLYGON ((72.853389 19.075729, 72.853091 19.098849, 72.828771 19.098564, 72.829072 19.075444, 72.853389 19.075729))"
Mumbai_r03_c03,Mumbai,2026,3,3,2026-01-01,2026-03-31,32643,274130.0,2110590.0,276690.0,2113150.0,72.86539949482983,19.0874300760866,1.0,20.9698486328125,0.0014357566833496094,0.17591163516044617,0.053294286131858826,-0.28723087906837463,0.11337244510650635,True,tiles\Mumbai\2026\Mumbai_r03_c03.tif,20.0,0.0,"POLYGON ((72.877706 19.076011, 72.877412 19.099131, 72.853091 19.098849, 72.853389 19.075729, 72.877706 19.076011))"
Mumbai_r03_c04,Mumbai,2026,3,4,2026-01-01,2026-03-31,32643,276690.0,2110590.0,279250.0,2113150.0,72.88971853346617,19.087710279382623,1.0,20.69439697265625,0.014552533626556396,0.21591848134994507,0.04432450607419014,-0.31049203872680664,0.10238208621740341,True,tiles\Mumbai\2026\Mumbai_r03_c04.tif,20.0,0.0,"POLYGON ((72.902024 19.076289, 72.901732 19.09941, 72.877412 19.099131, 72.877706 19.076011, 72.902024 19.076289))"
Mumbai_r03_c05,Mumbai,2026,3,5,2026-01-01,2026-03-31,32643,279250.0,2110590.0,281810.0,2113150.0,72.91403799518254,19.087987277370846,1.0,20.749984741210938,0.011905491352081299,0.31290557980537415,-0.03497469797730446,-0.31579020619392395,0.08567916601896286,True,tiles\Mumbai\2026\Mumbai_r03_c05.tif,20.0,0.0,"POLYGON ((72.926342 19.076564, 72.926054 19.099685, 72.901732 19.09941, 72.902024 19.076289, 72.926342 19.076564))"
Mumbai_r03_c06,Mumbai,2026,3,6,2026-01-01,2026-03-31,32643,281810.0,2110590.0,284370.0,2113150.0,72.93835787511442,19.088261069812475,1.0,20.90948486328125,0.004310250282287598,0.49096816778182983,-0.20038855075836182,-0.30332621932029724,0.05656208097934723,True,tiles\Mumbai\2026\Mumbai_r03_c06.tif,20.0,0.0,"POLYGON ((72.95066 19.076836, 72.950376 19.099958, 72.926054 19.099685, 72.926342 19.076564, 72.95066 19.076836))"
Mumbai_r03_c07,Mumbai,2026,3,7,2026-01-01,2026-03-31,32643,284370.0,2110590.0,286930.0,2113150.0,72.96267816839678,19.088531656471492,1.0,20.9359130859375,0.0030517578125,0.10114339739084244,-0.3356117606163025,0.2698479890823364,0.05899494141340256,True,tiles\Mumbai\2026\Mumbai_r03_c07.tif,20.0,0.0,"POLYGON ((72.974979 19.077105, 72.974698 19.100227, 72.950376 19.099958, 72.95066 19.076836, 72.974979 19.077105))"
Mumbai_r04_c00,Mumbai,2026,4,0,2026-01-01,2026-03-31,32643,266450.0,2108030.0,269010.0,2110590.0,72.79275127245563,19.063451209471282,1.0,19.218399047851562,0.0848381519317627,-0.27125561237335205,-0.24967575073242188,0.5736852884292603,0.07915390282869339,True,tiles\Mumbai\2026\Mumbai_r04_c00.tif,20.0,0.0,"POLYGON ((72.805061 19.052037, 72.804756 19.075156, 72.78044 19.074865, 72.780748 19.051746, 72.805061 19.052037))"
Mumbai_r04_c01,Mumbai,2026,4,1,2026-01-01,2026-03-31,32643,269010.0,2108030.0,271570.0,2110590.0,72.817065645063,19.0637406498195,1.0,20.15802001953125,0.04009425640106201,-0.07075381278991699,-0.16917063295841217,0.24567127227783203,0.0849514976143837,True,tiles\Mumbai\2026\Mumbai_r04_c01.tif,20.0,0.0,"POLYGON ((72.829373 19.052324, 72.829072 19.075444, 72.804756 19.075156, 72.805061 19.052037, 72.829373 19.052324))"
Mumbai_r04_c02,Mumbai,2026,4,2,2026-01-01,2026-03-31,32643,271570.0,2108030.0,274130.0,2110590.0,72.84138045506221,19.064026889764612,1.0,20.775421142578125,0.01069420576095581,0.22039169073104858,-0.0037625166587531567,-0.25423240661621094,0.09886833280324936,True,tiles\Mumbai\2026\Mumbai_r04_c02.tif,20.0,0.0,"POLYGON ((72.853687 19.052609, 72.853389 19.075729, 72.829072 19.075444, 72.829373 19.052324, 72.853687 19.052609))"
Mumbai_r04_c03,Mumbai,2026,4,3,2026-01-01,2026-03-31,32643,274130.0,2108030.0,276690.0,2110590.0,72.86569569759328,19.064309929059934,1.0,20.354995727539062,0.03071451187133789,0.22972925007343292,-0.025295305997133255,-0.2396193891763687,0.0924449935555458,True,tiles\Mumbai\2026\Mumbai_r04_c03.tif,20.0,0.0,"POLYGON ((72.878001 19.05289, 72.877706 19.076011, 72.853389 19.075729, 72.853687 19.052609, 72.878001 19.05289))"
Mumbai_r04_c04,Mumbai,2026,4,4,2026-01-01,2026-03-31,32643,276690.0,2108030.0,279250.0,2110590.0,72.89001136779578,19.06458976746155,1.0,20.643692016601562,0.016967058181762695,0.24090969562530518,-0.002766776829957962,-0.28477099537849426,0.094151571393013,True,tiles\Mumbai\2026\Mumbai_r04_c04.tif,20.0,0.0,"POLYGON ((72.902315 19.053168, 72.902024 19.076289, 72.877706 19.076011, 72.878001 19.05289, 72.902315 19.053168))"
Mumbai_r04_c05,Mumbai,2026,4,5,2026-01-01,2026-03-31,32643,279250.0,2108030.0,281810.0,2110590.0,72.9143274608087,19.064866404728285,1.0,20.976181030273438,0.0011342167854309082,0.22417734563350677,0.014260314404964447,-0.2900503873825073,0.09700223058462143,True,tiles\Mumbai\2026\Mumbai_r04_c05.tif,20.0,0.0,"POLYGON ((72.926629 19.053443, 72.926342 19.076564, 72.902024 19.076289, 72.902315 19.053168, 72.926629 19.053443))"
Mumbai_r04_c06,Mumbai,2026,4,6,2026-01-01,2026-03-31,32643,281810.0,2108030.0,284370.0,2110590.0,72.93864397177063,19.065139840621715,1.0,20.789169311523438,0.010039567947387695,0.3392181098461151,-0.10643859207630157,-0.2625950574874878,0.07642568647861481,True,tiles\Mumbai\2026\Mumbai_r04_c06.tif,20.0,0.0,"POLYGON ((72.950944 19.053715, 72.95066 19.076836, 72.926342 19.076564, 72.926629 19.053443, 72.950944 19.053715))"
Mumbai_r04_c07,Mumbai,2026,4,7,2026-01-01,2026-03-31,32643,284370.0,2108030.0,286930.0,2110590.0,72.96296089581968,19.06541007490617,1.0,20.965652465820312,0.0016356110572814941,0.07064592093229294,-0.3010554611682892,0.23855076730251312,0.06556568294763565,True,tiles\Mumbai\2026\Mumbai_r04_c07.tif,20.0,0.0,"POLYGON ((72.97526 19.053983, 72.974979 19.077105, 72.95066 19.076836, 72.950944 19.053715, 72.97526 19.053983))"
Mumbai_r05_c00,Mumbai,2026,5,0,2026-01-01,2026-03-31,32643,266450.0,2105470.0,269010.0,2108030.0,72.79305713662089,19.040332119551277,1.0,19.804672241210938,0.05692034959793091,-0.24894094467163086,-0.2657281756401062,0.5778626203536987,0.07405406981706619,True,tiles\Mumbai\2026\Mumbai_r05_c00.tif,20.0,0.0,"POLYGON ((72.805364 19.028918, 72.805061 19.052037, 72.780748 19.051746, 72.781055 19.028627, 72.805364 19.028918))"
Mumbai_r05_c01,Mumbai,2026,5,1,2026-01-01,2026-03-31,32643,269010.0,2105470.0,271570.0,2108030.0,72.81736814648116,19.040621182589405,1.0,19.7069091796875,0.06157577037811279,-0.16643661260604858,-0.22486545145511627,0.41567981243133545,0.0778103619813919,True,tiles\Mumbai\2026\Mumbai_r05_c01.tif,20.0,0.0,"POLYGON ((72.829674 19.029205, 72.829373 19.052324, 72.805061 19.052037, 72.805364 19.028918, 72.829674 19.029205))"
Mumbai_r05_c02,Mumbai,2026,5,2,2026-01-01,2026-03-31,32643,271570.0,2105470.0,274130.0,2108030.0,72.8416795934549,19.04090704939516,1.0,20.262283325195312,0.0351293683052063,0.11772218346595764,-0.08955128490924835,-0.0412374883890152,0.08229505270719528,True,tiles\Mumbai\2026\Mumbai_r05_c02.tif,20.0,0.0,"POLYGON ((72.853984 19.029489, 72.853687 19.052609, 72.829373 19.052324, 72.829674 19.029205, 72.853984 19.029489))"
Mumbai_r05_c03,Mumbai,2026,5,3,2026-01-01,2026-03-31,32643,274130.0,2105470.0,276690.0,2108030.0,72.86599147268527,19.04118971972223,1.0,20.520614624023438,0.022827863693237305,0.22606703639030457,0.006236562039703131,-0.27741214632987976,0.09486853331327438,True,tiles\Mumbai\2026\Mumbai_r05_c03.tif,20.0,0.0,"POLYGON ((72.878294 19.02977, 72.878001 19.05289, 72.853687 19.052609, 72.853984 19.029489, 72.878294 19.02977))"
Mumbai_r05_c04,Mumbai,2026,5,4,2026-01-01,2026-03-31,32643,276690.0,2105470.0,279250.0,2108030.0,72.89030377931482,19.041469193327067,1.0,20.554718017578125,0.02120387554168701,0.3062008023262024,-0.04253031313419342,-0.29774588346481323,0.0886511579155922,True,tiles\Mumbai\2026\Mumbai_r05_c04.tif,20.0,0.0,"POLYGON ((72.902605 19.030047, 72.902315 19.053168, 72.878001 19.05289, 72.878294 19.02977, 72.902605 19.030047))"
Mumbai_r05_c05,Mumbai,2026,5,5,2026-01-01,2026-03-31,32643,279250.0,2105470.0,281810.0,2108030.0,72.91461650848574,19.04174546996885,1.0,20.833541870117188,0.007926583290100098,0.36541950702667236,-0.05211523920297623,-0.3506154417991638,0.08037431538105011,True,tiles\Mumbai\2026\Mumbai_r05_c05.tif,20.0,0.0,"POLYGON ((72.926917 19.030322, 72.926629 19.053443, 72.902315 19.053168, 72.902605 19.030047, 72.926917 19.030322))"
Mumbai_r05_c06,Mumbai,2026,5,6,2026-01-01,2026-03-31,32643,281810.0,2105470.0,284370.0,2108030.0,72.93892965533965,19.04201854940948,1.0,20.810287475585938,0.009033918380737305,0.35033440589904785,-0.04794318974018097,-0.3362637460231781,0.0818585529923439,True,tiles\Mumbai\2026\Mumbai_r05_c06.tif,20.0,0.0,"POLYGON ((72.951228 19.030593, 72.950944 19.053715, 72.926629 19.053443, 72.926917 19.030322, 72.951228 19.030593))"
Mumbai_r05_c07,Mumbai,2026,5,7,2026-01-01,2026-03-31,32643,284370.0,2105470.0,286930.0,2108030.0,72.96324321501773,19.042288431413677,1.0,20.883926391601562,0.005527317523956299,0.09172610193490982,-0.2914542257785797,0.2094937562942505,0.06884878873825073,True,tiles\Mumbai\2026\Mumbai_r05_c07.tif,20.0,0.0,"POLYGON ((72.97554 19.030861, 72.97526 19.053983, 72.950944 19.053715, 72.951228 19.030593, 72.97554 19.030861))"
Mumbai_r06_c00,Mumbai,2026,6,0,2026-01-01,2026-03-31,32643,266450.0,2102910.0,269010.0,2105470.0,72.79336255881613,19.01721296708748,1.0,19.818328857421875,0.056270062923431396,-0.24583466351032257,-0.25775083899497986,0.5757558345794678,0.07280591875314713,True,tiles\Mumbai\2026\Mumbai_r06_c00.tif,20.0,0.0,"POLYGON ((72.805668 19.005798, 72.805364 19.028918, 72.781055 19.028627, 72.781362 19.005508, 72.805668 19.005798))"
Mumbai_r06_c01,Mumbai,2026,6,1,2026-01-01,2026-03-31,32643,269010.0,2102910.0,271570.0,2105470.0,72.8176702107857,19.017501652916312,1.0,19.647079467773438,0.06442481279373169,-0.06321462988853455,-0.149068683385849,0.2167367786169052,0.07916907966136932,True,tiles\Mumbai\2026\Mumbai_r06_c01.tif,20.0,0.0,"POLYGON ((72.829974 19.006085, 72.829674 19.029205, 72.805364 19.028918, 72.805668 19.005798, 72.829974 19.006085))"
Mumbai_r06_c02,Mumbai,2026,6,2,2026-01-01,2026-03-31,32643,271570.0,2102910.0,274130.0,2105470.0,72.84197829959089,19.01778714668241,1.0,19.831466674804688,0.055644452571868896,0.22526639699935913,-0.015091052278876305,-0.24430528283119202,0.09097089618444443,True,tiles\Mumbai\2026\Mumbai_r06_c02.tif,20.0,0.0,"POLYGON ((72.854281 19.006369, 72.853984 19.029489, 72.829674 19.029205, 72.829974 19.006085, 72.854281 19.006369))"
Mumbai_r06_c03,Mumbai,2026,6,3,2026-01-01,2026-03-31,32643,274130.0,2102910.0,276690.0,2105470.0,72.86628682037791,19.018069448139833,1.0,19.928268432617188,0.05103480815887451,0.29576826095581055,-0.0496479868888855,-0.2789630889892578,0.08632862567901611,True,tiles\Mumbai\2026\Mumbai_r06_c03.tif,20.0,0.0,"POLYGON ((72.878588 19.006649, 72.878294 19.02977, 72.853984 19.029489, 72.854281 19.006369, 72.878588 19.006649))"
Mumbai_r06_c04,Mumbai,2026,6,4,2026-01-01,2026-03-31,32643,276690.0,2102910.0,279250.0,2105470.0,72.89059576829243,19.018348557045357,1.0,19.491806030273438,0.0718187689781189,0.29412734508514404,-0.04878763109445572,-0.28408074378967285,0.08542802184820175,True,tiles\Mumbai\2026\Mumbai_r06_c04.tif,20.0,0.0,"POLYGON ((72.902895 19.006927, 72.902605 19.030047, 72.878294 19.02977, 72.878588 19.006649, 72.902895 19.006927))"
Mumbai_r06_c05,Mumbai,2026,6,5,2026-01-01,2026-03-31,32643,279250.0,2102910.0,281810.0,2105470.0,72.91490513847968,19.01862447315855,1.0,20.190475463867188,0.03854876756668091,0.39138567447662354,-0.045367151498794556,-0.3891378343105316,0.07808249443769455,True,tiles\Mumbai\2026\Mumbai_r06_c05.tif,20.0,0.0,"POLYGON ((72.927203 19.007201, 72.926917 19.030322, 72.902605 19.030047, 72.902895 19.006927, 72.927203 19.007201))"
Mumbai_r06_c06,Mumbai,2026,6,6,2026-01-01,2026-03-31,32643,281810.0,2102910.0,284370.0,2105470.0,72.93921492608435,19.018897196241664,1.0,20.697860717773438,0.01438760757446289,0.3452516794204712,-0.28230854868888855,-0.07002553343772888,0.06415800750255585,True,tiles\Mumbai\2026\Mumbai_r06_c06.tif,20.0,0.0,"POLYGON ((72.951512 19.007472, 72.951228 19.030593, 72.926917 19.030322, 72.927203 19.007201, 72.951512 19.007472))"
Mumbai_r06_c07,Mumbai,2026,6,7,2026-01-01,2026-03-31,32643,284370.0,2102910.0,286930.0,2105470.0,72.96352512625077,19.019166726059737,1.0,20.085983276367188,0.04352462291717529,-0.20636418461799622,-0.36802202463150024,0.5619456768035889,0.07615002989768982,True,tiles\Mumbai\2026\Mumbai_r06_c07.tif,20.0,0.0,"POLYGON ((72.97582 19.007739, 72.97554 19.030861, 72.951228 19.030593, 72.951512 19.007472, 72.97582 19.007739))"
Mumbai_r07_c00,Mumbai,2026,7,0,2026-01-01,2026-03-31,32643,266450.0,2100350.0,269010.0,2102910.0,72.79366753932229,18.99409375214672,1.0,19.170578002929688,0.0871153473854065,-0.275346577167511,-0.22770139575004578,0.5751199722290039,0.07344129681587219,True,tiles\Mumbai\2026\Mumbai_r07_c00.tif,20.0,0.0,"POLYGON ((72.805971 18.982679, 72.805668 19.005798, 72.781362 19.005508, 72.781669 18.982389, 72.805971 18.982679))"
Mumbai_r07_c01,Mumbai,2026,7,1,2026-01-01,2026-03-31,32643,269010.0,2100350.0,271570.0,2102910.0,72.81797183825448,18.994382060866904,1.0,18.769378662109375,0.1062200665473938,0.10871660709381104,-0.027414891868829727,-0.10481339693069458,0.09105543792247772,True,tiles\Mumbai\2026\Mumbai_r07_c01.tif,20.0,0.0,"POLYGON ((72.830274 18.982965, 72.829974 19.006085, 72.805668 19.005798, 72.805971 18.982679, 72.830274 18.982965))"
Mumbai_r07_c02,Mumbai,2026,7,2,2026-01-01,2026-03-31,32643,271570.0,2100350.0,274130.0,2102910.0,72.84227657374494,18.99466718169289,1.0,18.581008911132812,0.11519002914428711,0.2556260824203491,0.0071602510288357735,-0.29821234941482544,0.08941805362701416,True,tiles\Mumbai\2026\Mumbai_r07_c02.tif,20.0,0.0,"POLYGON ((72.854577 18.983249, 72.854281 19.006369, 72.829974 19.006085, 72.830274 18.982965, 72.854577 18.983249))"
Mumbai_r07_c03,Mumbai,2026,7,3,2026-01-01,2026-03-31,32643,274130.0,2100350.0,276690.0,2102910.0,72.86658174094293,18.99494911437908,1.0,19.050460815429688,0.0928351879119873,0.0008845776319503784,-0.2750387191772461,0.2700265944004059,0.08086901903152466,True,tiles\Mumbai\2026\Mumbai_r07_c03.tif,20.0,0.0,"POLYGON ((72.878881 18.983529, 72.878588 19.006649, 72.854281 19.006369, 72.854577 18.983249, 72.878881 18.983529))"
Mumbai_r07_c04,Mumbai,2026,7,4,2026-01-01,2026-03-31,32643,276690.0,2100350.0,279250.0,2102910.0,72.8908873349972,18.99522785868263,1.0,19.710800170898438,0.061390459537506104,0.005008958280086517,-0.2774209976196289,0.25357165932655334,0.08036356419324875,True,tiles\Mumbai\2026\Mumbai_r07_c04.tif,20.0,0.0,"POLYGON ((72.903185 18.983806, 72.902895 19.006927, 72.878588 19.006649, 72.878881 18.983529, 72.903185 18.983806))"
Mumbai_r07_c05,Mumbai,2026,7,5,2026-01-01,2026-03-31,32643,279250.0,2100350.0,281810.0,2102910.0,72.91519335105605,18.99550341436344,1.0,19.99835205078125,0.04769754409790039,0.01659393310546875,-0.30694055557250977,0.2617567181587219,0.07903216779232025,True,tiles\Mumbai\2026\Mumbai_r07_c05.tif,20.0,0.0,"POLYGON ((72.92749 18.984079, 72.927203 19.007201, 72.902895 19.006927, 72.903185 18.983806, 72.92749 18.984079))"
Mumbai_r07_c06,Mumbai,2026,7,6,2026-01-01,2026-03-31,32643,281810.0,2100350.0,284370.0,2102910.0,72.93949978426727,18.995775781184136,1.0,20.347244262695312,0.03108358383178711,-0.3122851848602295,-0.4107018709182739,0.6648070216178894,0.08327110856771469,True,tiles\Mumbai\2026\Mumbai_r07_c06.tif,20.0,0.0,"POLYGON ((72.951795 18.98435, 72.951512 19.007472, 72.927203 19.007201, 72.92749 18.984079, 72.951795 18.98435))"
Mumbai_r07_c07,Mumbai,2026,7,7,2026-01-01,2026-03-31,32643,284370.0,2100350.0,286930.0,2102910.0,72.9638066297782,18.99604495891009,1.0,20.387008666992188,0.0291900634765625,-0.32444655895233154,-0.39178794622421265,0.6694743037223816,0.0810232162475586,True,tiles\Mumbai\2026\Mumbai_r07_c07.tif,20.0,0.0,"POLYGON ((72.9761 18.984617, 72.97582 19.007739, 72.951512 19.007472, 72.951795 18.98435, 72.9761 18.984617))"
